origin,dest,route,month,day_of_week,is_weekend,dep_hour,crs_elapsed_time,distance,actual_elapsed_time,scheduled_elapsed_time,predicted_actual_elapsed_time,predicted_block_time_gap,prediction_error,absolute_prediction_error
DCA,CLT,DCA-CLT,12,1,0,8,98.0,331.0,96.0,98.0,91.02381771268126,-6.976182287318736,4.976182287318736,4.976182287318736
CLT,RIC,CLT-RIC,12,1,0,13,70.0,257.0,60.0,70.0,67.24101433646662,-2.7589856635333803,-7.24101433646662,7.24101433646662
RIC,CLT,RIC-CLT,12,1,0,14,86.0,257.0,74.0,86.0,77.3679701373823,-8.6320298626177,-3.3679701373823008,3.3679701373823008
CLT,RIC,CLT-RIC,12,1,0,18,71.0,257.0,57.0,71.0,69.40559209668902,-1.5944079033109801,-12.40559209668902,12.40559209668902
RIC,CLT,RIC-CLT,12,1,0,20,85.0,257.0,81.0,85.0,78.49483597573223,-6.505164024267771,2.5051640242677706,2.5051640242677706
CLT,ORF,CLT-ORF,12,1,0,18,74.0,290.0,68.0,74.0,70.17015087622065,-3.829849123779354,-2.170150876220646,2.170150876220646
ORF,CLT,ORF-CLT,12,1,0,20,91.0,290.0,90.0,91.0,82.7793647714386,-8.220635228561406,7.220635228561406,7.220635228561406
DCA,DFW,DCA-DFW,12,1,0,12,226.0,1192.0,222.0,226.0,213.58612609418674,-12.413873905813261,8.413873905813261,8.413873905813261
DFW,DCA,DFW-DCA,12,1,0,8,168.0,1192.0,148.0,168.0,164.46460063740543,-3.5353993625945748,-16.464600637405425,16.464600637405425
CHS,DCA,CHS-DCA,12,1,0,6,89.0,444.0,78.0,89.0,85.79538261256015,-3.2046173874398534,-7.795382612560147,7.795382612560147
DCA,TPA,DCA-TPA,12,1,0,8,152.0,814.0,151.0,152.0,145.05509032840484,-6.9449096715951555,5.9449096715951555,5.9449096715951555
TPA,DCA,TPA-DCA,12,1,0,12,134.0,814.0,127.0,134.0,131.07260142412397,-2.927398575876026,-4.072601424123974,4.072601424123974
DCA,PBI,DCA-PBI,12,1,0,15,166.0,857.0,154.0,166.0,157.24148968285095,-8.758510317149046,-3.241489682850954,3.241489682850954
PBI,DCA,PBI-DCA,12,1,0,18,142.0,857.0,148.0,142.0,140.06439650942625,-1.9356034905737545,7.9356034905737545,7.9356034905737545
CLT,DCA,CLT-DCA,12,1,0,18,83.0,331.0,104.0,83.0,92.2791657486246,9.279165748624607,11.720834251375393,11.720834251375393
RIC,DFW,RIC-DFW,12,1,0,6,221.0,1158.0,222.0,221.0,215.825560295293,-5.174439704706998,6.174439704706998,6.174439704706998
DCA,SRQ,DCA-SRQ,12,1,0,8,160.0,851.0,160.0,160.0,149.50579190321037,-10.494208096789635,10.494208096789635,10.494208096789635
MCO,DCA,MCO-DCA,12,1,0,6,133.0,759.0,126.0,133.0,130.15386563200846,-2.8461343679915387,-4.153865632008461,4.153865632008461
DCA,MIA,DCA-MIA,12,1,0,9,173.0,919.0,159.0,173.0,161.1139742676035,-11.88602573239649,-2.11397426760351,2.11397426760351
DCA,MCO,DCA-MCO,12,1,0,6,146.0,759.0,156.0,146.0,141.96009857892193,-4.039901421078071,14.03990142107807,14.03990142107807
MIA,DCA,MIA-DCA,12,1,0,21,153.0,919.0,146.0,153.0,148.88730436006068,-4.112695639939318,-2.887304360060682,2.887304360060682
MCO,DCA,MCO-DCA,12,1,0,20,131.0,759.0,124.0,131.0,129.06317880346174,-1.9368211965382613,-5.063178803461739,5.063178803461739
DCA,MIA,DCA-MIA,12,1,0,19,177.0,919.0,155.0,177.0,163.87478322455183,-13.125216775448166,-8.874783224551834,8.874783224551834
MIA,DCA,MIA-DCA,12,1,0,16,150.0,919.0,138.0,150.0,149.53161521401,-0.468384785989997,-11.531615214010003,11.531615214010003
DFW,RIC,DFW-RIC,12,1,0,14,164.0,1158.0,145.0,164.0,161.29288677758157,-2.7071132224184282,-16.292886777581572,16.292886777581572
RIC,DFW,RIC-DFW,12,1,0,19,212.0,1158.0,218.0,212.0,214.34561348132652,2.3456134813265237,3.6543865186734763,3.6543865186734763
RIC,MIA,RIC-MIA,12,1,0,6,150.0,826.0,151.0,150.0,144.90315425723406,-5.096845742765936,6.096845742765936,6.096845742765936
DCA,DFW,DCA-DFW,12,1,0,8,225.0,1192.0,232.0,225.0,214.32738386874874,-10.67261613125126,17.67261613125126,17.67261613125126
TPA,DCA,TPA-DCA,12,1,0,18,135.0,814.0,133.0,135.0,132.4132963047778,-2.586703695222212,0.5867036952222122,0.5867036952222122
ORF,MIA,ORF-MIA,12,1,0,6,147.0,802.0,139.0,147.0,139.760586192603,-7.239413807397,-0.7605861926030002,0.7605861926030002
MIA,DCA,MIA-DCA,12,1,0,20,149.0,919.0,158.0,149.0,147.7983843774162,-1.2016156225838017,10.201615622583802,10.201615622583802
DCA,MIA,DCA-MIA,12,1,0,5,159.0,919.0,157.0,159.0,152.18342149981964,-6.816578500180356,4.816578500180356,4.816578500180356
DCA,MIA,DCA-MIA,12,1,0,5,161.0,919.0,156.0,161.0,152.18342149981964,-8.816578500180356,3.8165785001803556,3.8165785001803556
MIA,DCA,MIA-DCA,12,1,0,18,154.0,919.0,155.0,154.0,151.39327590016612,-2.606724099833883,3.606724099833883,3.606724099833883
DCA,MIA,DCA-MIA,12,1,0,6,168.0,919.0,168.0,168.0,159.14004573258788,-8.859954267412121,8.859954267412121,8.859954267412121
ORD,DCA,ORD-DCA,12,1,0,21,114.0,612.0,188.0,114.0,107.62601179283658,-6.373988207163421,80.37398820716342,80.37398820716342
DCA,DFW,DCA-DFW,12,1,0,7,219.0,1192.0,242.0,219.0,211.92366188572518,-7.076338114274819,30.07633811427482,30.07633811427482
LAX,DCA,LAX-DCA,12,1,0,7,290.0,2311.0,268.0,290.0,282.5777332695804,-7.422266730419608,-14.577733269580392,14.577733269580392
DCA,LAX,DCA-LAX,12,1,0,16,357.0,2311.0,332.0,357.0,344.28105355462276,-12.718946445377242,-12.281053554622758,12.281053554622758
DCA,PHX,DCA-PHX,12,1,0,17,318.0,1979.0,303.0,318.0,306.91474214923323,-11.085257850766766,-3.914742149233234,3.914742149233234
PHX,DCA,PHX-DCA,12,1,0,9,251.0,1979.0,225.0,251.0,246.42801385876004,-4.571986141239961,-21.42801385876004,21.42801385876004
LAS,DCA,LAS-DCA,12,1,0,13,264.0,2089.0,269.0,264.0,254.7493609488769,-9.250639051123102,14.250639051123102,14.250639051123102
LAX,DCA,LAX-DCA,12,1,0,12,287.0,2311.0,285.0,287.0,281.5395069780498,-5.460493021950185,3.4604930219501853,3.4604930219501853
PHX,DCA,PHX-DCA,12,1,0,0,241.0,1979.0,247.0,241.0,235.79834434638042,-5.201655653619582,11.201655653619582,11.201655653619582
DCA,LAX,DCA-LAX,12,1,0,8,359.0,2311.0,349.0,359.0,347.91243206030254,-11.087567939697465,1.0875679396974647,1.0875679396974647
PHX,DCA,PHX-DCA,12,1,0,13,248.0,1979.0,242.0,248.0,243.00449368260567,-4.99550631739433,-1.0044936826056698,1.0044936826056698
DCA,LAS,DCA-LAS,12,1,0,7,329.0,2089.0,297.0,329.0,317.9760698281026,-11.023930171897405,-20.976069828102595,20.976069828102595
DCA,PHX,DCA-PHX,12,1,0,7,325.0,1979.0,335.0,325.0,313.34605117577144,-11.653948824228564,21.653948824228564,21.653948824228564
DCA,PHX,DCA-PHX,12,1,0,10,320.0,1979.0,316.0,320.0,304.22013521342086,-15.77986478657914,11.77986478657914,11.77986478657914
DFW,RIC,DFW-RIC,12,1,0,18,168.0,1158.0,141.0,168.0,162.53225356075794,-5.467746439242063,-21.532253560757937,21.532253560757937
CLT,DCA,CLT-DCA,12,1,0,9,85.0,331.0,86.0,85.0,91.72006968227785,6.7200696822778525,-5.7200696822778525,5.7200696822778525
DCA,CLT,DCA-CLT,12,1,0,19,98.0,331.0,98.0,98.0,91.39842719397741,-6.601572806022588,6.601572806022588,6.601572806022588
DCA,ORD,DCA-ORD,12,1,0,11,136.0,612.0,131.0,136.0,131.02174011174384,-4.9782598882561615,-0.021740111743838497,0.021740111743838497
ORD,DCA,ORD-DCA,12,1,0,16,112.0,612.0,157.0,112.0,112.40738384126108,0.40738384126107974,44.59261615873892,44.59261615873892
CLT,DCA,CLT-DCA,12,1,0,7,80.0,331.0,95.0,80.0,92.71367599288563,12.713675992885626,2.2863240071143736,2.2863240071143736
DCA,PBI,DCA-PBI,12,1,0,16,161.0,857.0,152.0,161.0,151.8539477370969,-9.146052262903112,0.1460522629031118,0.1460522629031118
PBI,DCA,PBI-DCA,12,1,0,20,140.0,857.0,137.0,140.0,136.67502950823962,-3.324970491760382,0.3249704917603822,0.3249704917603822
DCA,PBI,DCA-PBI,12,1,0,10,170.0,857.0,159.0,170.0,156.18987159040074,-13.810128409599258,2.8101284095992582,2.8101284095992582
PBI,DCA,PBI-DCA,12,1,0,13,143.0,857.0,155.0,143.0,138.65308315435632,-4.346916845643676,16.346916845643676,16.346916845643676
DCA,PVD,DCA-PVD,12,1,0,13,84.0,356.0,68.0,84.0,84.00780658147661,0.007806581476614838,-16.007806581476615,16.007806581476615
PVD,DCA,PVD-DCA,12,1,0,15,96.0,356.0,92.0,96.0,93.08203978951575,-2.917960210484253,-1.082039789515747,1.082039789515747
BNA,DCA,BNA-DCA,12,1,0,20,106.0,562.0,112.0,106.0,104.23916897687546,-1.7608310231245383,7.760831023124538,7.760831023124538
DCA,BNA,DCA-BNA,12,1,0,18,119.0,562.0,132.0,119.0,118.08282397695055,-0.9171760230494499,13.91717602304945,13.91717602304945
DCA,RSW,DCA-RSW,12,1,0,6,159.0,892.0,151.0,159.0,151.18070370087804,-7.819296299121959,-0.18070370087804122,0.18070370087804122
RSW,DCA,RSW-DCA,12,1,0,10,143.0,892.0,125.0,143.0,137.85028203789798,-5.149717962102017,-12.850282037897983,12.850282037897983
PWM,DCA,PWM-DCA,12,1,0,5,115.0,482.0,104.0,115.0,107.46151779202829,-7.538482207971711,-3.461517792028289,3.461517792028289
DCA,BOS,DCA-BOS,12,1,0,22,95.0,399.0,84.0,95.0,93.15967139672239,-1.8403286032776123,-9.159671396722388,9.159671396722388
DCA,RSW,DCA-RSW,12,1,0,15,173.0,892.0,186.0,173.0,162.27673505167533,-10.723264948324669,23.72326494832467,23.72326494832467
RSW,DCA,RSW-DCA,12,1,0,18,146.0,892.0,136.0,146.0,145.0001622872533,-0.9998377127467108,-9.00016228725329,9.00016228725329
DCA,VPS,DCA-VPS,12,1,0,8,160.0,789.0,140.0,160.0,149.7576580358326,-10.242341964167395,-9.757658035832605,9.757658035832605
VPS,DCA,VPS-DCA,12,1,0,10,132.0,789.0,117.0,132.0,128.44139500736202,-3.5586049926379815,-11.441395007362019,11.441395007362019
DCA,ORD,DCA-ORD,12,1,0,19,140.0,612.0,253.0,140.0,135.8382527672968,-4.161747232703192,117.16174723270319,117.16174723270319
DCA,PWM,DCA-PWM,12,1,0,15,97.0,482.0,91.0,97.0,93.75511623743675,-3.244883762563248,-2.755116237436752,2.755116237436752
PWM,DCA,PWM-DCA,12,1,0,17,114.0,482.0,110.0,114.0,108.05885066196075,-5.941149338039253,1.9411493380392528,1.9411493380392528
DCA,PWM,DCA-PWM,12,1,0,10,106.0,482.0,84.0,106.0,92.0665515309154,-13.933448469084595,-8.066551530915405,8.066551530915405
PWM,DCA,PWM-DCA,12,1,0,12,112.0,482.0,97.0,112.0,108.05995774659394,-3.9400422534060624,-11.059957746593938,11.059957746593938
JAX,DCA,JAX-DCA,12,1,0,7,112.0,634.0,127.0,112.0,112.89823803045277,0.8982380304527737,14.101761969547226,14.101761969547226
DCA,BOS,DCA-BOS,12,1,0,11,89.0,399.0,82.0,89.0,92.06297305755866,3.062973057558665,-10.062973057558665,10.062973057558665
BOS,DCA,BOS-DCA,12,1,0,9,106.0,399.0,108.0,106.0,98.42380978065273,-7.576190219347268,9.576190219347268,9.576190219347268
CLT,IAD,CLT-IAD,12,1,0,22,79.0,322.0,69.0,79.0,73.86098528501738,-5.139014714982622,-4.860985285017378,4.860985285017378
CLT,IAD,CLT-IAD,12,1,0,11,97.0,322.0,75.0,97.0,80.94742079090071,-16.052579209099292,-5.947420790900708,5.947420790900708
IAD,CLT,IAD-CLT,12,1,0,13,91.0,322.0,86.0,91.0,88.0536394025927,-2.946360597407306,-2.053639402592694,2.053639402592694
IAD,CLT,IAD-CLT,12,1,0,6,91.0,322.0,77.0,91.0,88.09579749921838,-2.904202500781622,-11.095797499218378,11.095797499218378
CLT,RIC,CLT-RIC,12,1,0,8,71.0,257.0,84.0,71.0,67.40272214552625,-3.597277854473745,16.597277854473745,16.597277854473745
RIC,CLT,RIC-CLT,12,1,0,10,84.0,257.0,72.0,84.0,76.30136135400883,-7.698638645991167,-4.301361354008833,4.301361354008833
CLT,DCA,CLT-DCA,12,1,0,20,82.0,331.0,106.0,82.0,88.90860430404261,6.908604304042612,17.091395695957388,17.091395695957388
DCA,CLT,DCA-CLT,12,1,0,6,91.0,331.0,90.0,91.0,87.13514928644834,-3.864850713551661,2.864850713551661,2.864850713551661
DCA,CHS,DCA-CHS,12,1,0,20,108.0,444.0,104.0,108.0,101.71436156967115,-6.285638430328845,2.285638430328845,2.285638430328845
BOS,DCA,BOS-DCA,12,1,0,18,110.0,399.0,99.0,110.0,104.47045265010898,-5.529547349891018,-5.470452650108982,5.470452650108982
DCA,BOS,DCA-BOS,12,1,0,15,104.0,399.0,98.0,104.0,102.12747412028708,-1.8725258797129243,-4.127474120287076,4.127474120287076
SRQ,DCA,SRQ-DCA,12,1,0,12,142.0,851.0,125.0,142.0,138.65308315435632,-3.346916845643676,-13.653083154356324,13.653083154356324
DFW,RIC,DFW-RIC,12,1,0,10,173.0,1158.0,147.0,173.0,162.86903543380362,-10.130964566196383,-15.869035433803617,15.869035433803617
RIC,DFW,RIC-DFW,12,1,0,15,212.0,1158.0,241.0,212.0,214.64074791025695,2.640747910256948,26.359252089743052,26.359252089743052
CHS,DCA,CHS-DCA,12,1,0,16,93.0,444.0,82.0,93.0,90.38320156924195,-2.6167984307580525,-8.383201569241947,8.383201569241947
BOS,DCA,BOS-DCA,12,1,0,21,107.0,399.0,105.0,107.0,100.01834510330939,-6.981654896690614,4.981654896690614,4.981654896690614
DCA,BOS,DCA-BOS,12,1,0,18,91.0,399.0,93.0,91.0,96.84515710570089,5.845157105700892,-3.845157105700892,3.845157105700892
DCA,MSY,DCA-MSY,12,1,0,6,173.0,969.0,175.0,173.0,162.49760099212313,-10.502399007876875,12.502399007876875,12.502399007876875
MSY,DCA,MSY-DCA,12,1,0,9,145.0,969.0,129.0,145.0,144.16952706091598,-0.830472939084018,-15.169527060915982,15.169527060915982
DCA,CHS,DCA-CHS,12,1,0,13,111.0,444.0,105.0,111.0,105.24931093652555,-5.750689063474454,-0.24931093652554637,0.24931093652554637
DCA,MIA,DCA-MIA,12,1,0,17,175.0,919.0,168.0,175.0,165.66904263226263,-9.33095736773737,2.330957367737369,2.330957367737369
TPA,DCA,TPA-DCA,12,1,0,14,133.0,814.0,129.0,133.0,131.1333138709388,-1.8666861290612076,-2.1333138709387924,2.1333138709387924
DCA,TPA,DCA-TPA,12,1,0,20,152.0,814.0,162.0,152.0,144.95167049724347,-7.0483295027565305,17.04832950275653,17.04832950275653
DCA,PBI,DCA-PBI,12,1,0,8,157.0,857.0,168.0,157.0,149.27997155102793,-7.720028448972073,18.720028448972073,18.720028448972073
PBI,DCA,PBI-DCA,12,1,0,11,142.0,857.0,162.0,142.0,137.71740105453057,-4.282598945469431,24.28259894546943,24.28259894546943
BOS,DCA,BOS-DCA,12,1,0,16,108.0,399.0,108.0,108.0,103.15121842372157,-4.8487815762784265,4.8487815762784265,4.8487815762784265
DCA,BOS,DCA-BOS,12,1,0,14,94.0,399.0,96.0,94.0,95.76164828240873,1.7616482824087285,0.2383517175912715,0.2383517175912715
CLT,IAD,CLT-IAD,12,1,0,18,80.0,322.0,69.0,80.0,77.44606443812745,-2.5539355618725494,-8.44606443812745,8.44606443812745
IAD,CLT,IAD-CLT,12,1,0,20,92.0,322.0,98.0,92.0,83.7289380258063,-8.2710619741937,14.2710619741937,14.2710619741937
DCA,JAX,DCA-JAX,12,1,0,19,135.0,634.0,120.0,135.0,128.84011957476295,-6.1598804252370485,-8.840119574762952,8.840119574762952
DCA,TPA,DCA-TPA,12,1,0,13,156.0,814.0,161.0,156.0,149.28028347173694,-6.7197165282630635,11.719716528263064,11.719716528263064
TPA,DCA,TPA-DCA,12,1,0,16,135.0,814.0,139.0,135.0,132.1614470518785,-2.838552948121503,6.838552948121503,6.838552948121503
BOS,DCA,BOS-DCA,12,1,0,6,109.0,399.0,98.0,109.0,102.10710811995517,-6.892891880044829,-4.107108119955171,4.107108119955171
BOS,DCA,BOS-DCA,12,1,0,10,103.0,399.0,89.0,103.0,98.42380978065273,-4.576190219347268,-9.423809780652732,9.423809780652732
DCA,BOS,DCA-BOS,12,1,0,8,100.0,399.0,91.0,100.0,98.9220844044218,-1.0779155955782045,-7.9220844044217955,7.9220844044217955
IAD,DFW,IAD-DFW,12,1,0,6,218.0,1172.0,220.0,218.0,207.77653738088202,-10.223462619117981,12.223462619117981,12.223462619117981
DCA,FLL,DCA-FLL,12,1,0,15,167.0,899.0,154.0,167.0,157.80327196968358,-9.196728030316422,-3.8032719696835784,3.8032719696835784
FLL,DCA,FLL-DCA,12,1,0,18,148.0,899.0,152.0,148.0,147.5978436966708,-0.4021563033292068,4.402156303329207,4.402156303329207
ORD,DCA,ORD-DCA,12,1,0,11,107.0,612.0,107.0,107.0,110.1733770968776,3.1733770968776014,-3.1733770968776014,3.1733770968776014
MIA,DCA,MIA-DCA,12,1,0,17,151.0,919.0,150.0,151.0,149.7834644669093,-1.2165355330907062,0.21653553309070617,0.21653553309070617
DCA,CLT,DCA-CLT,12,1,0,17,101.0,331.0,97.0,101.0,94.20894187717897,-6.791058122821028,2.7910581228210276,2.7910581228210276
BOS,DCA,BOS-DCA,12,1,0,7,125.0,399.0,94.0,125.0,111.03038153592367,-13.969618464076333,-17.030381535923667,17.030381535923667
DCA,FLL,DCA-FLL,12,1,0,10,169.0,899.0,155.0,169.0,155.09749518138364,-13.902504818616364,-0.09749518138363555,0.09749518138363555
FLL,DCA,FLL-DCA,12,1,0,13,147.0,899.0,144.0,147.0,143.58884893218337,-3.4111510678166326,0.4111510678166326,0.4111510678166326
TPA,DCA,TPA-DCA,12,1,0,6,135.0,814.0,120.0,135.0,130.65526609421863,-4.344733905781368,-10.655266094218632,10.655266094218632
DCA,BOS,DCA-BOS,12,1,0,17,98.0,399.0,86.0,98.0,100.06610788991684,2.066107889916836,-14.066107889916836,14.066107889916836
DCA,RSW,DCA-RSW,12,1,0,9,173.0,892.0,161.0,173.0,160.01501308166084,-12.98498691833916,0.9849869183391604,0.9849869183391604
RSW,DCA,RSW-DCA,12,1,0,13,145.0,892.0,135.0,145.0,143.58884893218337,-1.4111510678166326,-8.588848932183367,8.588848932183367
DCA,ORD,DCA-ORD,12,1,0,9,133.0,612.0,128.0,133.0,127.15253928526587,-5.847460714734126,0.847460714734126,0.847460714734126
ORD,DCA,ORD-DCA,12,1,0,6,113.0,612.0,138.0,113.0,113.89164088008359,0.8916408800835853,24.108359119916415,24.108359119916415
CLT,DCA,CLT-DCA,12,1,0,22,81.0,331.0,92.0,81.0,79.23736604564985,-1.7626339543501501,12.76263395435015,12.76263395435015
DCA,JAX,DCA-JAX,12,1,0,15,136.0,634.0,124.0,136.0,132.5960468665342,-3.403953133465791,-8.59604686653421,8.59604686653421
JAX,DCA,JAX-DCA,12,1,0,18,114.0,634.0,119.0,114.0,113.93327613469985,-0.06672386530014762,5.066723865300148,5.066723865300148
DCA,PWM,DCA-PWM,12,1,0,22,94.0,482.0,87.0,94.0,88.70585406444995,-5.294145935550048,-1.7058540644499516,1.7058540644499516
DCA,MIA,DCA-MIA,12,1,0,8,168.0,919.0,170.0,168.0,159.48674298383634,-8.513257016163664,10.513257016163664,10.513257016163664
MIA,RIC,MIA-RIC,12,1,0,21,142.0,826.0,131.0,142.0,137.12401044752494,-4.875989552475062,-6.124010447524938,6.124010447524938
CLT,RIC,CLT-RIC,12,1,0,7,70.0,257.0,58.0,70.0,67.25078607435552,-2.749213925644483,-9.250786074355517,9.250786074355517
RIC,CLT,RIC-CLT,12,1,0,9,85.0,257.0,69.0,85.0,76.30136135400883,-8.698638645991167,-7.301361354008833,7.301361354008833
DCA,BOS,DCA-BOS,12,1,0,20,97.0,399.0,91.0,97.0,96.30149334701187,-0.6985066529881294,-5.301493347011871,5.301493347011871
DFW,DCA,DFW-DCA,12,1,0,16,165.0,1192.0,145.0,165.0,165.73420358450775,0.7342035845077532,-20.734203584507753,20.734203584507753
ORF,DFW,ORF-DFW,12,1,0,6,228.0,1212.0,225.0,228.0,219.18205343076346,-8.81794656923654,5.81794656923654,5.81794656923654
CLT,ORF,CLT-ORF,12,1,0,13,74.0,290.0,63.0,74.0,67.97981676478119,-6.020183235218809,-4.979816764781191,4.979816764781191
ORF,CLT,ORF-CLT,12,1,0,15,92.0,290.0,91.0,92.0,83.42572019140653,-8.574279808593474,7.574279808593474,7.574279808593474
DCA,TPA,DCA-TPA,12,1,0,10,163.0,814.0,159.0,163.0,149.90609395475542,-13.09390604524458,9.09390604524458,9.09390604524458
MIA,DCA,MIA-DCA,12,1,0,6,150.0,919.0,145.0,150.0,147.87081530162646,-2.1291846983735354,-2.8708153016264646,2.8708153016264646
DCA,DFW,DCA-DFW,12,1,0,17,225.0,1192.0,253.0,225.0,214.8967155762922,-10.103284423707805,38.103284423707805,38.103284423707805
ORD,DCA,ORD-DCA,12,1,0,13,120.0,612.0,118.0,120.0,119.78740077949863,-0.21259922050137448,-1.7874007794986255,1.7874007794986255
DCA,MCO,DCA-MCO,12,1,0,17,159.0,759.0,160.0,159.0,151.80318107580976,-7.196818924190239,8.19681892419024,8.19681892419024
DFW,DCA,DFW-DCA,12,1,0,12,173.0,1192.0,147.0,173.0,168.0544867000503,-4.94551329994971,-21.05448670005029,21.05448670005029
CLT,RIC,CLT-RIC,12,1,0,22,84.0,257.0,67.0,84.0,75.35014904171993,-8.64985095828007,-8.35014904171993,8.35014904171993
CLT,ORF,CLT-ORF,12,1,0,11,73.0,290.0,59.0,73.0,66.91717202000528,-6.082827979994718,-7.917172020005282,7.917172020005282
ORF,CLT,ORF-CLT,12,1,0,13,92.0,290.0,74.0,92.0,81.8479162704598,-10.152083729540195,-7.847916270459805,7.847916270459805
DFW,ORF,DFW-ORF,12,1,0,18,173.0,1212.0,168.0,173.0,168.57470754674102,-4.425292453258976,-0.5747075467410241,0.5747075467410241
MCO,DCA,MCO-DCA,12,1,0,19,131.0,759.0,128.0,131.0,130.29632756659788,-0.7036724334021187,-2.2963275665978813,2.2963275665978813
DCA,CLT,DCA-CLT,12,1,0,5,90.0,331.0,77.0,90.0,81.3570738053912,-8.642926194608805,-4.357073805391195,4.357073805391195
CLT,DCA,CLT-DCA,12,1,0,16,84.0,331.0,87.0,84.0,92.32736745437681,8.327367454376812,-5.327367454376812,5.327367454376812
MIA,DCA,MIA-DCA,12,1,0,10,161.0,919.0,143.0,161.0,151.8543052801944,-9.14569471980559,-8.85430528019441,8.85430528019441
DCA,CLT,DCA-CLT,12,1,0,13,94.0,331.0,85.0,94.0,87.50173882485674,-6.498261175143256,-2.5017388248567443,2.5017388248567443
DCA,DFW,DCA-DFW,12,1,0,18,218.0,1192.0,235.0,218.0,212.5260305634236,-5.473969436576397,22.473969436576397,22.473969436576397
MCO,DCA,MCO-DCA,12,1,0,15,133.0,759.0,116.0,133.0,131.19656625296616,-1.8034337470338357,-15.196566252966164,15.196566252966164
DCA,TPA,DCA-TPA,12,1,0,18,150.0,814.0,159.0,150.0,146.73180294220933,-3.2681970577906725,12.268197057790672,12.268197057790672
DCA,MCO,DCA-MCO,12,1,0,8,148.0,759.0,157.0,148.0,144.7097160595102,-3.290283940489786,12.290283940489786,12.290283940489786
MCO,DCA,MCO-DCA,12,1,0,11,131.0,759.0,113.0,131.0,129.0304146046502,-1.9695853953498101,-16.03041460465019,16.03041460465019
DCA,DFW,DCA-DFW,12,1,0,14,236.0,1192.0,243.0,236.0,217.25497534132697,-18.74502465867303,25.74502465867303,25.74502465867303
BOS,DCA,BOS-DCA,12,1,0,8,111.0,399.0,122.0,111.0,105.56895436364654,-5.43104563635346,16.43104563635346,16.43104563635346
DCA,DFW,DCA-DFW,12,1,0,10,224.0,1192.0,218.0,224.0,212.5235043079961,-11.476495692003908,5.476495692003908,5.476495692003908
CLT,ORF,CLT-ORF,12,1,0,22,85.0,290.0,54.0,85.0,72.50572859268735,-12.494271407312652,-18.505728592687348,18.505728592687348
MIA,DCA,MIA-DCA,12,1,0,8,152.0,919.0,158.0,152.0,148.02275137279725,-3.977248627202755,9.977248627202755,9.977248627202755
DCA,MCO,DCA-MCO,12,1,0,11,149.0,759.0,156.0,149.0,144.03943321841902,-4.9605667815809795,11.96056678158098,11.96056678158098
CLT,RIC,CLT-RIC,12,1,0,16,75.0,257.0,78.0,75.0,69.90151152345088,-5.098488476549122,8.098488476549122,8.098488476549122
RIC,CLT,RIC-CLT,12,1,0,18,89.0,257.0,72.0,89.0,79.39304064859954,-9.606959351400462,-7.393040648599538,7.393040648599538
DFW,DCA,DFW-DCA,12,1,0,17,166.0,1192.0,145.0,166.0,165.98605283740704,-0.01394716259295592,-20.986052837407044,20.986052837407044
DCA,MIA,DCA-MIA,12,1,0,11,162.0,919.0,164.0,162.0,155.40362044391227,-6.596379556087726,8.596379556087726,8.596379556087726
DFW,DCA,DFW-DCA,12,1,0,7,170.0,1192.0,158.0,170.0,166.63458598759607,-3.3654140124039316,-8.634585987596068,8.634585987596068
DCA,DFW,DCA-DFW,12,1,0,6,223.0,1192.0,225.0,223.0,214.17544779757796,-8.82455220242204,10.82455220242204,10.82455220242204
DFW,DCA,DFW-DCA,12,1,0,5,166.0,1192.0,156.0,166.0,164.02261314469226,-1.977386855307742,-8.022613144692258,8.022613144692258
DCA,CLT,DCA-CLT,12,1,0,10,103.0,331.0,91.0,103.0,91.91560911253968,-11.084390887460316,-0.9156091125396841,0.9156091125396841
CLT,RIC,CLT-RIC,12,1,0,11,78.0,257.0,82.0,78.0,68.04343997940636,-9.956560020593642,13.956560020593642,13.956560020593642
RIC,CLT,RIC-CLT,12,1,0,14,87.0,257.0,79.0,87.0,77.3679701373823,-9.6320298626177,1.6320298626176992,1.6320298626176992
DFW,ORF,DFW-ORF,12,1,0,14,167.0,1212.0,143.0,167.0,163.05585919379212,-3.9441408062078835,-20.055859193792116,20.055859193792116
ORF,DFW,ORF-DFW,12,1,0,19,220.0,1212.0,234.0,220.0,213.7231339205841,-6.276866079415896,20.276866079415896,20.276866079415896
MIA,DCA,MIA-DCA,12,1,0,11,153.0,919.0,136.0,153.0,148.63830291633855,-4.361697083661454,-12.638302916338546,12.638302916338546
DCA,MCO,DCA-MCO,12,1,0,15,155.0,759.0,183.0,155.0,148.03813453659475,-6.961865463405246,34.961865463405246,34.961865463405246
DFW,RIC,DFW-RIC,12,1,0,7,170.0,1158.0,154.0,170.0,163.1142462620906,-6.885753737909397,-9.114246262090603,9.114246262090603
RIC,DFW,RIC-DFW,12,1,0,11,212.0,1158.0,250.0,212.0,212.80913464222348,0.8091346422234835,37.19086535777652,37.19086535777652
DFW,IAD,DFW-IAD,12,1,0,12,172.0,1172.0,150.0,172.0,166.83941689666784,-5.160583103332158,-16.839416896667842,16.839416896667842
IAD,DFW,IAD-DFW,12,1,0,17,216.0,1172.0,222.0,216.0,209.19546527829792,-6.804534721702083,12.804534721702083,12.804534721702083
DFW,IAD,DFW-IAD,12,1,0,18,171.0,1172.0,152.0,171.0,167.0828976769325,-3.917102323067496,-15.082897676932504,15.082897676932504
DCA,ORD,DCA-ORD,12,1,0,6,141.0,612.0,122.0,141.0,134.51190312313918,-6.488096876860823,-12.511903123139177,12.511903123139177
DCA,ORD,DCA-ORD,12,1,0,15,148.0,612.0,150.0,148.0,143.4212375622827,-4.578762437717302,6.578762437717302,6.578762437717302
CLT,DCA,CLT-DCA,12,1,0,13,83.0,331.0,83.0,83.0,92.69715050410682,9.697150504106816,-9.697150504106816,9.697150504106816
ORF,CLT,ORF-CLT,12,1,0,5,85.0,290.0,67.0,85.0,78.31893477118156,-6.68106522881844,-11.31893477118156,11.31893477118156
MIA,ORF,MIA-ORF,12,1,0,21,142.0,802.0,146.0,142.0,133.1933073563507,-8.806692643649313,12.806692643649313,12.806692643649313
DCA,MIA,DCA-MIA,12,1,0,18,172.0,919.0,164.0,172.0,163.99389124231158,-8.006108757688423,0.0061087576884233385,0.0061087576884233385
MIA,DCA,MIA-DCA,12,1,0,14,148.0,919.0,139.0,148.0,148.22791591412695,0.2279159141269531,-9.227915914126953,9.227915914126953
CLT,ORF,CLT-ORF,12,1,0,7,71.0,290.0,62.0,71.0,67.28647276105173,-3.7135272389482736,-5.286472761051726,5.286472761051726
ORF,CLT,ORF-CLT,12,1,0,9,89.0,290.0,73.0,89.0,78.72449187463651,-10.275508125363487,-5.724491874636513,5.724491874636513
RIC,CLT,RIC-CLT,12,1,0,5,81.0,257.0,73.0,81.0,73.17266928419832,-7.827330715801679,-0.17266928419832084,0.17266928419832084
RIC,CLT,RIC-CLT,12,1,0,6,82.0,257.0,84.0,82.0,74.91643035558542,-7.083569644414581,9.083569644414581,9.083569644414581
DFW,DCA,DFW-DCA,12,1,0,10,169.0,1192.0,161.0,169.0,163.0284267962078,-5.97157320379219,-2.0284267962078104,2.0284267962078104
DCA,MIA,DCA-MIA,12,1,0,14,171.0,919.0,161.0,171.0,161.81614477143663,-9.183855228563374,-0.8161447714366261,0.8161447714366261
CLT,RIC,CLT-RIC,12,1,0,21,78.0,257.0,66.0,78.0,67.86071338227504,-10.139286617724963,-1.860713382275037,1.860713382275037
DCA,SAT,DCA-SAT,12,1,0,19,246.0,1380.0,256.0,246.0,228.15227794141745,-17.847722058582548,27.847722058582548,27.847722058582548
DFW,DCA,DFW-DCA,12,1,0,14,165.0,1192.0,156.0,165.0,164.61740156516717,-0.38259843483282907,-8.617401565167171,8.617401565167171
DFW,ORF,DFW-ORF,12,1,0,10,177.0,1212.0,161.0,177.0,166.47141233787966,-10.528587662120344,-5.471412337879656,5.471412337879656
ORF,DFW,ORF-DFW,12,1,0,15,223.0,1212.0,214.0,223.0,216.32632625212216,-6.673673747877842,-2.3263262521221577,2.3263262521221577
SAT,DCA,SAT-DCA,12,1,0,6,189.0,1380.0,171.0,189.0,183.0536777866432,-5.946322213356808,-12.053677786643192,12.053677786643192
DCA,DFW,DCA-DFW,12,1,0,11,217.0,1192.0,251.0,217.0,210.1305340463434,-6.869465953656601,40.8694659536566,40.8694659536566
DFW,DCA,DFW-DCA,12,1,0,19,170.0,1192.0,149.0,170.0,167.67018609280967,-2.329813907190328,-18.670186092809672,18.670186092809672
DCA,CLT,DCA-CLT,12,2,0,8,95.0,331.0,117.0,95.0,88.80049430692038,-6.199505693079615,28.199505693079615,28.199505693079615
DCA,TPA,DCA-TPA,12,2,0,8,152.0,814.0,187.0,152.0,145.05509032840484,-6.9449096715951555,41.944909671595155,41.944909671595155
TPA,DCA,TPA-DCA,12,2,0,12,134.0,814.0,113.0,134.0,131.07260142412397,-2.927398575876026,-18.072601424123974,18.072601424123974
DCA,PBI,DCA-PBI,12,2,0,15,166.0,857.0,177.0,166.0,157.24148968285095,-8.758510317149046,19.758510317149046,19.758510317149046
PBI,DCA,PBI-DCA,12,2,0,18,142.0,857.0,138.0,142.0,140.06439650942625,-1.9356034905737545,-2.0643965094262455,2.0643965094262455
DCA,ORD,DCA-ORD,12,2,0,6,141.0,612.0,130.0,141.0,134.51190312313918,-6.488096876860823,-4.511903123139177,4.511903123139177
MIA,DCA,MIA-DCA,12,2,0,21,153.0,919.0,138.0,153.0,148.88730436006068,-4.112695639939318,-10.887304360060682,10.887304360060682
MIA,DCA,MIA-DCA,12,2,0,8,152.0,919.0,135.0,152.0,148.02275137279725,-3.977248627202755,-13.022751372797245,13.022751372797245
DCA,MCO,DCA-MCO,12,2,0,11,149.0,759.0,161.0,149.0,143.80411298832016,-5.195887011679844,17.195887011679844,17.195887011679844
DCA,MCO,DCA-MCO,12,2,0,17,159.0,759.0,146.0,159.0,151.5678608457109,-7.4321391542891035,-5.5678608457108965,5.5678608457108965
DFW,DCA,DFW-DCA,12,2,0,12,173.0,1192.0,158.0,173.0,168.1429102662477,-4.857089733752304,-10.142910266247696,10.142910266247696
ORD,DCA,ORD-DCA,12,2,0,21,114.0,612.0,117.0,114.0,107.62601179283658,-6.373988207163421,9.373988207163421,9.373988207163421
MIA,DCA,MIA-DCA,12,2,0,20,149.0,919.0,155.0,149.0,147.7983843774162,-1.2016156225838017,7.201615622583802,7.201615622583802
DCA,MIA,DCA-MIA,12,2,0,5,161.0,919.0,166.0,161.0,152.18342149981964,-8.816578500180356,13.816578500180356,13.816578500180356
MCO,DCA,MCO-DCA,12,2,0,20,131.0,759.0,117.0,131.0,129.06317880346174,-1.9368211965382613,-12.063178803461739,12.063178803461739
DCA,MIA,DCA-MIA,12,2,0,5,159.0,919.0,164.0,159.0,152.18342149981964,-6.816578500180356,11.816578500180356,11.816578500180356
DCA,MIA,DCA-MIA,12,2,0,8,168.0,919.0,171.0,168.0,159.48674298383634,-8.513257016163664,11.513257016163664,11.513257016163664
DCA,MCO,DCA-MCO,12,2,0,6,146.0,759.0,151.0,146.0,141.72477834882307,-4.275221651176935,9.275221651176935,9.275221651176935
LAX,DCA,LAX-DCA,12,2,0,12,287.0,2311.0,274.0,287.0,281.768128580825,-5.231871419174979,-7.768128580825021,7.768128580825021
PHX,DCA,PHX-DCA,12,2,0,0,241.0,1979.0,230.0,241.0,236.02696594915557,-4.973034050844433,-6.026965949155567,6.026965949155567
DCA,LAX,DCA-LAX,12,2,0,8,359.0,2311.0,346.0,359.0,348.14105366307774,-10.858946336922259,-2.1410536630777415,2.1410536630777415
LAX,DCA,LAX-DCA,12,2,0,7,290.0,2311.0,279.0,290.0,282.8063548723556,-7.193645127644402,-3.806354872355598,3.806354872355598
DCA,PHX,DCA-PHX,12,2,0,17,318.0,1979.0,304.0,318.0,307.14336375200844,-10.85663624799156,-3.1433637520084403,3.1433637520084403
DCA,LAS,DCA-LAS,12,2,0,7,329.0,2089.0,319.0,329.0,318.2046914308778,-10.795308569122199,0.7953085691221986,0.7953085691221986
DCA,PHX,DCA-PHX,12,2,0,7,325.0,1979.0,309.0,325.0,313.57467277854664,-11.425327221453358,-4.574672778546642,4.574672778546642
LAS,DCA,LAS-DCA,12,2,0,13,264.0,2089.0,263.0,264.0,254.97798255165205,-9.022017448347952,8.022017448347952,8.022017448347952
DCA,LAX,DCA-LAX,12,2,0,16,357.0,2311.0,338.0,357.0,344.50967515739796,-12.490324842602035,-6.5096751573979645,6.5096751573979645
PHX,DCA,PHX-DCA,12,2,0,9,251.0,1979.0,273.0,251.0,246.6566354615352,-4.343364538464812,26.34336453846481,26.34336453846481
DCA,PHX,DCA-PHX,12,2,0,10,320.0,1979.0,302.0,320.0,304.44875681619607,-15.551243183803933,-2.4487568161960667,2.4487568161960667
PHX,DCA,PHX-DCA,12,2,0,13,248.0,1979.0,239.0,248.0,243.23311528538082,-4.766884714619181,-4.233115285380819,4.233115285380819
RIC,DFW,RIC-DFW,12,2,0,6,221.0,1158.0,228.0,221.0,215.57957383246665,-5.42042616753335,12.42042616753335,12.42042616753335
DCA,DFW,DCA-DFW,12,2,0,12,226.0,1192.0,206.0,226.0,213.67454966038414,-12.325450339615855,-7.6745496603841445,7.6745496603841445
DFW,DCA,DFW-DCA,12,2,0,8,168.0,1192.0,166.0,168.0,164.46460063740543,-3.5353993625945748,1.5353993625945748,1.5353993625945748
CLT,ORF,CLT-ORF,12,2,0,17,72.0,290.0,66.0,72.0,68.66956145072291,-3.3304385492770905,-2.6695614507229095,2.6695614507229095
ORF,CLT,ORF-CLT,12,2,0,19,91.0,290.0,76.0,91.0,83.79916380339,-7.200836196609998,-7.799163803390002,7.799163803390002
CLT,DCA,CLT-DCA,12,2,0,18,81.0,331.0,83.0,81.0,90.06869250154486,9.06869250154486,-7.068692501544859,7.068692501544859
CLT,DCA,CLT-DCA,12,2,0,9,85.0,331.0,69.0,85.0,91.72006968227785,6.7200696822778525,-22.720069682277853,22.720069682277853
DCA,CLT,DCA-CLT,12,2,0,19,98.0,331.0,88.0,98.0,91.39842719397741,-6.601572806022588,-3.3984271939774118,3.3984271939774118
DCA,ORD,DCA-ORD,12,2,0,11,136.0,612.0,121.0,136.0,131.02174011174384,-4.9782598882561615,-10.021740111743838,10.021740111743838
ORD,DCA,ORD-DCA,12,2,0,15,114.0,612.0,115.0,114.0,112.40738384126108,-1.5926161587389203,2.5926161587389203,2.5926161587389203
CLT,RIC,CLT-RIC,12,2,0,15,72.0,257.0,61.0,72.0,68.24071337724783,-3.759286622752171,-7.240713377247829,7.240713377247829
RIC,CLT,RIC-CLT,12,2,0,17,86.0,257.0,78.0,86.0,79.39304064859954,-6.606959351400462,-1.3930406485995377,1.3930406485995377
DCA,CLT,DCA-CLT,12,2,0,6,91.0,331.0,84.0,91.0,87.13514928644834,-3.864850713551661,-3.135149286448339,3.135149286448339
DCA,MSY,DCA-MSY,12,2,0,6,173.0,969.0,189.0,173.0,162.58602455832053,-10.413975441679469,26.41397544167947,26.41397544167947
MSY,DCA,MSY-DCA,12,2,0,9,145.0,969.0,148.0,145.0,144.16952706091598,-0.830472939084018,3.830472939084018,3.830472939084018
CHS,DCA,CHS-DCA,12,2,0,16,93.0,444.0,116.0,93.0,93.44650486239581,0.44650486239581255,22.553495137604187,22.553495137604187
DCA,CHS,DCA-CHS,12,2,0,13,111.0,444.0,128.0,111.0,105.24931093652555,-5.750689063474454,22.750689063474454,22.750689063474454
BOS,DCA,BOS-DCA,12,2,0,21,107.0,399.0,91.0,107.0,100.01834510330939,-6.981654896690614,-9.018345103309386,9.018345103309386
DCA,BOS,DCA-BOS,12,2,0,18,91.0,399.0,125.0,91.0,96.84515710570089,5.845157105700892,28.154842894299108,28.154842894299108
DCA,TPA,DCA-TPA,12,2,0,20,152.0,814.0,147.0,152.0,144.95167049724347,-7.0483295027565305,2.0483295027565305,2.0483295027565305
DCA,TPA,DCA-TPA,12,2,0,13,156.0,814.0,187.0,156.0,149.28028347173694,-6.7197165282630635,37.71971652826306,37.71971652826306
TPA,DCA,TPA-DCA,12,2,0,16,135.0,814.0,121.0,135.0,132.1614470518785,-2.838552948121503,-11.161447051878497,11.161447051878497
BOS,DCA,BOS-DCA,12,2,0,6,109.0,399.0,96.0,109.0,102.10710811995517,-6.892891880044829,-6.107108119955171,6.107108119955171
BOS,DCA,BOS-DCA,12,2,0,10,103.0,399.0,118.0,103.0,98.42380978065273,-4.576190219347268,19.576190219347268,19.576190219347268
DCA,BOS,DCA-BOS,12,2,0,8,100.0,399.0,91.0,100.0,98.9220844044218,-1.0779155955782045,-7.9220844044217955,7.9220844044217955
CLT,DCA,CLT-DCA,12,2,0,20,82.0,331.0,77.0,82.0,88.90860430404261,6.908604304042612,-11.908604304042612,11.908604304042612
DCA,PBI,DCA-PBI,12,2,0,16,161.0,857.0,153.0,161.0,151.8539477370969,-9.146052262903112,1.1460522629031118,1.1460522629031118
PBI,DCA,PBI-DCA,12,2,0,20,140.0,857.0,137.0,140.0,136.67502950823962,-3.324970491760382,0.3249704917603822,0.3249704917603822
DCA,FLL,DCA-FLL,12,2,0,10,169.0,899.0,170.0,169.0,155.18591874758104,-13.814081252418958,14.814081252418958,14.814081252418958
FLL,DCA,FLL-DCA,12,2,0,13,147.0,899.0,164.0,147.0,143.58884893218337,-3.4111510678166326,20.411151067816633,20.411151067816633
ORD,DCA,ORD-DCA,12,2,0,6,113.0,612.0,114.0,113.0,113.89164088008359,0.8916408800835853,0.10835911991641467,0.10835911991641467
BOS,DCA,BOS-DCA,12,2,0,6,111.0,399.0,97.0,111.0,105.4170182924758,-5.582981707524198,-8.417018292475802,8.417018292475802
DCA,BOS,DCA-BOS,12,2,0,22,95.0,399.0,126.0,95.0,93.15967139672239,-1.8403286032776123,32.84032860327761,32.84032860327761
DCA,RSW,DCA-RSW,12,2,0,15,173.0,892.0,160.0,173.0,162.36515861787274,-10.634841382127263,-2.365158617872737,2.365158617872737
RSW,DCA,RSW-DCA,12,2,0,18,146.0,892.0,125.0,146.0,145.0001622872533,-0.9998377127467108,-20.00016228725329,20.00016228725329
DCA,VPS,DCA-VPS,12,2,0,8,160.0,789.0,176.0,160.0,149.7576580358326,-10.242341964167395,26.242341964167395,26.242341964167395
VPS,DCA,VPS-DCA,12,2,0,10,132.0,789.0,129.0,132.0,128.44139500736202,-3.5586049926379815,0.5586049926379815,0.5586049926379815
IAD,CLT,IAD-CLT,12,2,0,7,91.0,322.0,104.0,91.0,88.09579749921838,-2.904202500781622,15.904202500781622,15.904202500781622
CLT,IAD,CLT-IAD,12,2,0,15,84.0,322.0,78.0,84.0,79.15949687104853,-4.840503128951468,-1.1594968710485318,1.1594968710485318
IAD,CLT,IAD-CLT,12,2,0,17,104.0,322.0,85.0,104.0,89.96520452028884,-14.034795479711164,-4.965204520288836,4.965204520288836
CLT,DCA,CLT-DCA,12,2,0,22,93.0,331.0,76.0,93.0,82.14149556617754,-10.85850443382246,-6.1414955661775394,6.1414955661775394
DCA,CHS,DCA-CHS,12,2,0,20,108.0,444.0,144.0,108.0,101.71436156967115,-6.285638430328845,42.285638430328845,42.285638430328845
BOS,DCA,BOS-DCA,12,2,0,18,110.0,399.0,110.0,110.0,104.47045265010898,-5.529547349891018,5.529547349891018,5.529547349891018
DCA,BOS,DCA-BOS,12,2,0,15,104.0,399.0,89.0,104.0,102.12747412028708,-1.8725258797129243,-13.127474120287076,13.127474120287076
SRQ,DCA,SRQ-DCA,12,2,0,12,142.0,851.0,147.0,142.0,138.65308315435632,-3.346916845643676,8.346916845643676,8.346916845643676
CLT,DCA,CLT-DCA,12,2,0,7,80.0,331.0,105.0,80.0,92.71367599288563,12.713675992885626,12.286324007114374,12.286324007114374
DCA,BOS,DCA-BOS,12,2,0,17,98.0,399.0,114.0,98.0,100.06610788991684,2.066107889916836,13.933892110083164,13.933892110083164
DCA,RSW,DCA-RSW,12,2,0,9,173.0,892.0,166.0,173.0,160.10343664785825,-12.896563352141754,5.896563352141754,5.896563352141754
RSW,DCA,RSW-DCA,12,2,0,13,145.0,892.0,142.0,145.0,143.58884893218337,-1.4111510678166326,-1.5888489321833674,1.5888489321833674
DCA,CLT,DCA-CLT,12,2,0,5,90.0,331.0,75.0,90.0,80.78671416168316,-9.213285838316835,-5.7867141616831645,5.7867141616831645
CLT,IAD,CLT-IAD,12,2,0,21,82.0,322.0,72.0,82.0,74.87040482454805,-7.1295951754519535,-2.8704048245480465,2.8704048245480465
CHS,DCA,CHS-DCA,12,2,0,6,89.0,444.0,75.0,89.0,86.36235987931734,-2.6376401206826614,-11.362359879317339,11.362359879317339
DCA,SRQ,DCA-SRQ,12,2,0,8,160.0,851.0,161.0,160.0,149.50579190321037,-10.494208096789635,11.494208096789635,11.494208096789635
DCA,PWM,DCA-PWM,12,2,0,22,94.0,482.0,137.0,94.0,88.70585406444995,-5.294145935550048,48.29414593555005,48.29414593555005
DCA,FLL,DCA-FLL,12,2,0,15,167.0,899.0,169.0,167.0,157.80327196968358,-9.196728030316422,11.196728030316422,11.196728030316422
FLL,DCA,FLL-DCA,12,2,0,18,148.0,899.0,133.0,148.0,147.5978436966708,-0.4021563033292068,-14.597843696670793,14.597843696670793
ORD,DCA,ORD-DCA,12,2,0,11,107.0,612.0,124.0,107.0,110.1733770968776,3.1733770968776014,13.826622903122399,13.826622903122399
CLT,IAD,CLT-IAD,12,2,0,12,85.0,322.0,72.0,85.0,78.31507010307273,-6.684929896927272,-6.315070103072728,6.315070103072728
IAD,CLT,IAD-CLT,12,2,0,14,91.0,322.0,100.0,91.0,83.91648143840062,-7.0835185615993765,16.083518561599377,16.083518561599377
DFW,DCA,DFW-DCA,12,2,0,10,169.0,1192.0,163.0,169.0,163.11685036240522,-5.883149637594784,-0.1168503624052164,0.1168503624052164
MIA,DCA,MIA-DCA,12,2,0,18,154.0,919.0,143.0,154.0,151.39327590016612,-2.606724099833883,-8.393275900166117,8.393275900166117
DCA,MIA,DCA-MIA,12,2,0,14,171.0,919.0,186.0,171.0,161.81614477143663,-9.183855228563374,24.183855228563374,24.183855228563374
DCA,ORD,DCA-ORD,12,2,0,9,133.0,612.0,126.0,133.0,127.15253928526587,-5.847460714734126,-1.152539285265874,1.152539285265874
TPA,DCA,TPA-DCA,12,2,0,6,135.0,814.0,129.0,135.0,130.65526609421863,-4.344733905781368,-1.6552660942186321,1.6552660942186321
DCA,JAX,DCA-JAX,12,2,0,19,135.0,634.0,124.0,135.0,128.84011957476295,-6.1598804252370485,-4.8401195747629515,4.8401195747629515
DCA,PWM,DCA-PWM,12,2,0,15,97.0,482.0,94.0,97.0,93.75511623743675,-3.244883762563248,0.24488376256324784,0.24488376256324784
PWM,DCA,PWM-DCA,12,2,0,17,114.0,482.0,128.0,114.0,108.05885066196075,-5.941149338039253,19.941149338039253,19.941149338039253
DCA,PWM,DCA-PWM,12,2,0,10,106.0,482.0,81.0,106.0,92.0665515309154,-13.933448469084595,-11.066551530915405,11.066551530915405
PWM,DCA,PWM-DCA,12,2,0,12,112.0,482.0,133.0,112.0,108.05995774659394,-3.9400422534060624,24.940042253406062,24.940042253406062
JAX,DCA,JAX-DCA,12,2,0,7,112.0,634.0,109.0,112.0,112.89823803045277,0.8982380304527737,-3.8982380304527737,3.8982380304527737
DCA,JAX,DCA-JAX,12,2,0,15,136.0,634.0,141.0,136.0,132.5960468665342,-3.403953133465791,8.40395313346579,8.40395313346579
JAX,DCA,JAX-DCA,12,2,0,18,114.0,634.0,98.0,114.0,113.93327613469985,-0.06672386530014762,-15.933276134699852,15.933276134699852
DCA,PVD,DCA-PVD,12,2,0,13,84.0,356.0,71.0,84.0,84.21231511626812,0.2123151162681154,-13.212315116268115,13.212315116268115
PVD,DCA,PVD-DCA,12,2,0,15,96.0,356.0,111.0,96.0,93.08203978951575,-2.917960210484253,17.917960210484253,17.917960210484253
BNA,DCA,BNA-DCA,12,2,0,20,106.0,562.0,140.0,106.0,104.23916897687546,-1.7608310231245383,35.76083102312454,35.76083102312454
DCA,BNA,DCA-BNA,12,2,0,18,119.0,562.0,125.0,119.0,118.08282397695055,-0.9171760230494499,6.91717602304945,6.91717602304945
DCA,RSW,DCA-RSW,12,2,0,6,159.0,892.0,156.0,159.0,151.18070370087804,-7.819296299121959,4.819296299121959,4.819296299121959
RSW,DCA,RSW-DCA,12,2,0,10,143.0,892.0,143.0,143.0,137.85028203789798,-5.149717962102017,5.149717962102017,5.149717962102017
DCA,MCO,DCA-MCO,12,2,0,8,148.0,759.0,168.0,148.0,144.47439582941135,-3.5256041705886503,23.52560417058865,23.52560417058865
MCO,DCA,MCO-DCA,12,2,0,11,131.0,759.0,122.0,131.0,129.0304146046502,-1.9695853953498101,-7.03041460465019,7.03041460465019
DCA,DFW,DCA-DFW,12,2,0,14,236.0,1192.0,218.0,236.0,217.34339890752437,-18.656601092475626,0.6566010924756256,0.6566010924756256
DCA,CLT,DCA-CLT,12,2,0,17,101.0,331.0,84.0,101.0,94.20894187717897,-6.791058122821028,-10.208941877178972,10.208941877178972
BOS,DCA,BOS-DCA,12,2,0,9,106.0,399.0,107.0,106.0,98.42380978065273,-7.576190219347268,8.576190219347268,8.576190219347268
DCA,PBI,DCA-PBI,12,2,0,10,170.0,857.0,146.0,170.0,156.27829515659815,-13.721704843401852,-10.278295156598148,10.278295156598148
PBI,DCA,PBI-DCA,12,2,0,13,143.0,857.0,124.0,143.0,138.65308315435632,-4.346916845643676,-14.653083154356324,14.653083154356324
DCA,MIA,DCA-MIA,12,2,0,19,177.0,919.0,171.0,177.0,163.87478322455183,-13.125216775448166,7.125216775448166,7.125216775448166
MIA,DCA,MIA-DCA,12,2,0,16,150.0,919.0,142.0,150.0,149.53161521401,-0.468384785989997,-7.531615214010003,7.531615214010003
DCA,ORD,DCA-ORD,12,2,0,19,140.0,612.0,145.0,140.0,135.8382527672968,-4.161747232703192,9.161747232703192,9.161747232703192
DCA,PBI,DCA-PBI,12,2,0,8,157.0,857.0,153.0,157.0,149.27997155102793,-7.720028448972073,3.720028448972073,3.720028448972073
PBI,DCA,PBI-DCA,12,2,0,11,142.0,857.0,126.0,142.0,137.71740105453057,-4.282598945469431,-11.71740105453057,11.71740105453057
BOS,DCA,BOS-DCA,12,2,0,16,108.0,399.0,95.0,108.0,103.15121842372157,-4.8487815762784265,-8.151218423721573,8.151218423721573
DCA,BOS,DCA-BOS,12,2,0,14,94.0,399.0,102.0,94.0,95.76164828240873,1.7616482824087285,6.2383517175912715,6.2383517175912715
PWM,DCA,PWM-DCA,12,2,0,5,115.0,482.0,107.0,115.0,107.46151779202829,-7.538482207971711,-0.4615177920282889,0.4615177920282889
RIC,CLT,RIC-CLT,12,2,0,7,82.0,257.0,85.0,82.0,75.0882613149026,-6.911738685097404,9.911738685097404,9.911738685097404
BOS,DCA,BOS-DCA,12,2,0,8,111.0,399.0,115.0,111.0,105.56895436364654,-5.43104563635346,9.43104563635346,9.43104563635346
DCA,DFW,DCA-DFW,12,2,0,10,224.0,1192.0,214.0,224.0,212.6119278741935,-11.388072125806502,1.3880721258065023,1.3880721258065023
MCO,DCA,MCO-DCA,12,2,0,15,133.0,759.0,118.0,133.0,131.19656625296616,-1.8034337470338357,-13.196566252966164,13.196566252966164
DCA,TPA,DCA-TPA,12,2,0,18,150.0,814.0,146.0,150.0,146.73180294220933,-3.2681970577906725,-0.7318029422093275,0.7318029422093275
DFW,IAD,DFW-IAD,12,2,0,12,172.0,1172.0,158.0,172.0,166.92784046286525,-5.072159537134752,-8.927840462865248,8.927840462865248
IAD,DFW,IAD-DFW,12,2,0,17,227.0,1172.0,211.0,227.0,206.6659886141832,-20.334011385816808,4.334011385816808,4.334011385816808
CLT,RIC,CLT-RIC,12,2,0,20,73.0,257.0,62.0,73.0,68.87675094425262,-4.1232490557473795,-6.8767509442526205,6.8767509442526205
RIC,MIA,RIC-MIA,12,2,0,6,150.0,826.0,139.0,150.0,144.90315425723406,-5.096845742765936,-5.903154257234064,5.903154257234064
DCA,BOS,DCA-BOS,12,2,0,20,97.0,399.0,126.0,97.0,96.30149334701187,-0.6985066529881294,29.69850665298813,29.69850665298813
DFW,DCA,DFW-DCA,12,2,0,16,165.0,1192.0,160.0,165.0,165.73420358450775,0.7342035845077532,-5.734203584507753,5.734203584507753
ORF,CLT,ORF-CLT,12,2,0,6,85.0,290.0,82.0,85.0,79.48428404664828,-5.515715953351716,2.515715953351716,2.515715953351716
DCA,MIA,DCA-MIA,12,2,0,18,172.0,919.0,171.0,172.0,163.99389124231158,-8.006108757688423,7.006108757688423,7.006108757688423
MIA,DCA,MIA-DCA,12,2,0,14,148.0,919.0,142.0,148.0,148.22791591412695,0.2279159141269531,-6.227915914126953,6.227915914126953
DCA,MIA,DCA-MIA,12,2,0,6,168.0,919.0,183.0,168.0,159.14004573258788,-8.859954267412121,23.85995426741212,23.85995426741212
DCA,DFW,DCA-DFW,12,2,0,17,225.0,1192.0,227.0,225.0,214.9851391424896,-10.0148608575104,12.0148608575104,12.0148608575104
ORD,DCA,ORD-DCA,12,2,0,13,120.0,612.0,135.0,120.0,119.78740077949863,-0.21259922050137448,15.212599220501374,15.212599220501374
DFW,ORF,DFW-ORF,12,2,0,10,177.0,1212.0,151.0,177.0,166.55983590407706,-10.440164095922938,-15.559835904077062,15.559835904077062
ORF,DFW,ORF-DFW,12,2,0,15,223.0,1212.0,228.0,223.0,216.5549478548973,-6.445052145102693,11.445052145102693,11.445052145102693
DFW,RIC,DFW-RIC,12,2,0,18,165.0,1158.0,152.0,165.0,162.1402935285462,-2.8597064714537908,-10.14029352854621,10.14029352854621
MIA,ORF,MIA-ORF,12,2,0,21,142.0,802.0,131.0,142.0,133.1933073563507,-8.806692643649313,-2.1933073563506866,2.1933073563506866
CLT,RIC,CLT-RIC,12,2,0,21,73.0,257.0,72.0,73.0,67.16531917607344,-5.834680823926561,4.834680823926561,4.834680823926561
MIA,DCA,MIA-DCA,12,2,0,10,161.0,919.0,150.0,161.0,151.8543052801944,-9.14569471980559,-1.85430528019441,1.85430528019441
DCA,CLT,DCA-CLT,12,2,0,13,94.0,331.0,94.0,94.0,87.50173882485674,-6.498261175143256,6.498261175143256,6.498261175143256
DFW,RIC,DFW-RIC,12,2,0,10,173.0,1158.0,158.0,173.0,162.60320854724387,-10.396791452756133,-4.603208547243867,4.603208547243867
RIC,DFW,RIC-DFW,12,2,0,15,212.0,1158.0,236.0,212.0,214.72917147645435,2.729171476454354,21.270828523545646,21.270828523545646
ORF,DFW,ORF-DFW,12,2,0,6,228.0,1212.0,224.0,228.0,219.4106750335386,-8.58932496646139,4.58932496646139,4.58932496646139
DCA,DFW,DCA-DFW,12,2,0,7,219.0,1192.0,233.0,219.0,212.0120854519226,-6.987914548077413,20.987914548077413,20.987914548077413
MCO,DCA,MCO-DCA,12,2,0,19,131.0,759.0,125.0,131.0,130.29632756659788,-0.7036724334021187,-5.296327566597881,5.296327566597881
DCA,MIA,DCA-MIA,12,2,0,17,175.0,919.0,171.0,175.0,165.66904263226263,-9.33095736773737,5.330957367737369,5.330957367737369
TPA,DCA,TPA-DCA,12,2,0,14,133.0,814.0,110.0,133.0,131.1333138709388,-1.8666861290612076,-21.133313870938792,21.133313870938792
MIA,RIC,MIA-RIC,12,2,0,21,142.0,826.0,140.0,142.0,137.12401044752494,-4.875989552475062,2.875989552475062,2.875989552475062
DFW,DCA,DFW-DCA,12,2,0,5,166.0,1192.0,152.0,166.0,164.02261314469226,-1.977386855307742,-12.022613144692258,12.022613144692258
DCA,CLT,DCA-CLT,12,2,0,10,103.0,331.0,91.0,103.0,91.91560911253968,-11.084390887460316,-0.9156091125396841,0.9156091125396841
CLT,RIC,CLT-RIC,12,2,0,13,71.0,257.0,61.0,71.0,67.24101433646662,-3.7589856635333803,-6.24101433646662,6.24101433646662
RIC,CLT,RIC-CLT,12,2,0,15,87.0,257.0,102.0,87.0,78.19962970777509,-8.800370292224912,23.800370292224912,23.800370292224912
CLT,DCA,CLT-DCA,12,2,0,16,83.0,331.0,97.0,83.0,92.32736745437681,9.327367454376812,4.672632545623188,4.672632545623188
DCA,DFW,DCA-DFW,12,2,0,18,218.0,1192.0,217.0,218.0,212.614454129621,-5.385545870378991,4.385545870378991,4.385545870378991
DFW,ORF,DFW-ORF,12,2,0,18,173.0,1212.0,158.0,173.0,168.66313111293843,-4.33686888706157,-10.66313111293843,10.66313111293843
IAD,DFW,IAD-DFW,12,2,0,6,218.0,1172.0,211.0,218.0,208.74754774197595,-9.25245225802405,2.25245225802405,2.25245225802405
DCA,ORD,DCA-ORD,12,2,0,15,148.0,612.0,127.0,148.0,143.4212375622827,-4.578762437717302,-16.4212375622827,16.4212375622827
CLT,ORF,CLT-ORF,12,2,0,8,73.0,290.0,59.0,73.0,67.47746170186137,-5.5225382981386275,-8.477461701861372,8.477461701861372
ORF,CLT,ORF-CLT,12,2,0,10,89.0,290.0,82.0,89.0,78.72449187463651,-10.275508125363487,3.275508125363487,3.275508125363487
CLT,DCA,CLT-DCA,12,2,0,13,83.0,331.0,83.0,83.0,92.69715050410682,9.697150504106816,-9.697150504106816,9.697150504106816
DFW,DCA,DFW-DCA,12,2,0,19,170.0,1192.0,168.0,170.0,167.75860965900708,-2.241390340992922,0.2413903409929219,0.2413903409929219
CLT,ORF,CLT-ORF,12,2,0,21,80.0,290.0,61.0,80.0,70.87590899889835,-9.124091001101647,-9.875908998898353,9.875908998898353
ORF,MIA,ORF-MIA,12,2,0,6,147.0,802.0,145.0,147.0,139.760586192603,-7.239413807397,5.239413807397,5.239413807397
DCA,SAT,DCA-SAT,12,2,0,19,246.0,1380.0,226.0,246.0,228.3808995441926,-17.6191004558074,-2.3808995441926015,2.3808995441926015
DFW,DCA,DFW-DCA,12,2,0,14,165.0,1192.0,155.0,165.0,164.61740156516717,-0.38259843483282907,-9.617401565167171,9.617401565167171
MCO,DCA,MCO-DCA,12,2,0,6,133.0,759.0,130.0,133.0,130.15386563200846,-2.8461343679915387,-0.15386563200846126,0.15386563200846126
DCA,TPA,DCA-TPA,12,2,0,10,163.0,814.0,174.0,163.0,149.90609395475542,-13.09390604524458,24.09390604524458,24.09390604524458
DFW,RIC,DFW-RIC,12,2,0,7,170.0,1158.0,187.0,170.0,162.84841937553085,-7.1515806244691476,24.151580624469148,24.151580624469148
RIC,DFW,RIC-DFW,12,2,0,11,212.0,1158.0,233.0,212.0,212.8975582084209,0.8975582084208895,20.10244179157911,20.10244179157911
TPA,DCA,TPA-DCA,12,2,0,18,135.0,814.0,117.0,135.0,132.4132963047778,-2.586703695222212,-15.413296304777788,15.413296304777788
RIC,CLT,RIC-CLT,12,2,0,6,82.0,257.0,72.0,82.0,74.91643035558542,-7.083569644414581,-2.916430355585419,2.916430355585419
CLT,ORF,CLT-ORF,12,2,0,12,76.0,290.0,77.0,76.0,67.97981676478119,-8.02018323521881,9.02018323521881,9.02018323521881
ORF,CLT,ORF-CLT,12,2,0,14,92.0,290.0,88.0,92.0,81.93744423200431,-10.06255576799569,6.06255576799569,6.06255576799569
SAT,DCA,SAT-DCA,12,2,0,6,189.0,1380.0,180.0,189.0,183.28229938941834,-5.717700610581659,-3.282299389418341,3.282299389418341
DCA,DFW,DCA-DFW,12,2,0,11,217.0,1192.0,195.0,217.0,210.2189576125408,-6.781042387459195,-15.218957612540805,15.218957612540805
CLT,RIC,CLT-RIC,12,2,0,8,72.0,257.0,56.0,72.0,67.44177501516516,-4.558224984834837,-11.441775015165163,11.441775015165163
RIC,CLT,RIC-CLT,12,2,0,10,85.0,257.0,78.0,85.0,76.30136135400883,-8.698638645991167,1.698638645991167,1.698638645991167
DCA,MIA,DCA-MIA,12,2,0,11,162.0,919.0,165.0,162.0,155.40362044391227,-6.596379556087726,9.596379556087726,9.596379556087726
DFW,DCA,DFW-DCA,12,2,0,7,170.0,1192.0,171.0,170.0,166.72300955379347,-3.2769904462065256,4.276990446206526,4.276990446206526
DCA,MIA,DCA-MIA,12,2,0,9,173.0,919.0,173.0,173.0,161.1139742676035,-11.88602573239649,11.88602573239649,11.88602573239649
MIA,DCA,MIA-DCA,12,2,0,6,150.0,919.0,136.0,150.0,147.87081530162646,-2.1291846983735354,-11.870815301626465,11.870815301626465
MIA,DCA,MIA-DCA,12,2,0,17,151.0,919.0,173.0,151.0,149.7834644669093,-1.2165355330907062,23.216535533090706,23.216535533090706
DFW,IAD,DFW-IAD,12,2,0,18,171.0,1172.0,160.0,171.0,167.1713212431299,-3.82867875687009,-7.17132124312991,7.17132124312991
DFW,DCA,DFW-DCA,12,2,0,17,166.0,1192.0,149.0,166.0,165.98605283740704,-0.01394716259295592,-16.986052837407044,16.986052837407044
MIA,DCA,MIA-DCA,12,2,0,11,153.0,919.0,152.0,153.0,148.63830291633855,-4.361697083661454,3.361697083661454,3.361697083661454
DCA,MCO,DCA-MCO,12,2,0,15,155.0,759.0,156.0,155.0,147.8028143064959,-7.19718569350411,8.19718569350411,8.19718569350411
DCA,DFW,DCA-DFW,12,2,0,6,223.0,1192.0,205.0,223.0,214.26387136377537,-8.736128636224635,-9.263871363775365,9.263871363775365
DCA,CLT,DCA-CLT,12,3,0,19,96.0,331.0,91.0,96.0,89.17510378821653,-6.824896211783468,1.824896211783468,1.824896211783468
CLT,DCA,CLT-DCA,12,3,0,9,85.0,331.0,81.0,85.0,91.72006968227785,6.7200696822778525,-10.720069682277853,10.720069682277853
DCA,ORD,DCA-ORD,12,3,0,11,133.0,612.0,123.0,133.0,127.631565723319,-5.3684342766810005,-4.6315657233189995,4.6315657233189995
ORD,DCA,ORD-DCA,12,3,0,15,122.0,612.0,98.0,122.0,118.32343612682067,-3.676563873179333,-20.323436126820667,20.323436126820667
CLT,DCA,CLT-DCA,12,3,0,18,83.0,331.0,78.0,83.0,92.2791657486246,9.279165748624607,-14.279165748624607,14.279165748624607
CLT,RIC,CLT-RIC,12,3,0,15,71.0,257.0,56.0,71.0,68.21218115586457,-2.7878188441354297,-12.21218115586457,12.21218115586457
RIC,CLT,RIC-CLT,12,3,0,17,86.0,257.0,85.0,86.0,79.39304064859954,-6.606959351400462,5.606959351400462,5.606959351400462
DCA,CLT,DCA-CLT,12,3,0,8,94.0,331.0,89.0,94.0,87.94608208643898,-6.053917913561023,1.0539179135610226,1.0539179135610226
DFW,DCA,DFW-DCA,12,3,0,19,171.0,1192.0,144.0,171.0,167.75860965900708,-3.241390340992922,-23.758609659007078,23.758609659007078
DCA,DFW,DCA-DFW,12,3,0,12,222.0,1192.0,215.0,222.0,211.50676422883893,-10.493235771161068,3.4932357711610678,3.4932357711610678
DFW,DCA,DFW-DCA,12,3,0,8,170.0,1192.0,144.0,170.0,166.87494562496425,-3.125054375035745,-22.874945624964255,22.874945624964255
BOS,DCA,BOS-DCA,12,3,0,14,111.0,399.0,104.0,111.0,105.48625386787576,-5.51374613212424,-1.4862538678757602,1.4862538678757602
DCA,PBI,DCA-PBI,12,3,0,16,154.0,857.0,148.0,154.0,148.3548524605924,-5.6451475394075885,-0.3548524605924115,0.3548524605924115
PBI,DCA,PBI-DCA,12,3,0,20,147.0,857.0,129.0,147.0,142.41412878132428,-4.58587121867572,-13.41412878132428,13.41412878132428
TPA,DCA,TPA-DCA,12,3,0,14,134.0,814.0,130.0,134.0,131.1333138709388,-2.8666861290612076,-1.1333138709387924,1.1333138709387924
DCA,DFW,DCA-DFW,12,3,0,17,229.0,1192.0,242.0,229.0,218.593275942815,-10.406724057184988,23.406724057184988,23.406724057184988
DFW,ORF,DFW-ORF,12,3,0,18,167.0,1212.0,147.0,167.0,165.20586343325178,-1.7941365667482216,-18.20586343325178,18.20586343325178
DCA,ORD,DCA-ORD,12,3,0,6,139.0,612.0,131.0,139.0,133.85607232922555,-5.1439276707744455,-2.8560723292255545,2.8560723292255545
MCO,DCA,MCO-DCA,12,3,0,20,132.0,759.0,125.0,132.0,129.06317880346174,-2.9368211965382613,-4.063178803461739,4.063178803461739
MCO,DCA,MCO-DCA,12,3,0,6,134.0,759.0,114.0,134.0,130.15386563200846,-3.8461343679915387,-16.15386563200846,16.15386563200846
DCA,CLT,DCA-CLT,12,3,0,10,109.0,331.0,91.0,109.0,94.60153424386861,-14.398465756131387,-3.6015342438686133,3.6015342438686133
DCA,MIA,DCA-MIA,12,3,0,5,162.0,919.0,160.0,162.0,153.20287121877305,-8.797128781226945,6.797128781226945,6.797128781226945
DCA,MIA,DCA-MIA,12,3,0,5,160.0,919.0,157.0,160.0,152.18342149981964,-7.816578500180356,4.816578500180356,4.816578500180356
MIA,DCA,MIA-DCA,12,3,0,21,165.0,919.0,130.0,165.0,158.0157765495939,-6.984223450406091,-28.01577654959391,28.01577654959391
DCA,MIA,DCA-MIA,12,3,0,17,167.0,919.0,166.0,167.0,161.10085739465632,-5.899142605343684,4.899142605343684,4.899142605343684
MIA,DCA,MIA-DCA,12,3,0,14,147.0,919.0,135.0,147.0,145.63023450470945,-1.369765495290551,-10.630234504709449,10.630234504709449
DCA,MCO,DCA-MCO,12,3,0,6,144.0,759.0,141.0,144.0,141.94963156421804,-2.0503684357819623,-0.9496315642180377,0.9496315642180377
TPA,DCA,TPA-DCA,12,3,0,18,135.0,814.0,129.0,135.0,132.4132963047778,-2.586703695222212,-3.413296304777788,3.413296304777788
BOS,DCA,BOS-DCA,12,3,0,7,124.0,399.0,122.0,124.0,111.03038153592367,-12.969618464076333,10.969618464076333,10.969618464076333
DCA,DFW,DCA-DFW,12,3,0,10,228.0,1192.0,220.0,228.0,216.2200646745189,-11.779935325481091,3.779935325481091,3.779935325481091
MIA,DCA,MIA-DCA,12,3,0,20,152.0,919.0,143.0,152.0,148.00333202194344,-3.996667978056564,-5.003332021943436,5.003332021943436
DCA,DFW,DCA-DFW,12,3,0,14,222.0,1192.0,212.0,222.0,211.56747667565375,-10.43252332434625,0.4325233243462492,0.4325233243462492
CLT,DCA,CLT-DCA,12,3,0,12,87.0,331.0,74.0,87.0,92.69715050410682,5.697150504106816,-18.697150504106816,18.697150504106816
DCA,LAS,DCA-LAS,12,3,0,7,330.0,2089.0,321.0,330.0,318.2046914308778,-11.795308569122199,2.7953085691221986,2.7953085691221986
DCA,LAX,DCA-LAX,12,3,0,17,356.0,2311.0,353.0,356.0,345.13519922164346,-10.864800778356539,7.864800778356539,7.864800778356539
PHX,DCA,PHX-DCA,12,3,0,9,257.0,1979.0,226.0,257.0,246.6566354615352,-10.343364538464812,-20.65663546153519,20.65663546153519
DCA,PHX,DCA-PHX,12,3,0,10,316.0,1979.0,321.0,316.0,305.3486422647246,-10.651357735275383,15.651357735275383,15.651357735275383
LAX,DCA,LAX-DCA,12,3,0,7,296.0,2311.0,264.0,296.0,284.964435069672,-11.035564930328007,-20.964435069671993,20.964435069671993
DCA,PHX,DCA-PHX,12,3,0,16,306.0,1979.0,309.0,306.0,296.1565064530625,-9.843493546937509,12.843493546937509,12.843493546937509
LAS,DCA,LAS-DCA,12,3,0,13,269.0,2089.0,242.0,269.0,263.66693263523257,-5.33306736476743,-21.66693263523257,21.66693263523257
LAX,DCA,LAX-DCA,12,3,0,12,294.0,2311.0,265.0,294.0,282.1723802309215,-11.827619769078524,-17.172380230921476,17.172380230921476
PHX,DCA,PHX-DCA,12,3,0,0,243.0,1979.0,229.0,243.0,236.02696594915557,-6.973034050844433,-7.026965949155567,7.026965949155567
DCA,LAX,DCA-LAX,12,3,0,8,366.0,2311.0,386.0,366.0,348.53203597788246,-17.467964022117542,37.46796402211754,37.46796402211754
DCA,PHX,DCA-PHX,12,3,0,7,322.0,1979.0,336.0,322.0,306.49168262058265,-15.508317379417349,29.50831737941735,29.50831737941735
PHX,DCA,PHX-DCA,12,3,0,14,249.0,1979.0,230.0,249.0,243.29382773219564,-5.706172267804362,-13.293827732195638,13.293827732195638
BOS,DCA,BOS-DCA,12,3,0,20,110.0,399.0,94.0,110.0,102.9291615129649,-7.070838487035104,-8.929161512964896,8.929161512964896
DCA,BOS,DCA-BOS,12,3,0,18,84.0,399.0,88.0,84.0,93.23861789652106,9.238617896521063,-5.238617896521063,5.238617896521063
DCA,PBI,DCA-PBI,12,3,0,14,163.0,857.0,170.0,163.0,151.75659543670972,-11.243404563290284,18.243404563290284,18.243404563290284
PBI,DCA,PBI-DCA,12,3,0,18,148.0,857.0,158.0,148.0,146.79194263570764,-1.2080573642923582,11.208057364292358,11.208057364292358
DCA,TPA,DCA-TPA,12,3,0,8,150.0,814.0,134.0,150.0,145.05509032840484,-4.9449096715951555,-11.055090328404845,11.055090328404845
TPA,DCA,TPA-DCA,12,3,0,11,135.0,814.0,117.0,135.0,130.13691932429822,-4.863080675701781,-13.13691932429822,13.13691932429822
DCA,PVD,DCA-PVD,12,3,0,13,78.0,356.0,70.0,78.0,76.39489473322207,-1.605105266777926,-6.394894733222074,6.394894733222074
PVD,DCA,PVD-DCA,12,3,0,15,96.0,356.0,97.0,96.0,93.08203978951575,-2.917960210484253,3.917960210484253,3.917960210484253
BNA,DCA,BNA-DCA,12,3,0,20,108.0,562.0,98.0,108.0,106.92509410820439,-1.0749058917956091,-8.92509410820439,8.92509410820439
DCA,BNA,DCA-BNA,12,3,0,17,120.0,562.0,130.0,120.0,118.05985435229773,-1.9401456477022663,11.940145647702266,11.940145647702266
DCA,RSW,DCA-RSW,12,3,0,6,157.0,892.0,147.0,157.0,150.04964123969904,-6.950358760300958,-3.049641239699042,3.049641239699042
RSW,DCA,RSW-DCA,12,3,0,10,147.0,892.0,128.0,147.0,141.98014675476188,-5.019853245238124,-13.980146754761876,13.980146754761876
DCA,CLT,DCA-CLT,12,3,0,5,89.0,331.0,82.0,89.0,80.78671416168316,-8.213285838316835,1.2132858383168355,1.2132858383168355
DCA,PWM,DCA-PWM,12,3,0,22,90.0,482.0,86.0,90.0,86.48815112498139,-3.5118488750186145,-0.48815112498138546,0.48815112498138546
CLT,DCA,CLT-DCA,12,3,0,7,82.0,331.0,90.0,82.0,92.71367599288563,10.713675992885626,-2.7136759928856264,2.7136759928856264
DCA,SYR,DCA-SYR,12,3,0,10,88.0,298.0,78.0,88.0,77.72033375837741,-10.279666241622593,0.2796662416225928,0.2796662416225928
SYR,DCA,SYR-DCA,12,3,0,12,91.0,298.0,84.0,91.0,83.10632010165003,-7.893679898349973,0.8936798983499727,0.8936798983499727
DCA,RSW,DCA-RSW,12,3,0,14,168.0,892.0,174.0,168.0,159.92570993667331,-8.074290063326686,14.074290063326686,14.074290063326686
RSW,DCA,RSW-DCA,12,3,0,18,149.0,892.0,132.0,149.0,147.5978436966708,-1.4021563033292068,-15.597843696670793,15.597843696670793
DCA,CLT,DCA-CLT,12,3,0,6,91.0,331.0,78.0,91.0,87.13514928644834,-3.864850713551661,-9.135149286448339,9.135149286448339
DCA,BOS,DCA-BOS,12,3,0,11,89.0,399.0,88.0,89.0,91.67751988714359,2.677519887143589,-3.677519887143589,3.677519887143589
BOS,DCA,BOS-DCA,12,3,0,9,109.0,399.0,105.0,109.0,101.10973491198166,-7.890265088018339,3.8902650880183387,3.8902650880183387
DCA,CHS,DCA-CHS,12,3,0,19,107.0,444.0,102.0,107.0,102.7086690249855,-4.291330975014503,-0.7086690249854968,0.7086690249854968
DCA,MSY,DCA-MSY,12,3,0,6,178.0,969.0,175.0,178.0,164.26117594827159,-13.738824051728415,10.738824051728415,10.738824051728415
MSY,DCA,MSY-DCA,12,3,0,9,148.0,969.0,134.0,148.0,146.7672084703335,-1.232791529666514,-12.767208470333486,12.767208470333486
DCA,RSW,DCA-RSW,12,3,0,10,166.0,892.0,151.0,166.0,158.3241464936343,-7.675853506365712,-7.324146493634288,7.324146493634288
RSW,DCA,RSW-DCA,12,3,0,13,147.0,892.0,123.0,147.0,143.58884893218337,-3.4111510678166326,-20.588848932183367,20.588848932183367
CLT,ORF,CLT-ORF,12,3,0,12,74.0,290.0,60.0,74.0,67.97981676478119,-6.020183235218809,-7.979816764781191,7.979816764781191
ORF,CLT,ORF-CLT,12,3,0,14,92.0,290.0,81.0,92.0,81.93744423200431,-10.06255576799569,-0.9374442320043102,0.9374442320043102
DCA,ORD,DCA-ORD,12,3,0,9,134.0,612.0,133.0,134.0,127.15253928526587,-6.847460714734126,5.847460714734126,5.847460714734126
TPA,DCA,TPA-DCA,12,3,0,6,136.0,814.0,122.0,136.0,134.04544048264336,-1.9545595173566426,-12.045440482643357,12.045440482643357
DCA,PWM,DCA-PWM,12,3,0,14,91.0,482.0,93.0,91.0,91.9258292885889,0.9258292885889006,1.0741707114110994,1.0741707114110994
PWM,DCA,PWM-DCA,12,3,0,17,117.0,482.0,102.0,117.0,111.63773053658507,-5.362269463414933,-9.637730536585067,9.637730536585067
DCA,SRQ,DCA-SRQ,12,3,0,8,158.0,851.0,155.0,158.0,150.9875252585304,-7.012474741469589,4.012474741469589,4.012474741469589
SRQ,DCA,SRQ-DCA,12,3,0,11,149.0,851.0,138.0,149.0,144.44494718081197,-4.555052819188035,-6.444947180811965,6.444947180811965
DCA,BNA,DCA-BNA,12,3,0,20,126.0,562.0,142.0,126.0,116.47170036413385,-9.528299635866148,25.528299635866148,25.528299635866148
CHS,DCA,CHS-DCA,12,3,0,6,94.0,444.0,85.0,94.0,90.38200260964133,-3.617997390358667,-5.382002609641333,5.382002609641333
DCA,JAX,DCA-JAX,12,3,0,19,131.0,634.0,127.0,131.0,128.2350153173251,-2.764984682674907,-1.235015317325093,1.235015317325093
BDL,DCA,BDL-DCA,12,3,0,17,89.0,313.0,87.0,89.0,81.87496739237756,-7.125032607622444,5.125032607622444,5.125032607622444
DCA,BDL,DCA-BDL,12,3,0,15,88.0,313.0,75.0,88.0,79.61860211214366,-8.381397887856338,-4.6186021121436625,4.6186021121436625
ORD,DCA,ORD-DCA,12,3,0,11,113.0,612.0,146.0,113.0,113.48328726939823,0.4832872693982324,32.51671273060177,32.51671273060177
CLT,DCA,CLT-DCA,12,3,0,20,84.0,331.0,73.0,84.0,91.11907755112236,7.119077551122359,-18.11907755112236,18.11907755112236
DCA,BOS,DCA-BOS,12,3,0,22,89.0,399.0,75.0,89.0,88.80884655669614,-0.19115344330386108,-13.808846556696139,13.808846556696139
IAD,CLT,IAD-CLT,12,3,0,7,93.0,322.0,105.0,93.0,88.09579749921838,-4.904202500781622,16.904202500781622,16.904202500781622
PWM,DCA,PWM-DCA,12,3,0,5,120.0,482.0,126.0,120.0,112.06403090064863,-7.935969099351368,13.935969099351368,13.935969099351368
DCA,VPS,DCA-VPS,12,3,0,8,157.0,789.0,176.0,157.0,148.6265955746536,-8.373404425346394,27.373404425346394,27.373404425346394
VPS,DCA,VPS-DCA,12,3,0,10,130.0,789.0,134.0,130.0,128.44139500736202,-1.5586049926379815,5.5586049926379815,5.5586049926379815
DCA,FLL,DCA-FLL,12,3,0,15,170.0,899.0,149.0,170.0,160.12281247311333,-9.877187526886672,-11.122812473113328,11.122812473113328
FLL,DCA,FLL-DCA,12,3,0,18,154.0,899.0,138.0,154.0,149.41260277445485,-4.587397225545146,-11.412602774454854,11.412602774454854
MIA,DCA,MIA-DCA,12,3,0,6,149.0,919.0,150.0,149.0,147.66586765709923,-1.334132342900773,2.334132342900773,2.334132342900773
DCA,MIA,DCA-MIA,12,3,0,9,165.0,919.0,153.0,165.0,159.29268623265975,-5.707313767340253,-6.292686232659747,6.292686232659747
CLT,IAD,CLT-IAD,12,3,0,21,83.0,322.0,63.0,83.0,76.67406843706044,-6.325931562939559,-13.674068437060441,13.674068437060441
CLT,DCA,CLT-DCA,12,3,0,21,95.0,331.0,68.0,95.0,85.33788106150207,-9.662118938497926,-17.337881061502074,17.337881061502074
DCA,MIA,DCA-MIA,12,3,0,7,172.0,919.0,159.0,172.0,161.99537000078857,-10.004629999211431,-2.9953700007885686,2.9953700007885686
DCA,MIA,DCA-MIA,12,3,0,17,177.0,919.0,173.0,177.0,164.42176690638155,-12.57823309361845,8.57823309361845,8.57823309361845
DCA,BOS,DCA-BOS,12,3,0,20,91.0,399.0,102.0,91.0,95.29961573778357,4.299615737783569,6.700384262216431,6.700384262216431
DFW,DCA,DFW-DCA,12,3,0,15,166.0,1192.0,139.0,166.0,165.73420358450775,-0.26579641549224675,-26.734203584507753,26.734203584507753
JAX,DCA,JAX-DCA,12,3,0,7,116.0,634.0,103.0,116.0,114.17691738122936,-1.8230826187706413,-11.176917381229359,11.176917381229359
DCA,BOS,DCA-BOS,12,3,0,15,90.0,399.0,72.0,90.0,93.64357092919984,3.6435709291998393,-21.64357092919984,21.64357092919984
DCA,PWM,DCA-PWM,12,3,0,10,93.0,482.0,97.0,93.0,91.03780529642432,-1.9621947035756762,5.962194703575676,5.962194703575676
PWM,DCA,PWM-DCA,12,3,0,12,121.0,482.0,103.0,121.0,113.9760100321535,-7.023989967846504,-10.976010032153496,10.976010032153496
DCA,TPA,DCA-TPA,12,3,0,20,153.0,814.0,149.0,153.0,146.45773257767584,-6.542267422324159,2.5422674223241586,2.5422674223241586
BOS,DCA,BOS-DCA,12,3,0,6,109.0,399.0,103.0,109.0,102.10710811995517,-6.892891880044829,0.8928918800448287,0.8928918800448287
DCA,TPA,DCA-TPA,12,3,0,13,152.0,814.0,141.0,152.0,145.3204895871394,-6.679510412860594,-4.320489587139406,4.320489587139406
TPA,DCA,TPA-DCA,12,3,0,17,134.0,814.0,114.0,134.0,132.4132963047778,-1.5867036952222122,-18.413296304777788,18.413296304777788
BOS,DCA,BOS-DCA,12,3,0,11,107.0,399.0,112.0,107.0,101.69875450926982,-5.301245490730182,10.301245490730182,10.301245490730182
DCA,BOS,DCA-BOS,12,3,0,8,101.0,399.0,83.0,101.0,100.84984671727634,-0.15015328272366446,-17.849846717276336,17.849846717276336
DCA,CLT,DCA-CLT,12,3,0,17,102.0,331.0,83.0,102.0,94.20894187717897,-7.791058122821028,-11.208941877178972,11.208941877178972
DCA,FLL,DCA-FLL,12,3,0,10,177.0,899.0,164.0,177.0,160.0052070914998,-16.994792908500187,3.9947929085001874,3.9947929085001874
FLL,DCA,FLL-DCA,12,3,0,13,153.0,899.0,144.0,153.0,147.6773123707606,-5.322687629239397,-3.6773123707606032,3.6773123707606032
BNA,DCA,BNA-DCA,12,3,0,6,109.0,562.0,118.0,109.0,107.1704256886827,-1.8295743113173017,10.829574311317302,10.829574311317302
DCA,PBI,DCA-PBI,12,3,0,7,153.0,857.0,179.0,153.0,146.4540759798921,-6.54592402010789,32.54592402010789,32.54592402010789
PBI,DCA,PBI-DCA,12,3,0,11,148.0,857.0,141.0,148.0,144.44494718081197,-3.5550528191880346,-3.4449471808119654,3.4449471808119654
BOS,DCA,BOS-DCA,12,3,0,17,111.0,399.0,106.0,111.0,106.71297784914158,-4.287022150858419,-0.7129778491415806,0.7129778491415806
DCA,BOS,DCA-BOS,12,3,0,14,90.0,399.0,96.0,90.0,92.81191135880705,2.811911358807052,3.188088641192948,3.188088641192948
DCA,ORD,DCA-ORD,12,3,0,19,143.0,612.0,127.0,143.0,137.44748732351758,-5.552512676482422,-10.447487323517578,10.447487323517578
CLT,IAD,CLT-IAD,12,3,0,12,84.0,322.0,68.0,84.0,77.66739829538744,-6.332601704612557,-9.667398295387443,9.667398295387443
IAD,CLT,IAD-CLT,12,3,0,14,93.0,322.0,94.0,93.0,83.91648143840062,-9.083518561599377,10.083518561599377,10.083518561599377
DCA,BOS,DCA-BOS,12,3,0,17,98.0,399.0,97.0,98.0,99.68065471950176,1.68065471950176,-2.68065471950176,2.68065471950176
ORD,DCA,ORD-DCA,12,3,0,6,115.0,612.0,111.0,115.0,115.17032023086017,0.17032023086017034,-4.17032023086017,4.17032023086017
DCA,PBI,DCA-PBI,12,3,0,10,156.0,857.0,150.0,156.0,148.02066911264856,-7.979330887351438,1.9793308873514377,1.9793308873514377
PBI,DCA,PBI-DCA,12,3,0,13,147.0,857.0,122.0,147.0,142.78294787122022,-4.217052128779784,-20.782947871220216,20.782947871220216
DCA,JAX,DCA-JAX,12,3,0,15,126.0,634.0,131.0,126.0,121.41309047787396,-4.586909522126035,9.586909522126035,9.586909522126035
JAX,DCA,JAX-DCA,12,3,0,18,116.0,634.0,102.0,116.0,115.21195548547644,-0.7880445145235626,-13.211955485476437,13.211955485476437
MIA,DCA,MIA-DCA,12,3,0,17,153.0,919.0,155.0,153.0,151.15144093289143,-1.8485590671085674,3.8485590671085674,3.8485590671085674
DFW,DCA,DFW-DCA,12,3,0,10,169.0,1192.0,147.0,169.0,163.11685036240522,-5.883149637594784,-16.116850362405216,16.116850362405216
MIA,DCA,MIA-DCA,12,3,0,18,153.0,919.0,142.0,153.0,151.15144093289143,-1.8485590671085674,-9.151440932891433,9.151440932891433
DCA,MIA,DCA-MIA,12,3,0,14,173.0,919.0,147.0,173.0,162.67339573260483,-10.326604267395169,-15.673395732604831,15.673395732604831
MIA,RIC,MIA-RIC,12,3,0,21,144.0,826.0,127.0,144.0,136.9169656482945,-7.083034351705493,-9.916965648294507,9.916965648294507
CLT,RIC,CLT-RIC,12,3,0,8,74.0,257.0,66.0,74.0,68.16101147344314,-5.838988526556861,-2.161011473443139,2.161011473443139
RIC,CLT,RIC-CLT,12,3,0,10,86.0,257.0,70.0,86.0,76.30136135400883,-9.698638645991167,-6.301361354008833,6.301361354008833
DCA,MIA,DCA-MIA,12,3,0,19,177.0,919.0,157.0,177.0,163.87478322455183,-13.125216775448166,-6.874783224551834,6.874783224551834
MIA,DCA,MIA-DCA,12,3,0,16,151.0,919.0,140.0,151.0,149.53161521401,-1.468384785989997,-9.531615214010003,9.531615214010003
RIC,CLT,RIC-CLT,12,3,0,7,87.0,257.0,96.0,87.0,77.29873456198234,-9.701265438017657,18.701265438017657,18.701265438017657
MIA,ORF,MIA-ORF,12,3,0,21,144.0,802.0,126.0,144.0,133.1933073563507,-10.806692643649313,-7.193307356350687,7.193307356350687
MIA,DCA,MIA-DCA,12,3,0,10,157.0,919.0,146.0,157.0,150.7232428190154,-6.276757180984589,-4.723242819015411,4.723242819015411
DCA,CLT,DCA-CLT,12,3,0,13,91.0,331.0,82.0,91.0,87.50173882485674,-3.4982611751432557,-5.501738824856744,5.501738824856744
CLT,RIC,CLT-RIC,12,3,0,21,73.0,257.0,61.0,73.0,66.95827437684301,-6.041725623156992,-5.958274376843008,5.958274376843008
DCA,DFW,DCA-DFW,12,3,0,18,217.0,1192.0,207.0,217.0,212.14646178489224,-4.853538215107761,-5.146461784892239,5.146461784892239
CLT,DCA,CLT-DCA,12,3,0,16,86.0,331.0,68.0,86.0,92.32736745437681,6.327367454376812,-24.327367454376812,24.327367454376812
DFW,DCA,DFW-DCA,12,3,0,5,169.0,1192.0,158.0,169.0,164.27026027145575,-4.729739728544246,-6.270260271455754,6.270260271455754
DCA,TPA,DCA-TPA,12,3,0,10,168.0,814.0,151.0,168.0,154.36005152354377,-13.639948476456226,-3.360051523543774,3.360051523543774
RIC,DFW,RIC-DFW,12,3,0,6,223.0,1158.0,236.0,223.0,216.40522439315038,-6.594775606849623,19.594775606849623,19.594775606849623
ORF,DFW,ORF-DFW,12,3,0,6,231.0,1212.0,221.0,231.0,219.4106750335386,-11.58932496646139,1.5893249664613904,1.5893249664613904
SAT,DCA,SAT-DCA,12,3,0,6,192.0,1380.0,175.0,192.0,183.28229938941834,-8.717700610581659,-8.282299389418341,8.282299389418341
DCA,DFW,DCA-DFW,12,3,0,11,217.0,1192.0,210.0,217.0,210.2189576125408,-6.781042387459195,-0.21895761254080526,0.21895761254080526
RIC,CLT,RIC-CLT,12,3,0,6,87.0,257.0,102.0,87.0,77.12690360266517,-9.873096397334834,24.873096397334834,24.873096397334834
DCA,MCO,DCA-MCO,12,3,0,17,157.0,759.0,147.0,157.0,151.89733697497752,-5.10266302502248,-4.89733697497752,4.89733697497752
DFW,DCA,DFW-DCA,12,3,0,12,174.0,1192.0,157.0,174.0,169.81806165619875,-4.181938343801249,-12.81806165619875,12.81806165619875
DCA,DFW,DCA-DFW,12,3,0,7,219.0,1192.0,220.0,219.0,212.0120854519226,-6.987914548077413,7.987914548077413,7.987914548077413
RIC,MIA,RIC-MIA,12,3,0,6,160.0,826.0,156.0,160.0,150.45502126743688,-9.544978732563123,5.5449787325631235,5.5449787325631235
CLT,RIC,CLT-RIC,12,3,0,13,72.0,257.0,66.0,72.0,67.26954655784988,-4.730453442150122,-1.2695465578498784,1.2695465578498784
RIC,DFW,RIC-DFW,12,3,0,15,219.0,1158.0,233.0,219.0,215.3239218897463,-3.6760781102537123,17.676078110253712,17.676078110253712
MCO,DCA,MCO-DCA,12,3,0,15,136.0,759.0,116.0,136.0,134.657359115807,-1.3426408841930026,-18.657359115806997,18.657359115806997
DCA,TPA,DCA-TPA,12,3,0,18,148.0,814.0,149.0,148.0,146.5268552976821,-1.47314470231791,2.47314470231791,2.47314470231791
CLT,RIC,CLT-RIC,12,3,0,20,75.0,257.0,63.0,75.0,69.25515610348295,-5.744843896517054,-6.255156103482946,6.255156103482946
RIC,CLT,RIC-CLT,12,3,0,15,86.0,257.0,79.0,86.0,78.19962970777509,-7.800370292224912,0.8003702922249119,0.8003702922249119
DFW,RIC,DFW-RIC,12,3,0,10,170.0,1158.0,143.0,170.0,161.53375523944948,-8.466244760550524,-18.533755239449476,18.533755239449476
ORF,MIA,ORF-MIA,12,3,0,5,146.0,802.0,134.0,146.0,136.8004044029672,-9.199595597032811,-2.800404402967189,2.800404402967189
MIA,DCA,MIA-DCA,12,3,0,8,150.0,919.0,152.0,150.0,148.02275137279725,-1.977248627202755,3.977248627202755,3.977248627202755
DCA,MCO,DCA-MCO,12,3,0,11,148.0,759.0,140.0,148.0,145.43904793377442,-2.560952066225582,-5.439047933774418,5.439047933774418
DCA,DFW,DCA-DFW,12,3,0,6,224.0,1192.0,211.0,224.0,214.26387136377537,-9.736128636224635,-3.2638713637753654,3.2638713637753654
ORF,CLT,ORF-CLT,12,3,0,6,89.0,290.0,75.0,89.0,79.48428404664828,-9.515715953351716,-4.484284046648284,4.484284046648284
CLT,ORF,CLT-ORF,12,3,0,21,78.0,290.0,72.0,78.0,65.72334135686515,-12.276658643134851,6.2766586431348514,6.2766586431348514
CLT,ORF,CLT-ORF,12,3,0,8,74.0,290.0,62.0,74.0,68.19669816013935,-5.8033018398606515,-6.1966981601393485,6.1966981601393485
ORF,CLT,ORF-CLT,12,3,0,10,91.0,290.0,75.0,91.0,81.2887756278231,-9.7112243721769,-6.2887756278230995,6.2887756278230995
MCO,DCA,MCO-DCA,12,3,0,19,133.0,759.0,125.0,133.0,130.90143182403574,-2.0985681759642603,-5.90143182403574,5.90143182403574
DCA,ORD,DCA-ORD,12,3,0,15,146.0,612.0,131.0,146.0,140.8235561528652,-5.176443847134806,-9.823556152865194,9.823556152865194
ORD,DCA,ORD-DCA,12,3,0,12,120.0,612.0,99.0,120.0,119.78740077949863,-0.21259922050137448,-20.787400779498626,20.787400779498626
DFW,DCA,DFW-DCA,12,3,0,17,165.0,1192.0,144.0,165.0,165.98605283740704,0.9860528374070441,-21.986052837407044,21.986052837407044
DFW,IAD,DFW-IAD,12,3,0,12,174.0,1172.0,156.0,174.0,168.6029918528163,-5.397008147183698,-12.602991852816302,12.602991852816302
IAD,DFW,IAD-DFW,12,3,0,17,222.0,1172.0,215.0,222.0,204.49820318263798,-17.50179681736202,10.50179681736202,10.50179681736202
DCA,DFW,DCA-DFW,12,3,0,8,232.0,1192.0,229.0,232.0,218.02394423527156,-13.976055764728443,10.976055764728443,10.976055764728443
DCA,SAT,DCA-SAT,12,3,0,19,231.0,1380.0,245.0,231.0,218.34697759608866,-12.653022403911336,26.653022403911336,26.653022403911336
DFW,DCA,DFW-DCA,12,3,0,14,167.0,1192.0,151.0,167.0,164.61740156516717,-2.382598434832829,-13.617401565167171,13.617401565167171
DFW,ORF,DFW-ORF,12,3,0,10,175.0,1212.0,151.0,175.0,166.55983590407706,-8.440164095922938,-15.559835904077062,15.559835904077062
ORF,DFW,ORF-DFW,12,3,0,15,228.0,1212.0,222.0,228.0,220.16308465522272,-7.836915344777282,1.8369153447772817,1.8369153447772817
DFW,IAD,DFW-IAD,12,3,0,19,170.0,1172.0,166.0,170.0,166.6243375613002,-3.3756624386998055,-0.6243375613001945,0.6243375613001945
DCA,MIA,DCA-MIA,12,3,0,11,164.0,919.0,158.0,164.0,159.77171267071293,-4.22828732928707,-1.7717126707129296,1.7717126707129296
DFW,DCA,DFW-DCA,12,3,0,7,170.0,1192.0,156.0,170.0,166.72300955379347,-3.2769904462065256,-10.723009553793474,10.723009553793474
DFW,RIC,DFW-RIC,12,3,0,18,163.0,1158.0,137.0,163.0,157.77220130174555,-5.227798698254446,-20.772201301745554,20.772201301745554
DCA,MCO,DCA-MCO,12,3,0,8,142.0,759.0,160.0,142.0,141.13747391904604,-0.8625260809539554,18.862526080953955,18.862526080953955
DCA,MCO,DCA-MCO,12,3,0,15,156.0,759.0,157.0,156.0,151.68372468221918,-4.316275317780821,5.316275317780821,5.316275317780821
MIA,DCA,MIA-DCA,12,3,0,11,156.0,919.0,151.0,156.0,151.31226241630358,-4.687737583696418,-0.3122624163035823,0.3122624163035823
IAD,DFW,IAD-DFW,12,3,0,6,223.0,1172.0,206.0,223.0,205.6765852167307,-17.3234147832693,0.32341478326929973,0.32341478326929973
DCA,MIA,DCA-MIA,12,3,0,8,167.0,919.0,186.0,167.0,159.3220939365595,-7.677906063440503,26.677906063440503,26.677906063440503
DCA,PBI,DCA-PBI,12,4,0,14,163.0,857.0,167.0,163.0,152.03794085304665,-10.96205914695335,14.96205914695335,14.96205914695335
PBI,DCA,PBI-DCA,12,4,0,18,148.0,857.0,130.0,148.0,147.07328805204457,-0.9267119479554253,-17.073288052044575,17.073288052044575
DCA,TPA,DCA-TPA,12,4,0,8,150.0,814.0,161.0,150.0,145.33643574474178,-4.663564255258223,15.663564255258223,15.663564255258223
TPA,DCA,TPA-DCA,12,4,0,11,135.0,814.0,127.0,135.0,130.41826474063515,-4.581735259364848,-3.418264740635152,3.418264740635152
DCA,CLT,DCA-CLT,12,4,0,19,108.0,331.0,116.0,108.0,96.67891322491292,-11.321086775087082,19.321086775087082,19.321086775087082
CLT,DCA,CLT-DCA,12,4,0,9,91.0,331.0,85.0,91.0,92.47654791532437,1.4765479153243746,-7.476547915324375,7.476547915324375
DCA,ORD,DCA-ORD,12,4,0,11,133.0,612.0,133.0,133.0,127.43843072148992,-5.561569278510078,5.561569278510078,5.561569278510078
ORD,DCA,ORD-DCA,12,4,0,15,122.0,612.0,110.0,122.0,118.60478154315763,-3.395218456842372,-8.604781543157628,8.604781543157628
CLT,DCA,CLT-DCA,12,4,0,18,89.0,331.0,85.0,89.0,92.56051116496157,3.560511164961568,-7.560511164961568,7.560511164961568
CLT,IAD,CLT-IAD,12,4,0,11,88.0,322.0,71.0,88.0,77.5606824871836,-10.439317512816402,-6.560682487183598,6.560682487183598
IAD,CLT,IAD-CLT,12,4,0,14,93.0,322.0,86.0,93.0,84.19782685473758,-8.802173145262415,1.8021731452624152,1.8021731452624152
DCA,DFW,DCA-DFW,12,4,0,6,224.0,1192.0,250.0,224.0,214.5452167801123,-9.454783219887702,35.4547832198877,35.4547832198877
DCA,BOS,DCA-BOS,12,4,0,11,89.0,399.0,96.0,89.0,91.70866589017321,2.708665890173208,4.291334109826792,4.291334109826792
DCA,MSY,DCA-MSY,12,4,0,6,178.0,969.0,172.0,178.0,164.3455498319152,-13.654450168084793,7.654450168084793,7.654450168084793
MSY,DCA,MSY-DCA,12,4,0,9,148.0,969.0,132.0,148.0,147.04855388667042,-0.9514461133295811,-15.048553886670419,15.048553886670419
DCA,DFW,DCA-DFW,12,4,0,12,222.0,1192.0,242.0,222.0,211.78810964517587,-10.211890354824135,30.211890354824135,30.211890354824135
DFW,DCA,DFW-DCA,12,4,0,8,170.0,1192.0,152.0,170.0,167.1562910413012,-2.8437089586988122,-15.156291041301188,15.156291041301188
DFW,DCA,DFW-DCA,12,4,0,5,168.0,1192.0,161.0,168.0,164.46860760830603,-3.53139239169397,-3.46860760830603,3.46860760830603
CLT,RIC,CLT-RIC,12,4,0,21,75.0,257.0,80.0,75.0,67.49229581156226,-7.507704188437742,12.507704188437742,12.507704188437742
ORF,DFW,ORF-DFW,12,4,0,6,231.0,1212.0,259.0,231.0,219.69202044987554,-11.307979550124458,39.30797955012446,39.30797955012446
DFW,ORF,DFW-ORF,12,4,0,10,176.0,1212.0,149.0,176.0,166.841181320414,-9.158818679586005,-17.841181320413995,17.841181320413995
ORF,DFW,ORF-DFW,12,4,0,15,228.0,1212.0,242.0,228.0,220.44443007155965,-7.555569928440349,21.55556992844035,21.55556992844035
ORD,DCA,ORD-DCA,12,4,0,20,121.0,612.0,98.0,121.0,115.5943322376143,-5.405667762385704,-17.594332237614296,17.594332237614296
MIA,DCA,MIA-DCA,12,4,0,21,165.0,919.0,145.0,165.0,158.29712196593084,-6.702878034069158,-13.297121965930842,13.297121965930842
MIA,DCA,MIA-DCA,12,4,0,20,152.0,919.0,137.0,152.0,148.28467743828037,-3.7153225617196313,-11.284677438280369,11.284677438280369
DCA,MIA,DCA-MIA,12,4,0,5,160.0,919.0,153.0,160.0,152.46476691615658,-7.535233083843423,0.5352330838434227,0.5352330838434227
MIA,ORF,MIA-ORF,12,4,0,21,144.0,802.0,121.0,144.0,133.47465277268762,-10.52534722731238,-12.47465277268762,12.47465277268762
DCA,MIA,DCA-MIA,12,4,0,5,162.0,919.0,153.0,162.0,153.48421663511,-8.515783364890012,-0.4842166351099877,0.4842166351099877
DCA,DFW,DCA-DFW,12,4,0,7,219.0,1192.0,228.0,219.0,212.29343086825952,-6.70656913174048,15.70656913174048,15.70656913174048
DCA,MCO,DCA-MCO,12,4,0,15,156.0,759.0,159.0,156.0,151.92873787849447,-4.0712621215055265,7.0712621215055265,7.0712621215055265
DCA,MIA,DCA-MIA,12,4,0,17,167.0,919.0,170.0,167.0,161.38220281099325,-5.617797189006751,8.617797189006751,8.617797189006751
MIA,DCA,MIA-DCA,12,4,0,14,147.0,919.0,132.0,147.0,145.91157992104638,-1.088420078953618,-13.911579921046382,13.911579921046382
DCA,MCO,DCA-MCO,12,4,0,6,144.0,759.0,153.0,144.0,142.19464476049333,-1.8053552395066674,10.805355239506667,10.805355239506667
MCO,DCA,MCO-DCA,12,4,0,20,132.0,759.0,116.0,132.0,129.34452421979867,-2.6554757802013285,-13.344524219798672,13.344524219798672
LAS,DCA,LAS-DCA,12,4,0,13,269.0,2089.0,240.0,269.0,263.94827805156956,-5.0517219484304405,-23.94827805156956,23.94827805156956
DCA,LAX,DCA-LAX,12,4,0,17,356.0,2311.0,369.0,356.0,345.7171083816048,-10.282891618395183,23.282891618395183,23.282891618395183
LAX,DCA,LAX-DCA,12,4,0,7,296.0,2311.0,269.0,296.0,285.245780486009,-10.754219513991018,-16.245780486008982,16.245780486008982
PHX,DCA,PHX-DCA,12,4,0,14,249.0,1979.0,216.0,249.0,243.57517314853257,-5.424826851467429,-27.57517314853257,27.57517314853257
LAX,DCA,LAX-DCA,12,4,0,12,294.0,2311.0,257.0,294.0,282.45372564725847,-11.546274352741534,-25.453725647258466,25.453725647258466
PHX,DCA,PHX-DCA,12,4,0,0,243.0,1979.0,216.0,243.0,236.3083113654925,-6.6916886345075,-20.3083113654925,20.3083113654925
DCA,LAX,DCA-LAX,12,4,0,8,366.0,2311.0,395.0,366.0,350.7113313013673,-15.288668698632705,44.288668698632705,44.288668698632705
DCA,PHX,DCA-PHX,12,4,0,7,322.0,1979.0,335.0,322.0,306.77302803691964,-15.22697196308036,28.22697196308036,28.22697196308036
DCA,PHX,DCA-PHX,12,4,0,10,316.0,1979.0,323.0,316.0,305.6299876810616,-10.370012318938393,17.370012318938393,17.370012318938393
DCA,PHX,DCA-PHX,12,4,0,16,306.0,1979.0,314.0,306.0,296.4378518693995,-9.56214813060052,17.56214813060052,17.56214813060052
PHX,DCA,PHX-DCA,12,4,0,9,257.0,1979.0,224.0,257.0,246.93798087787212,-10.062019122127879,-22.93798087787212,22.93798087787212
DCA,LAS,DCA-LAS,12,4,0,7,330.0,2089.0,341.0,330.0,318.4860368472148,-11.513963152785209,22.51396315278521,22.51396315278521
DFW,DCA,DFW-DCA,12,4,0,19,170.0,1192.0,154.0,170.0,168.039955075344,-1.960044924655989,-14.039955075344011,14.039955075344011
DFW,RIC,DFW-RIC,12,4,0,18,159.0,1158.0,140.0,159.0,158.55280921586882,-0.4471907841311804,-18.55280921586882,18.55280921586882
DCA,CLT,DCA-CLT,12,4,0,8,94.0,331.0,124.0,94.0,88.22742750277594,-5.772572497224061,35.77257249722406,35.77257249722406
CLT,RIC,CLT-RIC,12,4,0,18,75.0,257.0,65.0,75.0,70.54310972917924,-4.4568902708207645,-5.5431097291792355,5.5431097291792355
RIC,CLT,RIC-CLT,12,4,0,20,88.0,257.0,89.0,88.0,78.77618139206919,-9.22381860793081,10.22381860793081,10.22381860793081
DCA,FLL,DCA-FLL,12,4,0,15,170.0,899.0,171.0,170.0,160.40415788945026,-9.59584211054974,10.59584211054974,10.59584211054974
FLL,DCA,FLL-DCA,12,4,0,18,154.0,899.0,141.0,154.0,149.6939481907918,-4.306051809208213,-8.693948190791787,8.693948190791787
ORD,DCA,ORD-DCA,12,4,0,11,113.0,612.0,124.0,113.0,113.7646326857352,0.7646326857351937,10.235367314264806,10.235367314264806
CLT,DCA,CLT-DCA,12,4,0,22,85.0,331.0,69.0,85.0,81.94770816580494,-3.05229183419506,-12.94770816580494,12.94770816580494
DCA,CLT,DCA-CLT,12,4,0,5,89.0,331.0,78.0,89.0,81.06805957802013,-7.931940421979874,-3.068059578020126,3.068059578020126
CLT,DCA,CLT-DCA,12,4,0,20,86.0,331.0,90.0,86.0,91.40042296745932,5.4004229674593205,-1.4004229674593205,1.4004229674593205
DCA,CHS,DCA-CHS,12,4,0,19,107.0,444.0,112.0,107.0,102.99001444132246,-4.009985558677542,9.009985558677542,9.009985558677542
PWM,DCA,PWM-DCA,12,4,0,5,120.0,482.0,115.0,120.0,112.32736704602829,-7.672632953971714,2.672632953971714,2.672632953971714
DCA,VPS,DCA-VPS,12,4,0,8,157.0,789.0,183.0,157.0,148.90794099099054,-8.09205900900946,34.09205900900946,34.09205900900946
VPS,DCA,VPS-DCA,12,4,0,10,130.0,789.0,120.0,130.0,128.72274042369895,-1.2772595763010486,-8.722740423698951,8.722740423698951
BDL,DCA,BDL-DCA,12,4,0,17,89.0,313.0,78.0,89.0,82.15631280871452,-6.843687191285483,-4.156312808714517,4.156312808714517
DCA,BDL,DCA-BDL,12,4,0,15,88.0,313.0,68.0,88.0,79.89994752848062,-8.100052471519376,-11.899947528480624,11.899947528480624
DCA,PWM,DCA-PWM,12,4,0,14,91.0,482.0,91.0,91.0,92.20717470492586,1.2071747049258619,-1.2071747049258619,1.2071747049258619
PWM,DCA,PWM-DCA,12,4,0,17,117.0,482.0,111.0,117.0,110.27476647568817,-6.725233524311832,0.7252335243118324,0.7252335243118324
DCA,SRQ,DCA-SRQ,12,4,0,8,158.0,851.0,165.0,158.0,151.23116679389463,-6.76883320610537,13.76883320610537,13.76883320610537
SRQ,DCA,SRQ-DCA,12,4,0,11,149.0,851.0,140.0,149.0,144.7262925971489,-4.273707402851102,-4.726292597148898,4.726292597148898
DCA,BNA,DCA-BNA,12,4,0,20,126.0,562.0,153.0,126.0,116.75304578047081,-9.246954219529187,36.24695421952919,36.24695421952919
CHS,DCA,CHS-DCA,12,4,0,6,94.0,444.0,78.0,94.0,89.85642248914986,-4.143577510850136,-11.856422489149864,11.856422489149864
JAX,DCA,JAX-DCA,12,4,0,7,116.0,634.0,107.0,116.0,114.30898173818571,-1.6910182618142926,-7.308981738185707,7.308981738185707
DCA,FLL,DCA-FLL,12,4,0,10,177.0,899.0,175.0,177.0,160.28655250783675,-16.713447492163255,14.713447492163255,14.713447492163255
FLL,DCA,FLL-DCA,12,4,0,13,153.0,899.0,135.0,153.0,147.95865778709754,-5.041342212902464,-12.958657787097536,12.958657787097536
DCA,PBI,DCA-PBI,12,4,0,16,154.0,857.0,155.0,154.0,148.63619787692934,-5.363802123070656,6.363802123070656,6.363802123070656
PBI,DCA,PBI-DCA,12,4,0,20,147.0,857.0,130.0,147.0,142.6954741976612,-4.304525802338787,-12.695474197661213,12.695474197661213
DCA,PVD,DCA-PVD,12,4,0,13,78.0,356.0,79.0,78.0,76.67624014955904,-1.3237598504409647,2.3237598504409647,2.3237598504409647
PVD,DCA,PVD-DCA,12,4,0,15,96.0,356.0,93.0,96.0,93.36338520585271,-2.6366147941472917,-0.3633852058527083,0.3633852058527083
BNA,DCA,BNA-DCA,12,4,0,20,108.0,562.0,118.0,108.0,107.20643952454135,-0.7935604754586478,10.793560475458648,10.793560475458648
DCA,BNA,DCA-BNA,12,4,0,17,120.0,562.0,141.0,120.0,118.3411997686347,-1.658800231365305,22.658800231365305,22.658800231365305
BOS,DCA,BOS-DCA,12,4,0,6,109.0,399.0,102.0,109.0,102.38845353629213,-6.611546463707867,-0.38845353629213264,0.38845353629213264
BOS,DCA,BOS-DCA,12,4,0,11,107.0,399.0,100.0,107.0,101.98009992560678,-5.01990007439322,-1.9800999256067797,1.9800999256067797
DCA,BOS,DCA-BOS,12,4,0,8,101.0,399.0,96.0,101.0,100.88099272030595,-0.11900727969404556,-4.880992720305954,4.880992720305954
CLT,IAD,CLT-IAD,12,4,0,22,81.0,322.0,66.0,81.0,76.18960735701266,-4.810392642987338,-10.189607357012662,10.189607357012662
CLT,ORF,CLT-ORF,12,4,0,7,73.0,290.0,62.0,73.0,67.6068710470276,-5.393128952972404,-5.606871047027596,5.606871047027596
ORF,CLT,ORF-CLT,12,4,0,9,91.0,290.0,95.0,91.0,81.57012104416006,-9.42987895583994,13.42987895583994,13.42987895583994
DCA,BOS,DCA-BOS,12,4,0,22,89.0,399.0,75.0,89.0,88.83999255972576,-0.16000744027424219,-13.839992559725758,13.839992559725758
BOS,DCA,BOS-DCA,12,4,0,17,111.0,399.0,123.0,111.0,106.99432326547854,-4.005676734521458,16.005676734521458,16.005676734521458
DCA,BOS,DCA-BOS,12,4,0,14,90.0,399.0,102.0,90.0,92.84305736183667,2.843057361836671,9.15694263816333,9.15694263816333
IAD,CLT,IAD-CLT,12,4,0,6,93.0,322.0,116.0,93.0,88.37714291555534,-4.622857084444661,27.62285708444466,27.62285708444466
DFW,IAD,DFW-IAD,12,4,0,12,169.0,1172.0,165.0,169.0,163.87262585845676,-5.127374141543243,1.1273741415432426,1.1273741415432426
IAD,DFW,IAD-DFW,12,4,0,16,222.0,1172.0,236.0,222.0,204.52769934607562,-17.47230065392438,31.47230065392438,31.47230065392438
DCA,JAX,DCA-JAX,12,4,0,19,131.0,634.0,152.0,131.0,128.51636073366203,-2.483639266337974,23.483639266337974,23.483639266337974
DCA,PBI,DCA-PBI,12,4,0,7,153.0,857.0,146.0,153.0,146.73542139622904,-6.264578603770957,-0.735421396229043,0.735421396229043
PBI,DCA,PBI-DCA,12,4,0,11,148.0,857.0,130.0,148.0,144.7262925971489,-3.2737074028511017,-14.726292597148898,14.726292597148898
CHS,DCA,CHS-DCA,12,4,0,17,97.0,444.0,79.0,97.0,96.53499692410672,-0.4650030758932786,-17.53499692410672,17.53499692410672
DCA,CHS,DCA-CHS,12,4,0,14,98.0,444.0,111.0,98.0,97.31113352728784,-0.6888664727121636,13.688866472712164,13.688866472712164
CLT,RIC,CLT-RIC,12,4,0,22,80.0,257.0,68.0,80.0,73.37630535038524,-6.623694649614762,-5.376305350385238,5.376305350385238
DCA,CLT,DCA-CLT,12,4,0,6,91.0,331.0,108.0,91.0,87.4164947027853,-3.5835052972146997,20.5835052972147,20.5835052972147
CLT,RIC,CLT-RIC,12,4,0,8,72.0,257.0,66.0,72.0,67.83152396799414,-4.168476032005856,-1.8315239679941442,1.8315239679941442
RIC,CLT,RIC-CLT,12,4,0,10,86.0,257.0,75.0,86.0,76.5827067703458,-9.417293229654206,-1.5827067703457942,1.5827067703457942
DCA,CLT,DCA-CLT,12,4,0,17,102.0,331.0,87.0,102.0,94.49028729351593,-7.509712706484066,-7.490287293515934,7.490287293515934
DCA,RSW,DCA-RSW,12,4,0,10,166.0,892.0,166.0,166.0,158.5839361254958,-7.416063874504204,7.416063874504204,7.416063874504204
RSW,DCA,RSW-DCA,12,4,0,13,147.0,892.0,126.0,147.0,143.8701943485203,-3.1298056514796997,-17.8701943485203,17.8701943485203
BNA,DCA,BNA-DCA,12,4,0,6,109.0,562.0,100.0,109.0,107.45177110501966,-1.5482288949803404,-7.45177110501966,7.45177110501966
BOS,DCA,BOS-DCA,12,4,0,7,124.0,399.0,116.0,124.0,111.31172695226063,-12.688273047739372,4.688273047739372,4.688273047739372
DCA,DFW,DCA-DFW,12,4,0,10,228.0,1192.0,247.0,228.0,216.50141009085584,-11.498589909144158,30.498589909144158,30.498589909144158
DCA,BOS,DCA-BOS,12,4,0,17,98.0,399.0,106.0,98.0,99.71180072253138,1.711800722531379,6.288199277468621,6.288199277468621
BOS,DCA,BOS-DCA,12,4,0,9,109.0,399.0,106.0,109.0,101.39108032831862,-7.608919671681377,4.608919671681377,4.608919671681377
BOS,DCA,BOS-DCA,12,4,0,14,111.0,399.0,97.0,111.0,105.76759928421272,-5.2324007157872785,-8.767599284212721,8.767599284212721
BOS,DCA,BOS-DCA,12,4,0,20,110.0,399.0,105.0,110.0,103.21050692930186,-6.789493070698143,1.7894930706981427,1.7894930706981427
DCA,BOS,DCA-BOS,12,4,0,18,84.0,399.0,87.0,84.0,93.26976389955068,9.269763899550682,-6.269763899550682,6.269763899550682
DCA,ORD,DCA-ORD,12,4,0,9,134.0,612.0,130.0,134.0,126.9594042834368,-7.040595716563203,3.040595716563203,3.040595716563203
TPA,DCA,TPA-DCA,12,4,0,6,136.0,814.0,118.0,136.0,134.3267858989803,-1.6732141010197097,-16.32678589898029,16.32678589898029
CLT,DCA,CLT-DCA,12,4,0,7,82.0,331.0,110.0,82.0,92.99502140922259,10.995021409222588,17.004978590777412,17.004978590777412
DCA,JAX,DCA-JAX,12,4,0,15,126.0,634.0,131.0,126.0,121.69443589421093,-4.305564105789074,9.305564105789074,9.305564105789074
JAX,DCA,JAX-DCA,12,4,0,18,116.0,634.0,104.0,116.0,115.34401984243279,-0.655980157567214,-11.344019842432786,11.344019842432786
DCA,PBI,DCA-PBI,12,4,0,10,156.0,857.0,183.0,156.0,148.3020145289855,-7.697985471014505,34.697985471014505,34.697985471014505
PBI,DCA,PBI-DCA,12,4,0,13,147.0,857.0,134.0,147.0,143.06429328755715,-3.935706712442851,-9.064293287557149,9.064293287557149
DCA,PWM,DCA-PWM,12,4,0,22,90.0,482.0,90.0,90.0,86.76949654131835,-3.2305034586816532,3.2305034586816532,3.2305034586816532
ORD,DCA,ORD-DCA,12,4,0,6,115.0,612.0,144.0,115.0,115.45166564719713,0.45166564719713165,28.54833435280287,28.54833435280287
DCA,BOS,DCA-BOS,12,4,0,15,90.0,399.0,93.0,90.0,93.67471693222946,3.674716932229458,-0.6747169322294582,0.6747169322294582
DCA,PWM,DCA-PWM,12,4,0,10,93.0,482.0,87.0,93.0,91.31915071276129,-1.6808492872387149,-4.319150712761285,4.319150712761285
PWM,DCA,PWM-DCA,12,4,0,12,121.0,482.0,150.0,121.0,114.23934617753315,-6.76065382246685,35.76065382246685,35.76065382246685
MIA,DCA,MIA-DCA,12,4,0,17,153.0,919.0,147.0,153.0,151.43278634922837,-1.5672136507716345,-4.4327863492283655,4.4327863492283655
DCA,TPA,DCA-TPA,12,4,0,18,148.0,814.0,171.0,148.0,146.80820071401902,-1.1917992859809772,24.191799285980977,24.191799285980977
DFW,DCA,DFW-DCA,12,4,0,14,169.0,1192.0,146.0,169.0,165.06761040297846,-3.9323895970215403,-19.06761040297846,19.06761040297846
DCA,TPA,DCA-TPA,12,4,0,20,153.0,814.0,152.0,153.0,146.73907799401277,-6.260922005987226,5.260922005987226,5.260922005987226
DCA,RSW,DCA-RSW,12,4,0,14,168.0,892.0,165.0,168.0,160.18549956853482,-7.814500431465177,4.814500431465177,4.814500431465177
RSW,DCA,RSW-DCA,12,4,0,18,149.0,892.0,146.0,149.0,147.87918911300773,-1.120810886992274,-1.879189113007726,1.879189113007726
BOS,DCA,BOS-DCA,12,4,0,6,110.0,399.0,106.0,110.0,103.45583850978016,-6.544161490219835,2.5441614902198353,2.5441614902198353
DCA,TPA,DCA-TPA,12,4,0,13,152.0,814.0,140.0,152.0,145.60183500347634,-6.398164996523661,-5.601835003476339,5.601835003476339
TPA,DCA,TPA-DCA,12,4,0,17,134.0,814.0,123.0,134.0,132.69464172111472,-1.3053582788852793,-9.69464172111472,9.69464172111472
DCA,RSW,DCA-RSW,12,4,0,6,157.0,892.0,166.0,157.0,150.30943087156055,-6.690569128439449,15.69056912843945,15.69056912843945
RSW,DCA,RSW-DCA,12,4,0,10,147.0,892.0,128.0,147.0,142.2614921710988,-4.7385078289011915,-14.261492171098809,14.261492171098809
DCA,ORD,DCA-ORD,12,4,0,19,143.0,612.0,132.0,143.0,137.2543523216885,-5.745647678311514,-5.254352321688486,5.254352321688486
DCA,MIA,DCA-MIA,12,4,0,7,172.0,919.0,168.0,172.0,162.2767154171255,-9.723284582874498,5.7232845828744985,5.7232845828744985
DCA,DFW,DCA-DFW,12,4,0,17,229.0,1192.0,265.0,229.0,218.87462135915194,-10.125378640848055,46.125378640848055,46.125378640848055
ORD,DCA,ORD-DCA,12,4,0,12,120.0,612.0,130.0,120.0,120.06874619583559,0.06874619583558683,9.931253804164413,9.931253804164413
DCA,MIA,DCA-MIA,12,4,0,8,167.0,919.0,186.0,167.0,159.60343935289643,-7.39656064710357,26.39656064710357,26.39656064710357
MIA,DCA,MIA-DCA,12,4,0,6,149.0,919.0,141.0,149.0,147.94721307343616,-1.05278692656384,-6.94721307343616,6.94721307343616
DCA,MIA,DCA-MIA,12,4,0,9,165.0,919.0,164.0,165.0,159.57403164899668,-5.42596835100332,4.42596835100332,4.42596835100332
RIC,CLT,RIC-CLT,12,4,0,6,87.0,257.0,126.0,87.0,77.40824901900213,-9.591750980997872,48.59175098099787,48.59175098099787
CLT,ORF,CLT-ORF,12,4,0,11,75.0,290.0,66.0,75.0,67.91775389462022,-7.082246105379781,-1.917753894620219,1.917753894620219
ORF,CLT,ORF-CLT,12,4,0,13,92.0,290.0,90.0,92.0,82.12926168679677,-9.870738313203233,7.870738313203233,7.870738313203233
MIA,RIC,MIA-RIC,12,4,0,21,144.0,826.0,143.0,144.0,137.19831106463144,-6.80168893536856,5.80168893536856,5.80168893536856
CLT,ORF,CLT-ORF,12,4,0,22,81.0,290.0,78.0,81.0,70.73892970058309,-10.261070299416915,7.2610702994169145,7.2610702994169145
MIA,DCA,MIA-DCA,12,4,0,18,153.0,919.0,166.0,153.0,151.43278634922837,-1.5672136507716345,14.567213650771635,14.567213650771635
ORF,MIA,ORF-MIA,12,4,0,5,146.0,802.0,162.0,146.0,137.346125259922,-8.65387474007801,24.65387474007801,24.65387474007801
DCA,SYR,DCA-SYR,12,4,0,10,88.0,298.0,80.0,88.0,78.00167917471437,-9.998320825285631,1.9983208252856315,1.9983208252856315
SYR,DCA,SYR-DCA,12,4,0,12,91.0,298.0,129.0,91.0,83.38766551798699,-7.612334482013011,45.61233448201301,45.61233448201301
DFW,IAD,DFW-IAD,12,4,0,18,167.0,1172.0,158.0,167.0,165.1331261560371,-1.8668738439629067,-7.133126156037093,7.133126156037093
RIC,CLT,RIC-CLT,12,4,0,5,83.0,257.0,86.0,83.0,75.66448794761503,-7.335512052384971,10.33551205238497,10.33551205238497
CLT,RIC,CLT-RIC,12,4,0,16,78.0,257.0,61.0,78.0,70.73397866409917,-7.266021335900831,-9.733978664099169,9.733978664099169
RIC,CLT,RIC-CLT,12,4,0,18,88.0,257.0,81.0,88.0,79.6743860649365,-8.325613935063501,1.325613935063501,1.325613935063501
DFW,ORF,DFW-ORF,12,4,0,14,168.0,1212.0,162.0,168.0,163.42306995211675,-4.576930047883252,-1.423069952116748,1.423069952116748
ORF,DFW,ORF-DFW,12,4,0,19,225.0,1212.0,239.0,225.0,216.4008863712414,-8.599113628758602,22.5991136287586,22.5991136287586
MCO,DCA,MCO-DCA,12,4,0,19,133.0,759.0,131.0,133.0,131.18277724037267,-1.8172227596273274,-0.18277724037267262,0.18277724037267262
MIA,DCA,MIA-DCA,12,4,0,8,150.0,919.0,137.0,150.0,148.30409678913418,-1.695903210865822,-11.304096789134178,11.304096789134178
DCA,DFW,DCA-DFW,12,4,0,8,235.0,1192.0,253.0,235.0,218.3052896516085,-16.69471034839151,34.69471034839151,34.69471034839151
CLT,ORF,CLT-ORF,12,4,0,13,74.0,290.0,68.0,74.0,68.26116218111815,-5.738837818881848,-0.26116218111815215,0.26116218111815215
ORF,CLT,ORF-CLT,12,4,0,15,92.0,290.0,99.0,92.0,84.37564364865733,-7.624356351342669,14.62435635134267,14.62435635134267
DCA,ORD,DCA-ORD,12,4,0,15,146.0,612.0,144.0,146.0,140.6304211510361,-5.369578848963897,3.369578848963897,3.369578848963897
MCO,DCA,MCO-DCA,12,4,0,6,134.0,759.0,121.0,134.0,130.4352110483454,-3.564788951654606,-9.435211048345394,9.435211048345394
DCA,CLT,DCA-CLT,12,4,0,10,109.0,331.0,114.0,109.0,94.88287966020557,-14.117120339794425,19.117120339794425,19.117120339794425
CLT,DCA,CLT-DCA,12,4,0,12,86.0,331.0,124.0,86.0,92.97849592044378,6.978495920443777,31.021504079556223,31.021504079556223
CLT,RIC,CLT-RIC,12,4,0,7,70.0,257.0,76.0,70.0,67.6405350271845,-2.359464972815502,8.359464972815502,8.359464972815502
RIC,CLT,RIC-CLT,12,4,0,8,87.0,257.0,83.0,87.0,77.73201604949004,-9.267983950509958,5.267983950509958,5.267983950509958
MIA,DCA,MIA-DCA,12,4,0,10,157.0,919.0,142.0,157.0,151.00458823535234,-5.995411764647656,-9.004588235352344,9.004588235352344
RIC,MIA,RIC-MIA,12,4,0,6,160.0,826.0,167.0,160.0,150.7363666837738,-9.26363331622619,16.26363331622619,16.26363331622619
DCA,DFW,DCA-DFW,12,4,0,18,217.0,1192.0,228.0,217.0,212.42780720122917,-4.572192798770828,15.572192798770828,15.572192798770828
CLT,DCA,CLT-DCA,12,4,0,16,86.0,331.0,79.0,86.0,92.60871287071377,6.608712870713774,-13.608712870713774,13.608712870713774
DCA,CLT,DCA-CLT,12,4,0,13,91.0,331.0,96.0,91.0,87.7830842411937,-3.2169157588062944,8.216915758806294,8.216915758806294
DCA,MCO,DCA-MCO,12,4,0,17,157.0,759.0,159.0,157.0,152.14235017125282,-4.857649828747185,6.857649828747185,6.857649828747185
DFW,DCA,DFW-DCA,12,4,0,12,177.0,1192.0,158.0,177.0,170.09940707253568,-6.9005929274643165,-12.099407072535683,12.099407072535683
DCA,MIA,DCA-MIA,12,4,0,19,177.0,919.0,182.0,177.0,164.15612864088877,-12.843871359111233,17.843871359111233,17.843871359111233
DFW,DCA,DFW-DCA,12,4,0,17,166.0,1192.0,148.0,166.0,166.26739825374398,0.26739825374397697,-18.267398253743977,18.267398253743977
DCA,MIA,DCA-MIA,12,4,0,11,164.0,919.0,161.0,164.0,160.05305808704986,-3.9469419129501375,0.9469419129501375,0.9469419129501375
DFW,DCA,DFW-DCA,12,4,0,7,169.0,1192.0,148.0,169.0,164.67700806205823,-4.322991937941765,-16.677008062058235,16.677008062058235
ORF,CLT,ORF-CLT,12,4,0,5,88.0,290.0,115.0,88.0,78.60028018751852,-9.399719812481479,36.39971981248148,36.39971981248148
DCA,DFW,DCA-DFW,12,4,0,14,222.0,1192.0,245.0,222.0,211.84882209199068,-10.151177908009316,33.151177908009316,33.151177908009316
DFW,DCA,DFW-DCA,12,4,0,10,173.0,1192.0,162.0,173.0,166.81555350516314,-6.1844464948368625,-4.8155535051631375,4.8155535051631375
DCA,SAT,DCA-SAT,12,4,0,19,231.0,1380.0,259.0,231.0,218.6283230124256,-12.371676987574403,40.3716769875744,40.3716769875744
DFW,DCA,DFW-DCA,12,4,0,15,165.0,1192.0,147.0,165.0,166.0155490008447,1.0155490008446861,-19.015549000844686,19.015549000844686
DCA,MIA,DCA-MIA,12,4,0,14,173.0,919.0,177.0,173.0,162.95474114894176,-10.045258851058236,14.045258851058236,14.045258851058236
MCO,DCA,MCO-DCA,12,4,0,11,133.0,759.0,156.0,133.0,129.91686427842498,-3.083135721575019,26.08313572157502,26.08313572157502
DCA,MCO,DCA-MCO,12,4,0,8,142.0,759.0,159.0,142.0,141.38248711532134,-0.6175128846786606,17.61751288467866,17.61751288467866
DCA,MIA,DCA-MIA,12,4,0,17,177.0,919.0,153.0,177.0,164.70311232271848,-12.296887677281518,-11.703112322718482,11.703112322718482
TPA,DCA,TPA-DCA,12,4,0,18,135.0,814.0,124.0,135.0,132.69464172111472,-2.3053582788852793,-8.69464172111472,8.69464172111472
DCA,ORD,DCA-ORD,12,4,0,6,139.0,612.0,137.0,139.0,133.66293732739646,-5.337062672603537,3.337062672603537,3.337062672603537
DFW,RIC,DFW-RIC,12,4,0,10,170.0,1158.0,138.0,170.0,163.50956657402676,-6.490433425973237,-25.509566574026763,25.509566574026763
RIC,DFW,RIC-DFW,12,4,0,15,219.0,1158.0,262.0,219.0,215.60526730608322,-3.3947326939167795,46.39473269391678,46.39473269391678
DFW,ORF,DFW-ORF,12,4,0,18,168.0,1212.0,146.0,168.0,165.52491842904328,-2.4750815709567178,-19.524918429043282,19.524918429043282
DFW,RIC,DFW-RIC,12,4,0,14,161.0,1158.0,146.0,161.0,157.2373413832698,-3.7626586167301923,-11.237341383269808,11.237341383269808
RIC,DFW,RIC-DFW,12,4,0,19,217.0,1158.0,237.0,217.0,215.10723329582942,-1.8927667041705831,21.892766704170583,21.892766704170583
SAT,DCA,SAT-DCA,12,4,0,6,192.0,1380.0,167.0,192.0,183.56364480575527,-8.436355194244726,-16.563644805755274,16.563644805755274
DCA,DFW,DCA-DFW,12,4,0,11,217.0,1192.0,236.0,217.0,210.50030302887774,-6.499696971122262,25.499696971122262,25.499696971122262
MCO,DCA,MCO-DCA,12,4,0,15,136.0,759.0,124.0,136.0,134.93870453214393,-1.0612954678560698,-10.93870453214393,10.93870453214393
DCA,BOS,DCA-BOS,12,4,0,20,91.0,399.0,88.0,91.0,95.33076174081319,4.3307617408131875,-7.3307617408131875,7.3307617408131875
MIA,DCA,MIA-DCA,12,4,0,11,156.0,919.0,136.0,156.0,151.59360783264052,-4.406392167359485,-15.593607832640515,15.593607832640515
DCA,MCO,DCA-MCO,12,4,0,11,148.0,759.0,166.0,148.0,145.6840611300497,-2.315938869950287,20.315938869950287,20.315938869950287
IAD,DFW,IAD-DFW,12,4,0,6,223.0,1172.0,277.0,223.0,205.95793063306763,-17.042069366932367,71.04206936693237,71.04206936693237
MIA,DCA,MIA-DCA,12,4,0,16,151.0,919.0,141.0,151.0,149.81296063034694,-1.1870393696530641,-8.812960630346936,8.812960630346936
RIC,DFW,RIC-DFW,12,4,0,6,223.0,1158.0,258.0,223.0,216.45749327424272,-6.542506725757278,41.54250672575728,41.54250672575728
CLT,RIC,CLT-RIC,12,4,0,11,78.0,257.0,67.0,78.0,68.43318893223534,-9.566811067764661,-1.433188932235339,1.433188932235339
RIC,CLT,RIC-CLT,12,4,0,14,85.0,257.0,84.0,85.0,77.64931555371926,-7.350684446280738,6.350684446280738,6.350684446280738
CLT,IAD,CLT-IAD,12,5,0,12,84.0,322.0,61.0,84.0,77.85707994923663,-6.142920050763365,-16.857079949236635,16.857079949236635
IAD,CLT,IAD-CLT,12,5,0,14,93.0,322.0,130.0,93.0,84.10616309224982,-8.893836907750185,45.893836907750185,45.893836907750185
DCA,CLT,DCA-CLT,12,5,0,8,94.0,331.0,131.0,94.0,88.13576374028817,-5.864236259711831,42.86423625971183,42.86423625971183
CLT,RIC,CLT-RIC,12,5,0,15,71.0,257.0,72.0,71.0,68.51026634620578,-2.489733653794218,3.489733653794218,3.489733653794218
RIC,CLT,RIC-CLT,12,5,0,17,86.0,257.0,80.0,86.0,79.58272230244873,-6.41727769755127,0.4172776975512704,0.4172776975512704
DCA,PBI,DCA-PBI,12,5,0,14,163.0,857.0,221.0,163.0,151.9462770905589,-11.053722909441092,69.05372290944109,69.05372290944109
PBI,DCA,PBI-DCA,12,5,0,18,148.0,857.0,129.0,148.0,146.98162428955683,-1.0183757104431663,-17.981624289556834,17.981624289556834
DCA,TPA,DCA-TPA,12,5,0,8,150.0,814.0,194.0,150.0,145.24477198225404,-4.755228017745964,48.755228017745964,48.755228017745964
TPA,DCA,TPA-DCA,12,5,0,11,135.0,814.0,140.0,135.0,130.3266009781474,-4.673399021852589,9.673399021852589,9.673399021852589
DFW,DCA,DFW-DCA,12,5,0,19,171.0,1192.0,166.0,171.0,167.94829131285627,-3.05170868714373,-1.94829131285627,1.94829131285627
DCA,DFW,DCA-DFW,12,5,0,12,222.0,1192.0,310.0,222.0,211.69644588268812,-10.303554117311876,98.30355411731188,98.30355411731188
DFW,DCA,DFW-DCA,12,5,0,8,170.0,1192.0,145.0,170.0,167.06462727881345,-2.9353727211865532,-22.064627278813447,22.064627278813447
DCA,MIA,DCA-MIA,12,5,0,8,167.0,919.0,240.0,167.0,159.5117755904087,-7.488224409591311,80.48822440959131,80.48822440959131
MIA,DCA,MIA-DCA,12,5,0,17,153.0,919.0,170.0,153.0,151.34112258674062,-1.6588774132593755,18.658877413259376,18.658877413259376
RIC,CLT,RIC-CLT,12,5,0,6,87.0,257.0,108.0,87.0,77.31658525651436,-9.683414743485642,30.683414743485642,30.683414743485642
DCA,DFW,DCA-DFW,12,5,0,18,217.0,1192.0,232.0,217.0,212.33614343874143,-4.663856561258569,19.66385656125857,19.66385656125857
CLT,DCA,CLT-DCA,12,5,0,16,86.0,331.0,87.0,86.0,92.517049108226,6.517049108226004,-5.517049108226004,5.517049108226004
DCA,MIA,DCA-MIA,12,5,0,5,162.0,919.0,177.0,162.0,153.39255287262225,-8.607447127377753,23.607447127377753,23.607447127377753
DCA,MIA,DCA-MIA,12,5,0,5,160.0,919.0,186.0,160.0,152.37310315366884,-7.626896846331164,33.626896846331164,33.626896846331164
DCA,MIA,DCA-MIA,12,5,0,7,172.0,919.0,213.0,172.0,162.18505165463776,-9.81494834536224,50.81494834536224,50.81494834536224
MIA,DCA,MIA-DCA,12,5,0,21,165.0,919.0,138.0,165.0,158.2054582034431,-6.794541796556899,-20.2054582034431,20.2054582034431
MIA,DCA,MIA-DCA,12,5,0,6,149.0,919.0,146.0,149.0,147.85554931094842,-1.144450689051581,-1.855549310948419,1.855549310948419
DCA,MIA,DCA-MIA,12,5,0,9,165.0,919.0,204.0,165.0,159.48236788650894,-5.517632113491061,44.51763211349106,44.51763211349106
DCA,MIA,DCA-MIA,12,5,0,17,167.0,919.0,178.0,167.0,161.2905390485055,-5.709460951494492,16.709460951494492,16.709460951494492
MIA,DCA,MIA-DCA,12,5,0,14,147.0,919.0,136.0,147.0,145.81991615855864,-1.180083841441359,-9.819916158558641,9.819916158558641
ORF,MIA,ORF-MIA,12,5,0,5,146.0,802.0,140.0,146.0,137.49557448387435,-8.50442551612565,2.50442551612565,2.50442551612565
MIA,DCA,MIA-DCA,12,5,0,11,156.0,919.0,139.0,156.0,151.50194407015277,-4.498055929847226,-12.501944070152774,12.501944070152774
DCA,MCO,DCA-MCO,12,5,0,15,156.0,759.0,152.0,156.0,151.83707411600673,-4.1629258839932675,0.16292588399326746,0.16292588399326746
MCO,DCA,MCO-DCA,12,5,0,19,133.0,759.0,113.0,133.0,131.09111347788493,-1.9088865221150684,-18.09111347788493,18.09111347788493
MIA,DCA,MIA-DCA,12,5,0,20,152.0,919.0,145.0,152.0,148.19301367579263,-3.8069863242073723,-3.1930136757926277,3.1930136757926277
ORD,DCA,ORD-DCA,12,5,0,20,121.0,612.0,140.0,121.0,115.50266847512653,-5.4973315248734735,24.497331524873474,24.497331524873474
CLT,RIC,CLT-RIC,12,5,0,20,81.0,257.0,63.0,81.0,75.98155927472592,-5.0184407252740755,-12.981559274725925,12.981559274725925
MIA,ORF,MIA-ORF,12,5,0,21,144.0,802.0,132.0,144.0,133.38298901019988,-10.617010989800121,-1.3829890101998785,1.3829890101998785
DCA,MCO,DCA-MCO,12,5,0,6,144.0,759.0,159.0,144.0,142.1029809980056,-1.8970190019944084,16.89701900199441,16.89701900199441
DCA,PHX,DCA-PHX,12,5,0,7,322.0,1979.0,337.0,322.0,306.6813642744318,-15.318635725568186,30.318635725568186,30.318635725568186
LAX,DCA,LAX-DCA,12,5,0,12,294.0,2311.0,273.0,294.0,282.36206188477064,-11.63793811522936,-9.36206188477064,9.36206188477064
PHX,DCA,PHX-DCA,12,5,0,0,243.0,1979.0,232.0,243.0,236.21664760300476,-6.783352396995241,-4.216647603004759,4.216647603004759
DCA,LAX,DCA-LAX,12,5,0,8,366.0,2311.0,418.0,366.0,350.0640236742606,-15.935976325739375,67.93597632573938,67.93597632573938
DCA,PHX,DCA-PHX,12,5,0,10,316.0,1979.0,396.0,316.0,305.5383239185738,-10.46167608142622,90.46167608142622,90.46167608142622
DCA,LAS,DCA-LAS,12,5,0,7,330.0,2089.0,338.0,330.0,318.39437308472696,-11.605626915273035,19.605626915273035,19.605626915273035
DCA,PHX,DCA-PHX,12,5,0,16,306.0,1979.0,296.0,306.0,296.34618810691165,-9.653811893088346,-0.34618810691165436,0.34618810691165436
PHX,DCA,PHX-DCA,12,5,0,9,257.0,1979.0,242.0,257.0,246.84631711538438,-10.15368288461562,-4.84631711538438,4.84631711538438
PHX,DCA,PHX-DCA,12,5,0,14,249.0,1979.0,229.0,249.0,243.48350938604483,-5.51649061395517,-14.48350938604483,14.48350938604483
LAS,DCA,LAS-DCA,12,5,0,13,269.0,2089.0,283.0,269.0,263.85661428908173,-5.143385710918267,19.143385710918267,19.143385710918267
DCA,LAX,DCA-LAX,12,5,0,17,356.0,2311.0,345.0,356.0,345.06980075449815,-10.930199245501854,-0.06980075449814649,0.06980075449814649
LAX,DCA,LAX-DCA,12,5,0,7,296.0,2311.0,334.0,296.0,285.15411672352116,-10.845883276478844,48.845883276478844,48.845883276478844
DCA,DFW,DCA-DFW,12,5,0,6,224.0,1192.0,260.0,224.0,214.45355301762456,-9.546446982375443,45.54644698237544,45.54644698237544
RIC,DFW,RIC-DFW,12,5,0,6,223.0,1158.0,286.0,223.0,216.36582951175498,-6.634170488245019,69.63417048824502,69.63417048824502
CLT,DCA,CLT-DCA,12,5,0,18,83.0,331.0,76.0,83.0,92.4688474024738,9.468847402473799,-16.4688474024738,16.4688474024738
DCA,CLT,DCA-CLT,12,5,0,19,96.0,331.0,98.0,96.0,89.36478544206572,-6.635214557934276,8.635214557934276,8.635214557934276
CLT,DCA,CLT-DCA,12,5,0,9,85.0,331.0,143.0,85.0,91.90975133612704,6.909751336127044,51.090248663872956,51.090248663872956
DCA,ORD,DCA-ORD,12,5,0,11,133.0,612.0,195.0,133.0,127.34676695900217,-5.653233040997833,67.65323304099783,67.65323304099783
ORD,DCA,ORD-DCA,12,5,0,15,122.0,612.0,107.0,122.0,118.51311778066986,-3.486882219330141,-11.513117780669859,11.513117780669859
BOS,DCA,BOS-DCA,12,5,0,14,111.0,399.0,104.0,111.0,105.67593552172495,-5.324064478275048,-1.675935521724952,1.675935521724952
DCA,BOS,DCA-BOS,12,5,0,17,98.0,399.0,82.0,98.0,99.71180072253138,1.711800722531379,-17.71180072253138,17.71180072253138
DCA,PBI,DCA-PBI,12,5,0,7,153.0,857.0,194.0,153.0,146.6437576337413,-6.356242366258698,47.3562423662587,47.3562423662587
PBI,DCA,PBI-DCA,12,5,0,11,148.0,857.0,138.0,148.0,144.63462883466116,-3.3653711653388427,-6.634628834661157,6.634628834661157
BOS,DCA,BOS-DCA,12,5,0,17,111.0,399.0,115.0,111.0,106.90265950299077,-4.0973404970092275,8.097340497009228,8.097340497009228
DCA,BOS,DCA-BOS,12,5,0,14,90.0,399.0,98.0,90.0,92.84305736183667,2.843057361836671,5.156942638163329,5.156942638163329
DCA,ORD,DCA-ORD,12,5,0,19,143.0,612.0,131.0,143.0,137.16268855920075,-5.837311440799255,-6.162688559200745,6.162688559200745
DCA,CLT,DCA-CLT,12,5,0,6,98.0,331.0,136.0,98.0,90.574397525857,-7.425602474143005,45.425602474143005,45.425602474143005
DCA,JAX,DCA-JAX,12,5,0,15,126.0,634.0,153.0,126.0,121.60277213172316,-4.397227868276843,31.397227868276843,31.397227868276843
JAX,DCA,JAX-DCA,12,5,0,18,116.0,634.0,103.0,116.0,115.25235607994502,-0.7476439200549834,-12.252356079945017,12.252356079945017
DCA,BOS,DCA-BOS,12,5,0,22,89.0,399.0,104.0,89.0,88.83999255972576,-0.16000744027424219,15.160007440274242,15.160007440274242
DCA,SRQ,DCA-SRQ,12,5,0,8,158.0,851.0,225.0,158.0,151.1395030314069,-6.860496968593111,73.86049696859311,73.86049696859311
SRQ,DCA,SRQ-DCA,12,5,0,11,149.0,851.0,130.0,149.0,144.63462883466116,-4.365371165338843,-14.634628834661157,14.634628834661157
DCA,RSW,DCA-RSW,12,5,0,14,168.0,892.0,174.0,168.0,158.28435102542008,-9.71564897457992,15.71564897457992,15.71564897457992
RSW,DCA,RSW-DCA,12,5,0,18,149.0,892.0,139.0,149.0,147.78752535051999,-1.212474649480015,-8.787525350519985,8.787525350519985
CHS,DCA,CHS-DCA,12,5,0,6,94.0,444.0,80.0,94.0,90.05612203736568,-3.9438779626343177,-10.056122037365682,10.056122037365682
DCA,BOS,DCA-BOS,12,5,0,15,90.0,399.0,101.0,90.0,93.67471693222946,3.674716932229458,7.325283067770542,7.325283067770542
DCA,PWM,DCA-PWM,12,5,0,10,93.0,482.0,156.0,93.0,91.22748695027352,-1.7725130497264843,64.77251304972648,64.77251304972648
PWM,DCA,PWM-DCA,12,5,0,12,121.0,482.0,169.0,121.0,114.14768241504538,-6.852317584954619,54.85231758495462,54.85231758495462
BNA,DCA,BNA-DCA,12,5,0,6,109.0,562.0,118.0,109.0,107.10191863407148,-1.898081365928519,10.898081365928519,10.898081365928519
DCA,PWM,DCA-PWM,12,5,0,22,90.0,482.0,175.0,90.0,86.67783277883058,-3.3221672211694226,88.32216722116942,88.32216722116942
DCA,FLL,DCA-FLL,12,5,0,15,170.0,899.0,170.0,170.0,160.53942675217377,-9.460573247826233,9.460573247826233,9.460573247826233
FLL,DCA,FLL-DCA,12,5,0,18,154.0,899.0,150.0,154.0,149.60228442830405,-4.397715571695954,0.3977155716959544,0.3977155716959544
ORD,DCA,ORD-DCA,12,5,0,11,113.0,612.0,131.0,113.0,113.67296892324742,0.6729689232474243,17.327031076752576,17.327031076752576
DCA,PVD,DCA-PVD,12,5,0,13,78.0,356.0,133.0,78.0,77.74884353178457,-0.25115646821542725,55.25115646821543,55.25115646821543
PVD,DCA,PVD-DCA,12,5,0,15,96.0,356.0,96.0,96.0,93.27172144336494,-2.728278556635061,2.728278556635061,2.728278556635061
BNA,DCA,BNA-DCA,12,5,0,20,108.0,562.0,82.0,108.0,106.85658705359317,-1.1434129464068263,-24.856587053593174,24.856587053593174
DCA,BNA,DCA-BNA,12,5,0,17,120.0,562.0,119.0,120.0,118.24953600614693,-1.7504639938530744,0.7504639938530744,0.7504639938530744
DCA,RSW,DCA-RSW,12,5,0,6,157.0,892.0,190.0,157.0,148.77036141153926,-8.229638588460745,41.229638588460745,41.229638588460745
RSW,DCA,RSW-DCA,12,5,0,10,147.0,892.0,154.0,147.0,142.16982840861107,-4.8301715913889325,11.830171591388932,11.830171591388932
CLT,DCA,CLT-DCA,12,5,0,20,84.0,331.0,63.0,84.0,91.30875920497155,7.308759204971551,-28.30875920497155,28.30875920497155
DCA,CLT,DCA-CLT,12,5,0,5,89.0,331.0,128.0,89.0,80.97639581553236,-8.023604184467644,47.023604184467644,47.023604184467644
CLT,IAD,CLT-IAD,12,5,0,21,83.0,322.0,72.0,83.0,77.29602314890712,-5.703976851092875,-5.296023148907125,5.296023148907125
CLT,DCA,CLT-DCA,12,5,0,21,95.0,331.0,72.0,95.0,85.52756271535127,-9.472437284648734,-13.527562715351266,13.527562715351266
IAD,CLT,IAD-CLT,12,5,0,7,93.0,322.0,129.0,93.0,88.28547915306757,-4.71452084693243,40.71452084693243,40.71452084693243
RIC,DFW,RIC-DFW,12,5,0,15,219.0,1158.0,235.0,219.0,215.51360354359548,-3.4863964564045204,19.48639645640452,19.48639645640452
DFW,ORF,DFW-ORF,12,5,0,18,167.0,1212.0,152.0,167.0,165.39554508710097,-1.6044549128990298,-13.39554508710097,13.39554508710097
CLT,RIC,CLT-RIC,12,5,0,13,72.0,257.0,59.0,72.0,67.56763174819109,-4.43236825180891,-8.56763174819109,8.56763174819109
BOS,DCA,BOS-DCA,12,5,0,6,109.0,399.0,97.0,109.0,102.29678977380436,-6.703210226195637,-5.296789773804363,5.296789773804363
DCA,TPA,DCA-TPA,12,5,0,13,152.0,814.0,187.0,152.0,145.5101712409886,-6.489828759011402,41.4898287590114,41.4898287590114
TPA,DCA,TPA-DCA,12,5,0,17,134.0,814.0,118.0,134.0,132.60297795862698,-1.3970220413730203,-14.60297795862698,14.60297795862698
BOS,DCA,BOS-DCA,12,5,0,11,107.0,399.0,150.0,107.0,101.88843616311901,-5.11156383688099,48.11156383688099,48.11156383688099
DCA,BOS,DCA-BOS,12,5,0,8,101.0,399.0,159.0,101.0,100.88099272030595,-0.11900727969404556,58.119007279694046,58.119007279694046
DCA,BNA,DCA-BNA,12,5,0,20,126.0,562.0,127.0,126.0,116.66138201798304,-9.338617982016956,10.338617982016956,10.338617982016956
DCA,DFW,DCA-DFW,12,5,0,17,229.0,1192.0,222.0,229.0,218.7829575966642,-10.217042403335796,3.217042403335796,3.217042403335796
ORD,DCA,ORD-DCA,12,5,0,12,120.0,612.0,117.0,120.0,119.97708243334782,-0.022917566652182586,-2.9770824333478174,2.9770824333478174
CLT,DCA,CLT-DCA,12,5,0,7,82.0,331.0,160.0,82.0,92.90335764673482,10.903357646734818,67.09664235326518,67.09664235326518
DCA,TPA,DCA-TPA,12,5,0,20,153.0,814.0,165.0,153.0,146.64741423152503,-6.352585768474967,18.352585768474967,18.352585768474967
DCA,PWM,DCA-PWM,12,5,0,14,91.0,482.0,92.0,91.0,92.11551094243809,1.1155109424380925,-0.11551094243809246,0.11551094243809246
PWM,DCA,PWM-DCA,12,5,0,17,117.0,482.0,107.0,117.0,110.1831027132004,-6.816897286799602,-3.183102713200398,3.183102713200398
DCA,SYR,DCA-SYR,12,5,0,10,88.0,298.0,141.0,88.0,77.9100154122266,-10.089984587773401,63.0899845877734,63.0899845877734
SYR,DCA,SYR-DCA,12,5,0,12,91.0,298.0,157.0,91.0,83.29600175549922,-7.703998244500781,73.70399824450078,73.70399824450078
DCA,ORD,DCA-ORD,12,5,0,9,134.0,612.0,196.0,134.0,126.86774052094904,-7.132259479050958,69.13225947905096,69.13225947905096
JAX,DCA,JAX-DCA,12,5,0,7,116.0,634.0,103.0,116.0,114.21731797569794,-1.782682024302062,-11.217317975697938,11.217317975697938
RIC,MIA,RIC-MIA,12,5,0,6,160.0,826.0,260.0,160.0,150.64470292128607,-9.355297078713932,109.35529707871393,109.35529707871393
DFW,RIC,DFW-RIC,12,5,0,10,170.0,1158.0,165.0,170.0,163.41790281153902,-6.582097188460978,1.5820971884609776,1.5820971884609776
RIC,CLT,RIC-CLT,12,5,0,15,86.0,257.0,90.0,86.0,78.38931136162428,-7.61068863837572,11.61068863837572,11.61068863837572
DCA,BOS,DCA-BOS,12,5,0,11,89.0,399.0,158.0,89.0,91.70866589017321,2.708665890173208,66.29133410982679,66.29133410982679
BOS,DCA,BOS-DCA,12,5,0,9,109.0,399.0,145.0,109.0,101.29941656583085,-7.700583434169147,43.70058343416915,43.70058343416915
DCA,JAX,DCA-JAX,12,5,0,19,131.0,634.0,125.0,131.0,128.42469697117428,-2.575303028825715,-3.424696971174285,3.424696971174285
CHS,DCA,CHS-DCA,12,5,0,17,97.0,444.0,116.0,97.0,96.44333316161895,-0.556666838381048,19.556666838381048,19.556666838381048
DCA,CHS,DCA-CHS,12,5,0,14,98.0,444.0,113.0,98.0,97.21946976480007,-0.780530235199933,15.780530235199933,15.780530235199933
DCA,MSY,DCA-MSY,12,5,0,6,178.0,969.0,201.0,178.0,164.25388606942747,-13.746113930572534,36.746113930572534,36.746113930572534
MSY,DCA,MSY-DCA,12,5,0,9,148.0,969.0,131.0,148.0,146.95689012418268,-1.043109875817322,-15.956890124182678,15.956890124182678
DCA,CHS,DCA-CHS,12,5,0,19,107.0,444.0,107.0,107.0,102.89835067883469,-4.101649321165311,4.101649321165311,4.101649321165311
PWM,DCA,PWM-DCA,12,5,0,5,120.0,482.0,110.0,120.0,112.23570328354052,-7.764296716459484,-2.2357032835405164,2.2357032835405164
DCA,VPS,DCA-VPS,12,5,0,8,156.0,789.0,203.0,156.0,148.8162772285028,-7.183722771497202,54.1837227714972,54.1837227714972
VPS,DCA,VPS-DCA,12,5,0,10,130.0,789.0,175.0,130.0,128.6310766612112,-1.3689233387887896,46.36892333878879,46.36892333878879
BDL,DCA,BDL-DCA,12,5,0,17,89.0,313.0,86.0,89.0,82.06464904622675,-6.935350953773252,3.935350953773252,3.935350953773252
DCA,BDL,DCA-BDL,12,5,0,15,88.0,313.0,109.0,88.0,79.80828376599285,-8.191716234007146,29.191716234007146,29.191716234007146
BOS,DCA,BOS-DCA,12,5,0,7,124.0,399.0,120.0,124.0,111.22006318977286,-12.779936810227142,8.779936810227142,8.779936810227142
BOS,DCA,BOS-DCA,12,5,0,20,110.0,399.0,122.0,110.0,103.11884316681409,-6.881156833185912,18.881156833185912,18.881156833185912
DCA,BOS,DCA-BOS,12,5,0,18,84.0,399.0,87.0,84.0,93.26976389955068,9.269763899550682,-6.269763899550682,6.269763899550682
DCA,RSW,DCA-RSW,12,5,0,10,166.0,892.0,229.0,166.0,156.68278758238105,-9.317212417618947,72.31721241761895,72.31721241761895
RSW,DCA,RSW-DCA,12,5,0,13,147.0,892.0,139.0,147.0,143.77853058603256,-3.2214694139674407,-4.778530586032559,4.778530586032559
DCA,DFW,DCA-DFW,12,5,0,7,219.0,1192.0,293.0,219.0,212.20176710577178,-6.798232894228221,80.79823289422822,80.79823289422822
SAT,DCA,SAT-DCA,12,5,0,6,192.0,1380.0,205.0,192.0,183.47198104326753,-8.528018956732467,21.528018956732467,21.528018956732467
DCA,DFW,DCA-DFW,12,5,0,11,217.0,1192.0,314.0,217.0,210.40863926639,-6.591360733610003,103.59136073361,103.59136073361
TPA,DCA,TPA-DCA,12,5,0,6,136.0,814.0,117.0,136.0,134.23512213649255,-1.7648778635074507,-17.23512213649255,17.23512213649255
DCA,PBI,DCA-PBI,12,5,0,10,156.0,857.0,212.0,156.0,148.21035076649775,-7.789649233502246,63.789649233502246,63.789649233502246
PBI,DCA,PBI-DCA,12,5,0,13,147.0,857.0,127.0,147.0,142.9726295250694,-4.027370474930592,-15.972629525069408,15.972629525069408
DCA,PBI,DCA-PBI,12,5,0,16,154.0,857.0,157.0,154.0,148.5445341144416,-5.455465885558397,8.455465885558397,8.455465885558397
PBI,DCA,PBI-DCA,12,5,0,20,147.0,857.0,135.0,147.0,142.60381043517347,-4.396189564826528,-7.603810435173472,7.603810435173472
MIA,DCA,MIA-DCA,12,5,0,10,157.0,919.0,143.0,157.0,150.9129244728646,-6.087075527135397,-7.912924472864603,7.912924472864603
DCA,CLT,DCA-CLT,12,5,0,13,91.0,331.0,172.0,91.0,87.69142047870594,-3.308579521294064,84.30857952129406,84.30857952129406
CLT,ORF,CLT-ORF,12,5,0,8,74.0,290.0,57.0,74.0,68.38637981398854,-5.61362018601146,-11.38637981398854,11.38637981398854
ORF,CLT,ORF-CLT,12,5,0,10,91.0,290.0,105.0,91.0,81.47845728167229,-9.521542718327709,23.52154271832771,23.52154271832771
DCA,TPA,DCA-TPA,12,5,0,18,148.0,814.0,148.0,148.0,146.71653695153128,-1.2834630484687182,1.2834630484687182,1.2834630484687182
TPA,DCA,TPA-DCA,12,5,0,18,135.0,814.0,129.0,135.0,132.60297795862698,-2.3970220413730203,-3.6029779586269797,3.6029779586269797
DFW,IAD,DFW-IAD,12,5,0,12,174.0,1172.0,154.0,174.0,168.7926735066655,-5.207326493334506,-14.792673506665494,14.792673506665494
IAD,DFW,IAD-DFW,12,5,0,17,222.0,1172.0,258.0,222.0,204.68788483648717,-17.31211516351283,53.31211516351283,53.31211516351283
CLT,ORF,CLT-ORF,12,5,0,21,78.0,290.0,66.0,78.0,65.91302301071434,-12.08697698928566,0.08697698928565956,0.08697698928565956
CLT,RIC,CLT-RIC,12,5,0,21,73.0,257.0,57.0,73.0,67.1479560306922,-5.8520439693078,-10.1479560306922,10.1479560306922
BOS,DCA,BOS-DCA,12,5,0,6,111.0,399.0,98.0,111.0,105.606699946325,-5.393300053675006,-7.606699946324994,7.606699946324994
DCA,MCO,DCA-MCO,12,5,0,8,142.0,759.0,226.0,142.0,141.2908233528336,-0.7091766471664016,84.7091766471664,84.7091766471664
RIC,CLT,RIC-CLT,12,5,0,7,87.0,257.0,117.0,87.0,77.48841621583153,-9.511583784168465,39.511583784168465,39.511583784168465
DFW,IAD,DFW-IAD,12,5,0,19,170.0,1172.0,154.0,170.0,166.8140192151494,-3.1859807848506136,-12.814019215149386,12.814019215149386
DFW,ORF,DFW-ORF,12,5,0,10,175.0,1212.0,147.0,175.0,166.74951755792625,-8.250482442073746,-19.749517557926254,19.749517557926254
ORF,DFW,ORF-DFW,12,5,0,15,228.0,1212.0,236.0,228.0,220.3527663090719,-7.64723369092809,15.64723369092809,15.64723369092809
ORF,CLT,ORF-CLT,12,5,0,6,89.0,290.0,84.0,89.0,79.67396570049748,-9.326034299502524,4.326034299502524,4.326034299502524
DCA,ORD,DCA-ORD,12,5,0,6,139.0,612.0,161.0,139.0,133.57127356490872,-5.428726435091278,27.428726435091278,27.428726435091278
DCA,CLT,DCA-CLT,12,5,0,17,102.0,331.0,96.0,102.0,94.39862353102816,-7.601376468971836,1.6013764689718357,1.6013764689718357
ORD,DCA,ORD-DCA,12,5,0,6,115.0,612.0,108.0,115.0,115.36000188470936,0.36000188470936223,-7.360001884709362,7.360001884709362
DCA,FLL,DCA-FLL,12,5,0,10,177.0,899.0,259.0,177.0,160.42182137056025,-16.578178629439748,98.57817862943975,98.57817862943975
FLL,DCA,FLL-DCA,12,5,0,13,153.0,899.0,132.0,153.0,147.8669940246098,-5.133005975390205,-15.866994024609795,15.866994024609795
IAD,DFW,IAD-DFW,12,5,0,6,223.0,1172.0,297.0,223.0,205.8662668705799,-17.133733129420108,91.13373312942011,91.13373312942011
MCO,DCA,MCO-DCA,12,5,0,15,136.0,759.0,125.0,136.0,134.8470407696562,-1.1529592303438108,-9.84704076965619,9.84704076965619
DFW,DCA,DFW-DCA,12,5,0,10,169.0,1192.0,163.0,169.0,163.3065320162544,-5.693467983745592,-0.3065320162544083,0.3065320162544083
DCA,MIA,DCA-MIA,12,5,0,19,177.0,919.0,150.0,177.0,164.06446487840103,-12.935535121598974,-14.064464878401026,14.064464878401026
DCA,MCO,DCA-MCO,12,5,0,11,148.0,759.0,165.0,148.0,145.59239736756197,-2.407602632438028,19.407602632438028,19.407602632438028
DFW,RIC,DFW-RIC,12,5,0,18,163.0,1158.0,165.0,163.0,159.4805951723345,-3.519404827665511,5.519404827665511,5.519404827665511
MCO,DCA,MCO-DCA,12,5,0,20,132.0,759.0,122.0,132.0,129.25286045731093,-2.7471395426890695,-7.2528604573109305,7.2528604573109305
DCA,DFW,DCA-DFW,12,5,0,8,232.0,1192.0,294.0,232.0,218.21362588912075,-13.786374110879251,75.78637411087925,75.78637411087925
TPA,DCA,TPA-DCA,12,5,0,14,134.0,814.0,130.0,134.0,131.32299552478798,-2.6770044752120157,-1.3229955247879843,1.3229955247879843
DCA,MIA,DCA-MIA,12,5,0,17,177.0,919.0,160.0,177.0,164.61144856023074,-12.388551439769259,-4.611448560230741,4.611448560230741
DCA,MCO,DCA-MCO,12,5,0,17,157.0,759.0,160.0,157.0,152.05068640876507,-4.949313591234926,7.949313591234926,7.949313591234926
DFW,DCA,DFW-DCA,12,5,0,12,174.0,1192.0,178.0,174.0,170.00774331004794,-3.9922566899520575,7.9922566899520575,7.9922566899520575
MIA,DCA,MIA-DCA,12,5,0,18,153.0,919.0,145.0,153.0,151.34112258674062,-1.6588774132593755,-6.3411225867406245,6.3411225867406245
MIA,RIC,MIA-RIC,12,5,0,21,144.0,826.0,138.0,144.0,137.1066473021437,-6.893352697856301,0.8933526978563009,0.8933526978563009
MIA,DCA,MIA-DCA,12,5,0,16,151.0,919.0,162.0,151.0,149.7212968678592,-1.278703132140805,12.278703132140805,12.278703132140805
DCA,ORD,DCA-ORD,12,5,0,15,146.0,612.0,173.0,146.0,140.53875738854836,-5.461242611451638,32.46124261145164,32.46124261145164
CLT,RIC,CLT-RIC,12,5,0,8,74.0,257.0,90.0,74.0,68.45909666378435,-5.540903336215649,21.54090333621565,21.54090333621565
RIC,CLT,RIC-CLT,12,5,0,10,86.0,257.0,77.0,86.0,76.49104300785802,-9.508956992141975,0.5089569921419752,0.5089569921419752
MIA,DCA,MIA-DCA,12,5,0,8,150.0,919.0,173.0,150.0,148.21243302664644,-1.787566973353563,24.787566973353563,24.787566973353563
DCA,MIA,DCA-MIA,12,5,0,11,164.0,919.0,217.0,164.0,159.96139432456212,-4.0386056754378785,57.03860567543788,57.03860567543788
DCA,DFW,DCA-DFW,12,5,0,14,222.0,1192.0,278.0,222.0,211.75715832950294,-10.242841670497057,66.24284167049706,66.24284167049706
MCO,DCA,MCO-DCA,12,5,0,11,133.0,759.0,139.0,133.0,129.82520051593724,-3.17479948406276,9.17479948406276,9.17479948406276
DCA,SAT,DCA-SAT,12,5,0,19,231.0,1380.0,252.0,231.0,218.53665924993786,-12.463340750062144,33.463340750062144,33.463340750062144
ORF,DFW,ORF-DFW,12,5,0,6,231.0,1212.0,234.0,231.0,219.6003566873878,-11.399643312612199,14.399643312612199,14.399643312612199
DFW,DCA,DFW-DCA,12,5,0,14,167.0,1192.0,161.0,167.0,164.80708321901636,-2.192916780983637,-3.807083219016363,3.807083219016363
DCA,BOS,DCA-BOS,12,5,0,20,91.0,399.0,105.0,91.0,95.33076174081319,4.3307617408131875,9.669238259186812,9.669238259186812
DFW,DCA,DFW-DCA,12,5,0,15,166.0,1192.0,157.0,166.0,165.92388523835695,-0.07611476164305486,-8.923885238356945,8.923885238356945
DCA,MIA,DCA-MIA,12,5,0,14,173.0,919.0,245.0,173.0,162.86307738645402,-10.136922613545977,82.13692261354598,82.13692261354598
CLT,DCA,CLT-DCA,12,5,0,12,87.0,331.0,66.0,87.0,92.88683215795601,5.8868321579560074,-26.886832157956007,26.886832157956007
DFW,DCA,DFW-DCA,12,5,0,17,165.0,1192.0,152.0,165.0,166.17573449125624,1.175734491256236,-14.175734491256236,14.175734491256236
DCA,DFW,DCA-DFW,12,5,0,10,228.0,1192.0,301.0,228.0,216.4097463283681,-11.5902536716319,84.5902536716319,84.5902536716319
DFW,DCA,DFW-DCA,12,5,0,7,170.0,1192.0,216.0,170.0,166.91269120764267,-3.0873087923573337,49.087308792357334,49.087308792357334
MCO,DCA,MCO-DCA,12,5,0,6,134.0,759.0,146.0,134.0,130.34354728585765,-3.656452714142347,15.656452714142347,15.656452714142347
DCA,CLT,DCA-CLT,12,5,0,10,109.0,331.0,159.0,109.0,94.7912158977178,-14.208784102282195,64.2087841022822,64.2087841022822
DFW,DCA,DFW-DCA,12,5,0,5,169.0,1192.0,142.0,169.0,164.45994192530495,-4.540058074695054,-22.459941925304946,22.459941925304946
DCA,TPA,DCA-TPA,12,5,0,10,168.0,814.0,248.0,168.0,154.54973317739297,-13.450266822607034,93.45026682260703,93.45026682260703
CLT,IAD,CLT-IAD,12,6,1,11,88.0,322.0,67.0,88.0,75.05763604370183,-12.942363956298166,-8.057636043701834,8.057636043701834
IAD,CLT,IAD-CLT,12,6,1,14,93.0,322.0,101.0,93.0,81.64007814719159,-11.359921852808412,19.359921852808412,19.359921852808412
DCA,CLT,DCA-CLT,12,6,1,19,108.0,331.0,80.0,108.0,94.95030056170617,-13.049699438293828,-14.950300561706172,14.950300561706172
CLT,DCA,CLT-DCA,12,6,1,9,90.0,331.0,70.0,90.0,89.12593025709033,-0.8740697429096684,-19.12593025709033,19.12593025709033
DCA,ORD,DCA-ORD,12,6,1,11,133.0,612.0,122.0,133.0,124.88068201394377,-8.119317986056231,-2.880682013943769,2.880682013943769
ORD,DCA,ORD-DCA,12,6,1,15,122.0,612.0,95.0,122.0,116.04703283561163,-5.952967164388369,-21.04703283561163,21.04703283561163
DCA,TPA,DCA-TPA,12,6,1,8,159.0,814.0,167.0,159.0,148.40854980952392,-10.591450190476081,18.59145019047608,18.59145019047608
TPA,DCA,TPA-DCA,12,6,1,11,135.0,814.0,113.0,135.0,127.86051603308913,-7.139483966910873,-14.860516033089127,14.860516033089127
CLT,DCA,CLT-DCA,12,6,1,18,89.0,331.0,78.0,89.0,89.68502632343709,0.6850263234370857,-11.685026323437086,11.685026323437086
DCA,DFW,DCA-DFW,12,6,1,6,224.0,1192.0,228.0,224.0,214.41729943367355,-9.582700566326452,13.582700566326452,13.582700566326452
DFW,DCA,DFW-DCA,12,6,1,19,171.0,1192.0,150.0,171.0,167.33163777967115,-3.668362220328845,-17.331637779671155,17.331637779671155
DFW,RIC,DFW-RIC,12,6,1,18,162.0,1158.0,172.0,162.0,157.44226643416448,-4.55773356583552,14.55773356583552,14.55773356583552
DCA,MCO,DCA-MCO,12,6,1,8,159.0,759.0,165.0,159.0,150.5076835814473,-8.49231641855269,14.49231641855269,14.49231641855269
DCA,MIA,DCA-MIA,12,6,1,8,167.0,919.0,174.0,167.0,157.9147500476588,-9.0852499523412,16.0852499523412,16.0852499523412
MCO,DCA,MCO-DCA,12,6,1,20,132.0,759.0,120.0,132.0,126.78677551225246,-5.213224487747539,-6.786775512252461,6.786775512252461
MIA,DCA,MIA-DCA,12,6,1,21,165.0,919.0,145.0,165.0,156.46479227684452,-8.53520772315548,-11.46479227684452,11.46479227684452
DCA,ORD,DCA-ORD,12,6,1,6,139.0,612.0,142.0,139.0,131.46472336057434,-7.5352766394256605,10.53527663942566,10.53527663942566
DCA,MIA,DCA-MIA,12,6,1,17,167.0,919.0,159.0,167.0,159.69351350575562,-7.306486494244382,-0.6935135057556181,0.6935135057556181
MIA,DCA,MIA-DCA,12,6,1,14,147.0,919.0,142.0,147.0,143.89977854613232,-3.1002214538676753,-1.8997785461323247,1.8997785461323247
DCA,SAT,DCA-SAT,12,6,1,19,231.0,1380.0,220.0,231.0,218.50040566598685,-12.499594334013153,1.4995943340131532,1.4995943340131532
DFW,DCA,DFW-DCA,12,6,1,14,167.0,1192.0,147.0,167.0,163.5289450822107,-3.471054917789303,-16.528945082210697,16.528945082210697
DCA,MIA,DCA-MIA,12,6,1,6,161.0,919.0,166.0,161.0,153.3004124259009,-7.699587574099098,12.699587574099098,12.699587574099098
DCA,MCO,DCA-MCO,12,6,1,6,144.0,759.0,160.0,144.0,139.9964307936712,-4.003569206328791,20.00356920632879,20.00356920632879
MIA,DCA,MIA-DCA,12,6,1,20,152.0,919.0,151.0,152.0,146.45234774919405,-5.547652250805953,4.547652250805953,4.547652250805953
DCA,DFW,DCA-DFW,12,6,1,18,217.0,1192.0,223.0,217.0,212.29988985479042,-4.700110145209578,10.700110145209578,10.700110145209578
CLT,DCA,CLT-DCA,12,6,1,16,86.0,331.0,76.0,86.0,89.73322802918929,3.7332280291892914,-13.733228029189291,13.733228029189291
DCA,MCO,DCA-MCO,12,6,1,17,157.0,759.0,172.0,157.0,150.12360789025843,-6.876392109741573,21.876392109741573,21.876392109741573
DFW,DCA,DFW-DCA,12,6,1,12,174.0,1192.0,147.0,174.0,169.97148972609693,-4.028510273903066,-22.971489726096934,22.971489726096934
DCA,MIA,DCA-MIA,12,6,1,5,160.0,919.0,155.0,160.0,150.77607761091895,-9.223922389081054,4.2239223890810536,4.2239223890810536
RIC,CLT,RIC-CLT,12,6,1,6,87.0,257.0,91.0,87.0,74.85050031145613,-12.14949968854387,16.14949968854387,16.14949968854387
ORF,MIA,ORF-MIA,12,6,1,5,146.0,802.0,140.0,146.0,134.99405472151275,-11.005945278487246,5.005945278487246,5.005945278487246
LAS,DCA,LAS-DCA,12,6,1,13,269.0,2089.0,237.0,269.0,263.8203607051309,-5.179639294869105,-26.820360705130895,26.820360705130895
DCA,LAS,DCA-LAS,12,6,1,7,330.0,2089.0,315.0,330.0,318.1763088416925,-11.823691158307497,-3.176308841692503,3.176308841692503
PHX,DCA,PHX-DCA,12,6,1,14,249.0,1979.0,227.0,249.0,243.44725580209382,-5.552744197906179,-16.44725580209382,16.44725580209382
LAX,DCA,LAX-DCA,12,6,1,12,294.0,2311.0,271.0,294.0,282.22254178394223,-11.777458216057767,-11.222541783942233,11.222541783942233
PHX,DCA,PHX-DCA,12,6,1,0,243.0,1979.0,246.0,243.0,236.18039401905375,-6.81960598094625,9.81960598094625,9.81960598094625
DCA,LAX,DCA-LAX,12,6,1,8,366.0,2311.0,383.0,366.0,349.7992737571861,-16.200726242813914,33.200726242813914,33.200726242813914
DCA,PHX,DCA-PHX,12,6,1,10,316.0,1979.0,331.0,316.0,305.27357400149924,-10.726425998500758,25.72642599850076,25.72642599850076
DCA,PHX,DCA-PHX,12,6,1,16,306.0,1979.0,298.0,306.0,296.0814381898371,-9.918561810162885,1.9185618101628847,1.9185618101628847
LAX,DCA,LAX-DCA,12,6,1,7,296.0,2311.0,282.0,296.0,285.01459662269275,-10.98540337730725,-3.01459662269275,3.01459662269275
PHX,DCA,PHX-DCA,12,6,1,9,257.0,1979.0,226.0,257.0,246.81006353143337,-10.189936468566628,-20.81006353143337,20.81006353143337
DCA,LAX,DCA-LAX,12,6,1,17,356.0,2311.0,344.0,356.0,344.8050508374236,-11.194949162576393,-0.8050508374236074,0.8050508374236074
DCA,PHX,DCA-PHX,12,6,1,7,322.0,1979.0,315.0,322.0,306.4166143573573,-15.583385642642725,8.583385642642725,8.583385642642725
DCA,DFW,DCA-DFW,12,6,1,12,222.0,1192.0,217.0,222.0,211.66019229873712,-10.339807701262885,5.339807701262885,5.339807701262885
DFW,DCA,DFW-DCA,12,6,1,8,170.0,1192.0,142.0,170.0,166.44797374562833,-3.5520262543716683,-24.44797374562833,24.44797374562833
DCA,CLT,DCA-CLT,12,6,1,8,94.0,331.0,114.0,94.0,86.49881483956919,-7.501185160430808,27.501185160430808,27.501185160430808
MIA,DCA,MIA-DCA,12,6,1,11,155.0,919.0,142.0,155.0,147.64748303396283,-7.352516966037172,-5.647483033962828,5.647483033962828
DCA,MIA,DCA-MIA,12,6,1,14,181.0,919.0,171.0,181.0,166.22381490621927,-14.776185093780725,4.776185093780725,4.776185093780725
DCA,BOS,DCA-BOS,12,6,1,11,89.0,399.0,80.0,89.0,87.58319277337765,-1.4168072266223533,-7.583192773377647,7.583192773377647
BOS,DCA,BOS-DCA,12,6,1,9,109.0,399.0,102.0,109.0,98.83333162077263,-10.166668379227374,3.1666683792273744,3.1666683792273744
CLT,IAD,CLT-IAD,12,6,1,22,81.0,322.0,67.0,81.0,72.84578197008976,-8.15421802991024,-5.84578197008976,5.84578197008976
DCA,CLT,DCA-CLT,12,6,1,17,102.0,331.0,84.0,102.0,92.76167463030919,-9.238325369690813,-8.761674630309187,8.761674630309187
ORD,DCA,ORD-DCA,12,6,1,11,113.0,612.0,106.0,113.0,111.2068839781892,-1.7931160218108033,-5.206883978189197,5.206883978189197
TPA,DCA,TPA-DCA,12,6,1,6,136.0,814.0,132.0,136.0,132.12857193215817,-3.8714280678418334,-0.12857193215816665,0.12857193215816665
DCA,MSY,DCA-MSY,12,6,1,14,169.0,969.0,183.0,169.0,157.80516599209918,-11.194834007900823,25.194834007900823,25.194834007900823
MSY,DCA,MSY-DCA,12,6,1,16,148.0,969.0,139.0,148.0,147.60226342129513,-0.39773657870486545,-8.602263421295135,8.602263421295135
DCA,SYR,DCA-SYR,12,6,1,10,88.0,298.0,79.0,88.0,75.44393046716837,-12.556069532831629,3.5560695328316285,3.5560695328316285
SYR,DCA,SYR-DCA,12,6,1,12,91.0,298.0,72.0,91.0,80.82991681044099,-10.170083189559008,-8.829916810440992,8.829916810440992
DCA,PBI,DCA-PBI,12,6,1,8,152.0,857.0,154.0,152.0,143.58278080177294,-8.417219198227059,10.417219198227059,10.417219198227059
PBI,DCA,PBI-DCA,12,6,1,11,148.0,857.0,125.0,148.0,142.52807863032677,-5.471921369673225,-17.528078630326775,17.528078630326775
DCA,PWM,DCA-PWM,12,6,1,9,102.0,482.0,90.0,102.0,94.19461153424776,-7.8053884657522445,-4.1946115342477555,4.1946115342477555
PWM,DCA,PWM-DCA,12,6,1,12,121.0,482.0,115.0,121.0,111.68159746998715,-9.318402530012847,3.318402530012847,3.318402530012847
BOS,DCA,BOS-DCA,12,6,1,10,107.0,399.0,97.0,107.0,98.83333162077263,-8.166668379227374,-1.8333316207726256,1.8333316207726256
DCA,JAX,DCA-JAX,12,6,1,15,126.0,634.0,139.0,126.0,119.13668718666493,-6.863312813335071,19.86331281333507,19.86331281333507
JAX,DCA,JAX-DCA,12,6,1,18,116.0,634.0,103.0,116.0,112.78627113488679,-3.213728865113211,-9.786271134886789,9.786271134886789
DCA,CHS,DCA-CHS,12,6,1,20,115.0,444.0,108.0,115.0,103.75871858581027,-11.241281414189729,4.241281414189729,4.241281414189729
DCA,PVD,DCA-PVD,12,6,1,9,90.0,356.0,86.0,90.0,78.95400875182804,-11.045991248171958,7.045991248171958,7.045991248171958
PVD,DCA,PVD-DCA,12,6,1,12,96.0,356.0,96.0,96.0,89.74123380839576,-6.258766191604238,6.258766191604238,6.258766191604238
BOS,DCA,BOS-DCA,12,6,1,6,109.0,399.0,101.0,109.0,99.83070482874614,-9.169295171253864,1.1692951712538644,1.1692951712538644
DCA,PWM,DCA-PWM,12,6,1,14,91.0,482.0,91.0,91.0,89.69168441690043,-1.3083155830995707,1.3083155830995707,1.3083155830995707
PWM,DCA,PWM-DCA,12,6,1,17,117.0,482.0,111.0,117.0,107.71701776814217,-9.28298223185783,3.2829822318578294,3.2829822318578294
PWM,DCA,PWM-DCA,12,6,1,5,120.0,482.0,106.0,120.0,109.76961833848229,-10.230381661517711,-3.7696183384822888,3.7696183384822888
DCA,VPS,DCA-VPS,12,6,1,8,156.0,789.0,164.0,156.0,146.88919870999615,-9.110801290003849,17.11080129000385,17.11080129000385
VPS,DCA,VPS-DCA,12,6,1,10,130.0,789.0,125.0,130.0,126.16499171615276,-3.8350082838472446,-1.1649917161527554,1.1649917161527554
BOS,DCA,BOS-DCA,12,6,1,17,111.0,399.0,92.0,111.0,104.43657455793254,-6.563425442067455,-12.436574557932545,12.436574557932545
DCA,BOS,DCA-BOS,12,6,1,14,90.0,399.0,90.0,90.0,88.71758424504111,-1.2824157549588904,1.2824157549588904,1.2824157549588904
DCA,ORD,DCA-ORD,12,6,1,19,143.0,612.0,124.0,143.0,135.05613835486636,-7.943861645133637,-11.056138354866363,11.056138354866363
CLT,DCA,CLT-DCA,12,6,1,22,87.0,331.0,82.0,87.0,79.38995945825894,-7.610040541741057,2.610040541741057,2.610040541741057
DCA,CLT,DCA-CLT,12,6,1,7,105.0,331.0,95.0,105.0,91.73782987791036,-13.262170122089643,3.2621701220896426,3.2621701220896426
IAD,CLT,IAD-CLT,12,6,1,6,93.0,322.0,94.0,93.0,84.78120804343527,-8.21879195656473,9.21879195656473,9.21879195656473
CLT,RIC,CLT-RIC,12,6,1,8,72.0,257.0,63.0,72.0,65.27377526044815,-6.726224739551853,-2.273775260448147,2.273775260448147
RIC,CLT,RIC-CLT,12,6,1,10,86.0,257.0,93.0,86.0,74.0249580627998,-11.975041937200203,18.975041937200203,18.975041937200203
DCA,TPA,DCA-TPA,12,6,1,13,148.0,814.0,169.0,148.0,143.19867339212698,-4.801326607873023,25.801326607873023,25.801326607873023
DCA,RSW,DCA-RSW,12,6,1,7,171.0,892.0,170.0,171.0,158.2384915319492,-12.761508468050806,11.761508468050806,11.761508468050806
RSW,DCA,RSW-DCA,12,6,1,10,147.0,892.0,133.0,147.0,140.24969079618475,-6.750309203815249,-7.249690796184751,7.249690796184751
CLT,DCA,CLT-DCA,12,6,1,7,82.0,331.0,66.0,82.0,90.1195365676981,8.119536567698106,-24.119536567698106,24.119536567698106
ORD,DCA,ORD-DCA,12,6,1,6,115.0,612.0,100.0,115.0,112.89391693965113,-2.1060830603488654,-12.893916939651135,12.893916939651135
DCA,BOS,DCA-BOS,12,6,1,18,84.0,399.0,94.0,84.0,89.14429078275512,5.144290782755121,4.855709217244879,4.855709217244879
DCA,FLL,DCA-FLL,12,6,1,9,166.0,899.0,175.0,166.0,153.80299683780353,-12.197003162196467,21.197003162196467,21.197003162196467
FLL,DCA,FLL-DCA,12,6,1,13,153.0,899.0,148.0,153.0,146.12632809801121,-6.873671901988786,1.8736719019887857,1.8736719019887857
ORF,CLT,ORF-CLT,12,6,1,5,88.0,290.0,89.0,88.0,76.6298256067772,-11.370174393222797,12.370174393222797,12.370174393222797
DCA,PWM,DCA-PWM,12,6,1,20,102.0,482.0,83.0,102.0,94.76806837053407,-7.231931629465933,-11.768068370534067,11.768068370534067
BNA,DCA,BNA-DCA,12,6,1,6,109.0,562.0,91.0,109.0,104.63583368901325,-4.364166310986747,-13.635833689013253,13.635833689013253
DCA,ORD,DCA-ORD,12,6,1,15,146.0,612.0,134.0,146.0,138.43220718421398,-7.567792815786021,-4.432207184213979,4.432207184213979
MCO,DCA,MCO-DCA,12,6,1,11,133.0,759.0,115.0,133.0,127.35911557087894,-5.6408844291210585,-12.359115570878942,12.359115570878942
MIA,ORF,MIA-ORF,12,6,1,21,144.0,802.0,130.0,144.0,131.18903146714464,-12.810968532855355,-1.1890314671446447,1.1890314671446447
DCA,JAX,DCA-JAX,12,6,1,19,131.0,634.0,120.0,131.0,125.9586120261157,-5.041387973884298,-5.958612026115702,5.958612026115702
JAX,DCA,JAX-DCA,12,6,1,7,116.0,634.0,92.0,116.0,111.75123303063971,-4.24876696936029,-19.75123303063971,19.75123303063971
DCA,RSW,DCA-RSW,12,6,1,9,169.0,892.0,174.0,169.0,156.95720764775595,-12.04279235224405,17.04279235224405,17.04279235224405
RSW,DCA,RSW-DCA,12,6,1,13,147.0,892.0,140.0,147.0,141.85839297360624,-5.141607026393757,-1.858392973606243,1.858392973606243
DCA,BOS,DCA-BOS,12,6,1,17,98.0,399.0,89.0,98.0,95.58632760573582,-2.4136723942641822,-6.586327605735818,6.586327605735818
DCA,PBI,DCA-PBI,12,6,1,10,156.0,857.0,210.0,156.0,146.2832722479911,-9.716727752008893,63.71672775200889,63.71672775200889
PBI,DCA,PBI-DCA,12,6,1,13,147.0,857.0,133.0,147.0,140.86607932073503,-6.133920679264975,-7.866079320735025,7.866079320735025
CHS,DCA,CHS-DCA,12,6,1,7,94.0,444.0,78.0,94.0,90.62442450962747,-3.375575490372526,-12.624424509627474,12.624424509627474
DCA,PVD,DCA-PVD,12,6,1,13,78.0,356.0,85.0,78.0,74.64126099797765,-3.3587390020223467,10.358739002022347,10.358739002022347
PVD,DCA,PVD-DCA,12,6,1,15,96.0,356.0,84.0,96.0,90.80563649830671,-5.194363501693289,-6.805636498306711,6.805636498306711
DCA,MSY,DCA-MSY,12,6,1,7,172.0,969.0,185.0,172.0,161.6247831727445,-10.375216827255514,23.375216827255514,23.375216827255514
MSY,DCA,MSY-DCA,12,6,1,10,148.0,969.0,126.0,148.0,144.834097141703,-3.165902858296988,-18.834097141703012,18.834097141703012
DCA,BNA,DCA-BNA,12,6,1,20,129.0,562.0,122.0,129.0,119.88346790949066,-9.116532090509338,2.116532090509338,2.116532090509338
DFW,IAD,DFW-IAD,12,6,1,18,168.0,1172.0,148.0,168.0,163.62102245605024,-4.378977543949759,-15.621022456050241,15.621022456050241
DCA,CLT,DCA-CLT,12,6,1,5,89.0,331.0,95.0,89.0,79.59185674156309,-9.408143258436908,15.408143258436908,15.408143258436908
MIA,RIC,MIA-RIC,12,6,1,21,144.0,826.0,133.0,144.0,135.00009709780932,-8.999902902190684,-2.0000970978093164,2.0000970978093164
DCA,MIA,DCA-MIA,12,6,1,17,177.0,919.0,168.0,177.0,164.11266718648682,-12.887332813513183,3.887332813513183,3.887332813513183
ORD,DCA,ORD-DCA,12,6,1,12,120.0,612.0,95.0,120.0,117.51099748828959,-2.48900251171041,-22.51099748828959,22.51099748828959
CLT,RIC,CLT-RIC,12,6,1,22,80.0,257.0,71.0,80.0,70.81855664283924,-9.18144335716076,0.18144335716075943,0.18144335716075943
ORF,DFW,ORF-DFW,12,6,1,6,231.0,1212.0,245.0,231.0,220.1513972302414,-10.8486027697586,24.8486027697586,24.8486027697586
MIA,RIC,MIA-RIC,12,6,1,16,139.0,826.0,136.0,139.0,135.52887170401968,-3.4711282959803214,0.47112829598032135,0.47112829598032135
RIC,MIA,RIC-MIA,12,6,1,19,159.0,826.0,148.0,159.0,150.01733976990974,-8.98266023009026,-2.0173397699097393,2.0173397699097393
RIC,MIA,RIC-MIA,12,6,1,6,160.0,826.0,157.0,160.0,148.71762440277942,-11.282375597220579,8.282375597220579,8.282375597220579
BOS,DCA,BOS-DCA,12,6,1,7,118.0,399.0,107.0,118.0,106.61904445387931,-11.380955546120688,0.3809555461206884,0.3809555461206884
DCA,DFW,DCA-DFW,12,6,1,10,228.0,1192.0,219.0,228.0,216.3734927444171,-11.626507255582908,2.626507255582908,2.626507255582908
DCA,DFW,DCA-DFW,12,6,1,14,222.0,1192.0,209.0,222.0,211.72090474555193,-10.279095254448066,-2.720904745551934,2.720904745551934
DFW,DCA,DFW-DCA,12,6,1,10,169.0,1192.0,160.0,169.0,162.31091028909364,-6.689089710906359,-2.3109102890936413,2.3109102890936413
CLT,ORF,CLT-ORF,12,6,1,7,73.0,290.0,56.0,73.0,65.2024256101095,-7.7975743898904994,-9.2024256101095,9.2024256101095
ORF,CLT,ORF-CLT,12,6,1,9,91.0,290.0,79.0,91.0,79.59966646341874,-11.400333536581257,-0.5996664634187425,0.5996664634187425
IAD,DFW,IAD-DFW,12,6,1,6,223.0,1172.0,227.0,223.0,205.36748549683597,-17.632514503164032,21.632514503164032,21.632514503164032
CLT,DCA,CLT-DCA,12,6,1,12,86.0,331.0,75.0,86.0,90.1030110789193,4.103011078919295,-15.103011078919295,15.103011078919295
MIA,DCA,MIA-DCA,12,6,1,10,157.0,919.0,145.0,157.0,149.17225854626602,-7.827741453733978,-4.172258546266022,4.172258546266022
DCA,CLT,DCA-CLT,12,6,1,13,91.0,331.0,128.0,91.0,86.05447157798696,-4.945528422013041,41.94552842201304,41.94552842201304
DFW,DCA,DFW-DCA,12,6,1,17,165.0,1192.0,145.0,165.0,164.89759635445057,-0.10240364554942971,-19.89759635445057,19.89759635445057
RIC,DFW,RIC-DFW,12,6,1,6,223.0,1158.0,238.0,223.0,216.00470464768225,-6.995295352317754,21.995295352317754,21.995295352317754
DCA,DFW,DCA-DFW,12,6,1,8,232.0,1192.0,226.0,232.0,218.17737230516974,-13.82262769483026,7.82262769483026,7.82262769483026
DFW,IAD,DFW-IAD,12,6,1,12,174.0,1172.0,147.0,174.0,168.29389213292157,-5.70610786707843,-21.29389213292157,21.29389213292157
IAD,DFW,IAD-DFW,12,6,1,17,222.0,1172.0,211.0,222.0,204.18910346274325,-17.810896537256752,6.8108965372567525,6.8108965372567525
DCA,BOS,DCA-BOS,12,6,1,20,91.0,399.0,82.0,91.0,91.20528862401763,0.20528862401762638,-9.205288624017626,9.205288624017626
DFW,DCA,DFW-DCA,12,6,1,15,166.0,1192.0,147.0,166.0,164.64574710155128,-1.3542528984487205,-17.64574710155128,17.64574710155128
CLT,ORF,CLT-ORF,12,6,1,22,81.0,290.0,69.0,81.0,68.09377365431624,-12.906226345683763,0.9062263456837627,0.9062263456837627
MCO,DCA,MCO-DCA,12,6,1,6,134.0,759.0,115.0,134.0,127.87746234079935,-6.1225376592006455,-12.877462340799354,12.877462340799354
DCA,MIA,DCA-MIA,12,6,1,9,165.0,919.0,169.0,165.0,157.88534234375905,-7.114657656240951,11.11465765624095,11.11465765624095
MIA,DCA,MIA-DCA,12,6,1,17,153.0,919.0,148.0,153.0,149.60045666014204,-3.3995433398579564,-1.6004566601420436,1.6004566601420436
RIC,CLT,RIC-CLT,12,6,1,5,83.0,257.0,89.0,83.0,73.10673924006903,-9.893260759930968,15.893260759930968,15.893260759930968
MCO,DCA,MCO-DCA,12,6,1,15,136.0,759.0,140.0,136.0,132.7404905653218,-3.2595094346781934,7.259509434678193,7.259509434678193
DCA,MCO,DCA-MCO,12,6,1,11,148.0,759.0,147.0,148.0,143.4858471632276,-4.514152836772411,3.5141528367724106,3.5141528367724106
DFW,DCA,DFW-DCA,12,6,1,7,170.0,1192.0,143.0,170.0,166.29603767445755,-3.7039623255424488,-23.29603767445755,23.29603767445755
TPA,DCA,TPA-DCA,12,6,1,13,134.0,814.0,122.0,134.0,128.7961981329149,-5.2038018670851045,-6.7961981329148955,6.7961981329148955
DCA,DFW,DCA-DFW,12,6,1,16,226.0,1192.0,215.0,226.0,214.8867179594885,-11.113282040511507,0.11328204051150692,0.11328204051150692
DFW,RIC,DFW-RIC,12,6,1,10,170.0,1158.0,148.0,170.0,162.04105867698956,-7.9589413230104356,-14.041058676989564,14.041058676989564
RIC,DFW,RIC-DFW,12,6,1,15,219.0,1158.0,246.0,219.0,215.15247867952274,-3.847521320477256,30.847521320477256,30.847521320477256
SAT,DCA,SAT-DCA,12,6,1,6,192.0,1380.0,163.0,192.0,183.43572745931652,-8.564272540683476,-20.435727459316524,20.435727459316524
DCA,DFW,DCA-DFW,12,6,1,11,217.0,1192.0,211.0,217.0,210.372385682439,-6.627614317561012,0.6276143175610116,0.6276143175610116
DFW,ORF,DFW-ORF,12,6,1,10,175.0,1212.0,152.0,175.0,166.6258566352544,-8.374143364745606,-14.625856635254394,14.625856635254394
ORF,DFW,ORF-DFW,12,6,1,15,228.0,1212.0,241.0,228.0,220.9038068519255,-7.096193148074491,20.09619314807449,20.09619314807449
CLT,RIC,CLT-RIC,12,6,1,7,73.0,257.0,53.0,73.0,65.12183918927741,-7.878160810722591,-12.12183918927741,12.12183918927741
RIC,CLT,RIC-CLT,12,6,1,9,86.0,257.0,77.0,86.0,74.0249580627998,-11.975041937200203,2.975041937200203,2.975041937200203
DCA,MCO,DCA-MCO,12,6,1,15,156.0,759.0,161.0,156.0,149.90999559750009,-6.090004402499915,11.090004402499915,11.090004402499915
MCO,DCA,MCO-DCA,12,6,1,19,133.0,759.0,124.0,133.0,128.62502853282666,-4.374971467173339,-4.625028532826661,4.625028532826661
DCA,DFW,DCA-DFW,12,6,1,7,219.0,1192.0,242.0,219.0,212.16551352182077,-6.83448647817923,29.83448647817923,29.83448647817923
DFW,DCA,DFW-DCA,12,6,1,5,169.0,1192.0,147.0,169.0,163.46432019814418,-5.535679801855821,-16.46432019814418,16.46432019814418
DCA,TPA,DCA-TPA,12,6,1,10,168.0,814.0,173.0,168.0,152.90517106853122,-15.094828931468783,20.094828931468783,20.094828931468783
CLT,RIC,CLT-RIC,12,6,1,21,75.0,257.0,62.0,75.0,64.93454710401626,-10.06545289598374,-2.9345471040162607,2.9345471040162607
MIA,DCA,MIA-DCA,12,6,1,18,153.0,919.0,141.0,153.0,149.60045666014204,-3.3995433398579564,-8.600456660142044,8.600456660142044
CLT,IAD,CLT-IAD,12,7,1,11,88.0,322.0,68.0,88.0,77.65042244292675,-10.349577557073246,-9.650422442926754,9.650422442926754
IAD,CLT,IAD-CLT,12,7,1,14,93.0,322.0,86.0,93.0,88.5822392637925,-4.417760736207498,-2.582239263792502,2.582239263792502
CLT,DCA,CLT-DCA,12,7,1,9,91.0,331.0,95.0,91.0,93.54183494172356,2.5418349417235646,1.4581650582764354,1.4581650582764354
DCA,ORD,DCA-ORD,12,7,1,11,133.0,612.0,151.0,133.0,128.59870086489778,-4.401299135102221,22.40129913510222,22.40129913510222
BOS,DCA,BOS-DCA,12,7,1,20,110.0,399.0,91.0,110.0,105.08808039060882,-4.911919609391177,-14.088080390608823,14.088080390608823
DCA,BOS,DCA-BOS,12,7,1,18,84.0,399.0,80.0,84.0,93.48695913647805,9.486959136478049,-13.486959136478049,13.486959136478049
ORD,DCA,ORD-DCA,12,7,1,15,122.0,612.0,108.0,122.0,120.24493029310933,-1.7550697068906658,-12.244930293109334,12.244930293109334
DCA,CLT,DCA-CLT,12,7,1,8,99.0,331.0,102.0,99.0,93.73057954798931,-5.269420452010692,8.269420452010692,8.269420452010692
DCA,CLT,DCA-CLT,12,7,1,19,108.0,331.0,95.0,108.0,99.82163296178307,-8.178367038216933,-4.821632961783067,4.821632961783067
CLT,DCA,CLT-DCA,12,7,1,18,85.0,331.0,72.0,85.0,93.95593068078014,8.955930680780142,-21.955930680780142,21.955930680780142
DCA,PBI,DCA-PBI,12,7,1,15,166.0,857.0,155.0,166.0,159.2859650472456,-6.714034952754389,-4.285965047245611,4.285965047245611
PBI,DCA,PBI-DCA,12,7,1,18,148.0,857.0,133.0,148.0,148.75479410641606,0.7547941064160568,-15.754794106416057,15.754794106416057
DCA,TPA,DCA-TPA,12,7,1,8,150.0,814.0,161.0,150.0,146.64255775764326,-3.35744224235674,14.35744224235674,14.35744224235674
TPA,DCA,TPA-DCA,12,7,1,11,135.0,814.0,128.0,135.0,131.5785348840429,-3.4214651159570906,-3.5785348840429094,3.5785348840429094
DCA,DFW,DCA-DFW,12,7,1,6,224.0,1192.0,224.0,224.0,216.28780289772334,-7.7121971022766616,7.7121971022766616,7.7121971022766616
RIC,DFW,RIC-DFW,12,7,1,6,223.0,1158.0,253.0,223.0,218.0776533994672,-4.922346600532791,34.92234660053279,34.92234660053279
CLT,RIC,CLT-RIC,12,7,1,7,70.0,257.0,69.0,70.0,68.63638735908249,-1.3636126409175091,0.3636126409175091,0.3636126409175091
RIC,CLT,RIC-CLT,12,7,1,8,87.0,257.0,94.0,87.0,78.72786838138803,-8.272131618611965,15.272131618611965,15.272131618611965
DFW,DCA,DFW-DCA,12,7,1,5,168.0,1192.0,165.0,168.0,165.70966908994768,-2.290330910052319,-0.7096690899476812,0.7096690899476812
DCA,TPA,DCA-TPA,12,7,1,10,168.0,814.0,167.0,168.0,156.3079543572519,-11.692045642748099,10.692045642748099,10.692045642748099
DCA,MIA,DCA-MIA,12,7,1,5,160.0,919.0,157.0,160.0,153.76365447346828,-6.236345526531721,3.2363455265317214,3.2363455265317214
DCA,MCO,DCA-MCO,12,7,1,6,144.0,759.0,157.0,144.0,143.50076677339482,-0.49923322660518465,13.499233226605185,13.499233226605185
DFW,IAD,DFW-IAD,12,7,1,12,169.0,1172.0,155.0,169.0,165.20721916146272,-3.7927808385372828,-10.207219161462717,10.207219161462717
IAD,DFW,IAD-DFW,12,7,1,16,222.0,1172.0,206.0,222.0,206.24856141399928,-15.751438586000717,-0.24856141399928333,0.24856141399928333
SAT,DCA,SAT-DCA,12,7,1,6,192.0,1380.0,166.0,192.0,185.07357648749172,-6.926423512508279,-19.07357648749172,19.07357648749172
DCA,DFW,DCA-DFW,12,7,1,11,217.0,1192.0,231.0,217.0,212.1545082324678,-4.845491767532195,18.845491767532195,18.845491767532195
TPA,DCA,TPA-DCA,12,7,1,18,135.0,814.0,147.0,135.0,134.5722151824215,-0.4277848175784982,12.427784817578498,12.427784817578498
DCA,CLT,DCA-CLT,12,7,1,10,109.0,331.0,181.0,109.0,97.30829607917666,-11.691703920823343,83.69170392082334,83.69170392082334
MIA,DCA,MIA-DCA,12,7,1,6,149.0,919.0,140.0,149.0,147.90071018663036,-1.0992898133696372,-7.900710186630363,7.900710186630363
MCO,DCA,MCO-DCA,12,7,1,20,132.0,759.0,119.0,132.0,131.22209768110545,-0.7779023188945473,-12.222097681105453,12.222097681105453
DCA,MIA,DCA-MIA,12,7,1,5,162.0,919.0,161.0,162.0,154.7831041924217,-7.216895807578311,6.216895807578311,6.216895807578311
MIA,DCA,MIA-DCA,12,7,1,18,153.0,919.0,148.0,153.0,151.98469808226784,-1.0153019177321596,-3.9846980822678404,3.9846980822678404
CLT,ORF,CLT-ORF,12,7,1,22,81.0,290.0,62.0,81.0,72.3646780116593,-8.635321988340706,-10.364678011659294,10.364678011659294
MIA,DCA,MIA-DCA,12,7,1,20,152.0,919.0,149.0,152.0,148.61355859294457,-3.386441407055429,0.38644140705542895,0.38644140705542895
MCO,DCA,MCO-DCA,12,7,1,19,133.0,759.0,118.0,133.0,133.06035070167945,0.06035070167945378,-15.060350701679454,15.060350701679454
DCA,MIA,DCA-MIA,12,7,1,17,167.0,919.0,175.0,167.0,163.6862437250384,-3.313756274961605,11.313756274961605,11.313756274961605
MIA,DCA,MIA-DCA,12,7,1,14,147.0,919.0,141.0,147.0,146.00303636435532,-0.9969636356446756,-5.003036364355324,5.003036364355324
MIA,DCA,MIA-DCA,12,7,1,21,165.0,919.0,169.0,165.0,158.94505172563655,-6.054948274363454,10.054948274363454,10.054948274363454
DCA,MCO,DCA-MCO,12,7,1,15,156.0,759.0,193.0,156.0,153.59584979988597,-2.4041502001140316,39.40415020011403,39.40415020011403
DFW,DCA,DFW-DCA,12,7,1,12,177.0,1192.0,151.0,177.0,171.74729808438687,-5.25270191561313,-20.74729808438687,20.74729808438687
DCA,LAS,DCA-LAS,12,7,1,7,330.0,2089.0,309.0,330.0,320.34639659913597,-9.653603400864029,-11.346396599135971,11.346396599135971
DCA,LAX,DCA-LAX,12,7,1,17,356.0,2311.0,348.0,356.0,346.68398204438586,-9.316017955614143,1.316017955614143,1.316017955614143
LAX,DCA,LAX-DCA,12,7,1,7,296.0,2311.0,275.0,296.0,287.3218710536945,-8.678128946305492,-12.321871053694508,12.321871053694508
LAS,DCA,LAS-DCA,12,7,1,13,269.0,2089.0,256.0,269.0,266.48862504462267,-2.5113749553773346,-10.488625044622665,10.488625044622665
PHX,DCA,PHX-DCA,12,7,1,14,249.0,1979.0,237.0,249.0,245.9227851192439,-3.077214880756088,-8.922785119243912,8.922785119243912
DCA,PHX,DCA-PHX,12,7,1,16,306.0,1979.0,297.0,306.0,298.45555663743426,-7.544443362565744,-1.4555566374342561,1.4555566374342561
PHX,DCA,PHX-DCA,12,7,1,9,257.0,1979.0,247.0,257.0,249.34036854081054,-7.659631459189455,-2.3403685408105446,2.3403685408105446
DCA,PHX,DCA-PHX,12,7,1,10,316.0,1979.0,356.0,316.0,307.50973311898167,-8.490266881018329,48.49026688101833,48.49026688101833
DCA,PHX,DCA-PHX,12,7,1,7,322.0,1979.0,313.0,322.0,308.6527734748397,-13.347226525160295,4.347226525160295,4.347226525160295
LAX,DCA,LAX-DCA,12,7,1,12,294.0,2311.0,287.0,294.0,284.6677755450587,-9.332224454941297,2.332224454941297,2.332224454941297
PHX,DCA,PHX-DCA,12,7,1,0,243.0,1979.0,222.0,243.0,238.05089748310354,-4.94910251689646,-16.05089748310354,16.05089748310354
DCA,LAX,DCA-LAX,12,7,1,8,366.0,2311.0,374.0,366.0,349.9584389263241,-16.041561073675894,24.041561073675894,24.041561073675894
DCA,DFW,DCA-DFW,12,7,1,12,222.0,1192.0,209.0,222.0,213.66865509290164,-8.331344907098355,-4.668655092901645,4.668655092901645
DFW,DCA,DFW-DCA,12,7,1,8,170.0,1192.0,162.0,170.0,168.54099290679153,-1.45900709320847,-6.54099290679153,6.54099290679153
CLT,RIC,CLT-RIC,12,7,1,18,75.0,257.0,62.0,75.0,72.2562653789763,-2.7437346210237052,-10.256265378976295,10.256265378976295
RIC,CLT,RIC-CLT,12,7,1,20,88.0,257.0,87.0,88.0,80.48933704186625,-7.51066295813375,6.51066295813375,6.51066295813375
TPA,DCA,TPA-DCA,12,7,1,6,136.0,814.0,116.0,136.0,135.63290791188177,-0.3670920881182269,-19.632907911881773,19.632907911881773
DCA,PBI,DCA-PBI,12,7,1,8,152.0,857.0,185.0,152.0,146.9076450956688,-5.092354904331188,38.09235490433119,38.09235490433119
PBI,DCA,PBI-DCA,12,7,1,11,148.0,857.0,161.0,148.0,146.03241461005038,-1.967585389949619,14.967585389949619,14.967585389949619
DCA,BOS,DCA-BOS,12,7,1,15,90.0,399.0,84.0,90.0,93.65448745780157,3.654487457801565,-9.654487457801565,9.654487457801565
DCA,JAX,DCA-JAX,12,7,1,19,131.0,634.0,134.0,131.0,130.3939341949688,-0.6060658050311929,3.606065805031193,3.606065805031193
DCA,JAX,DCA-JAX,12,7,1,15,126.0,634.0,159.0,126.0,123.33458464416263,-2.665415355837368,35.66541535583737,35.66541535583737
JAX,DCA,JAX-DCA,12,7,1,18,116.0,634.0,103.0,116.0,117.22159330373975,1.221593303739752,-14.221593303739752,14.221593303739752
IAD,CLT,IAD-CLT,12,7,1,6,93.0,322.0,87.0,93.0,88.72197991135894,-4.278020088641057,-1.7219799113589431,1.7219799113589431
BOS,DCA,BOS-DCA,12,7,1,14,111.0,399.0,100.0,111.0,107.40774803416443,-3.5922519658355725,-7.4077480341644275,7.4077480341644275
DCA,BOS,DCA-BOS,12,7,1,17,98.0,399.0,79.0,98.0,100.31616678793843,2.3161667879384282,-21.31616678793843,21.31616678793843
CLT,DCA,CLT-DCA,12,7,1,22,85.0,331.0,81.0,85.0,83.660863815602,-1.3391361843980008,-2.6608638156019992,2.6608638156019992
DCA,TPA,DCA-TPA,12,7,1,20,161.0,814.0,157.0,161.0,152.48056289720492,-8.51943710279508,4.519437102795081,4.519437102795081
DCA,PWM,DCA-PWM,12,7,1,14,91.0,482.0,78.0,91.0,92.72213459785914,1.7221345978591387,-14.722134597859139,14.722134597859139
PWM,DCA,PWM-DCA,12,7,1,17,117.0,482.0,119.0,117.0,112.15233993699513,-4.8476600630048665,6.8476600630048665,6.8476600630048665
DCA,MSY,DCA-MSY,12,7,1,7,186.0,969.0,200.0,186.0,170.5560219705377,-15.4439780294623,29.4439780294623,29.4439780294623
MSY,DCA,MSY-DCA,12,7,1,9,148.0,969.0,143.0,148.0,147.88475245509193,-0.11524754490807254,-4.8847524550919275,4.8847524550919275
DCA,TPA,DCA-TPA,12,7,1,13,152.0,814.0,165.0,152.0,147.04591634649256,-4.954083653507439,17.95408365350744,17.95408365350744
TPA,DCA,TPA-DCA,12,7,1,17,134.0,814.0,125.0,134.0,134.5722151824215,0.5722151824215018,-9.572215182421502,9.572215182421502
DCA,RSW,DCA-RSW,12,7,1,7,171.0,892.0,177.0,171.0,158.80520216412958,-12.194797835870418,18.194797835870418,18.194797835870418
RSW,DCA,RSW-DCA,12,7,1,10,147.0,892.0,129.0,147.0,143.36087604884892,-3.6391239511510776,-14.360876048848922,14.360876048848922
DCA,BNA,DCA-BNA,12,7,1,20,126.0,562.0,121.0,126.0,118.60878843679554,-7.391211563204465,2.3912115632044646,2.3912115632044646
DCA,CLT,DCA-CLT,12,7,1,6,91.0,331.0,106.0,91.0,90.0943209485061,-0.9056790514939053,15.905679051493905,15.905679051493905
DCA,BOS,DCA-BOS,12,7,1,22,89.0,399.0,84.0,89.0,89.05718779665312,0.05718779665312468,-5.057187796653125,5.057187796653125
DCA,SRQ,DCA-SRQ,12,7,1,8,158.0,851.0,166.0,158.0,157.03737315855827,-0.9626268414417325,8.962626841441732,8.962626841441732
SRQ,DCA,SRQ-DCA,12,7,1,11,149.0,851.0,136.0,149.0,167.85800440997568,18.858004409975678,-31.858004409975678,31.858004409975678
DCA,FLL,DCA-FLL,12,7,1,15,170.0,899.0,180.0,170.0,162.37250951084476,-7.627490489155235,17.627490489155235,17.627490489155235
FLL,DCA,FLL-DCA,12,7,1,18,154.0,899.0,167.0,154.0,151.39174668838717,-2.6082533116128275,15.608253311612827,15.608253311612827
CHS,DCA,CHS-DCA,12,7,1,6,94.0,444.0,77.0,94.0,91.34421504031663,-2.6557849596833734,-14.344215040316627,14.344215040316627
CLT,DCA,CLT-DCA,12,7,1,7,82.0,331.0,77.0,82.0,93.6731376071421,11.673137607142095,-16.673137607142095,16.673137607142095
BNA,DCA,BNA-DCA,12,7,1,20,108.0,562.0,86.0,108.0,108.82582427738791,0.825824277387909,-22.82582427738791,22.82582427738791
DCA,BNA,DCA-BNA,12,7,1,17,120.0,562.0,134.0,120.0,120.19694242495942,0.19694242495941694,13.803057575040583,13.803057575040583
DCA,PBI,DCA-PBI,12,7,1,10,156.0,857.0,161.0,156.0,149.83116712026225,-6.168832879737749,11.16883287973775,11.16883287973775
PBI,DCA,PBI-DCA,12,7,1,13,147.0,857.0,134.0,147.0,144.50837463057337,-2.491625369426629,-10.508374630573371,10.508374630573371
DCA,ORD,DCA-ORD,12,7,1,9,132.0,612.0,185.0,132.0,127.51457016940665,-4.485429830593347,57.48542983059335,57.48542983059335
ORD,DCA,ORD-DCA,12,7,1,6,115.0,612.0,160.0,115.0,116.61193579060503,1.6119357906050311,43.38806420939497,43.38806420939497
CLT,RIC,CLT-RIC,12,7,1,8,72.0,257.0,71.0,72.0,68.82737629989214,-3.172623700107863,2.172623700107863,2.172623700107863
RIC,CLT,RIC-CLT,12,7,1,10,86.0,257.0,107.0,86.0,77.57855910224379,-8.421440897756213,29.421440897756213,29.421440897756213
CLT,IAD,CLT-IAD,12,7,1,22,81.0,322.0,64.0,81.0,76.32774158741763,-4.672258412582366,-12.327741587417634,12.327741587417634
BOS,DCA,BOS-DCA,12,7,1,7,127.0,399.0,109.0,127.0,118.52646380580599,-8.473536194194011,-9.526463805805989,9.526463805805989
CHS,DCA,CHS-DCA,12,7,1,17,97.0,444.0,106.0,97.0,98.31199391387398,1.3119939138739767,7.688006086126023,7.688006086126023
DCA,CHS,DCA-CHS,12,7,1,14,98.0,444.0,103.0,98.0,98.95128227723954,0.9512822772395424,4.048717722760458,4.048717722760458
DCA,SYR,DCA-SYR,12,7,1,10,88.0,298.0,74.0,88.0,78.99753150661236,-9.002468493387639,-4.997531506612361,4.997531506612361
SYR,DCA,SYR-DCA,12,7,1,12,91.0,298.0,74.0,91.0,85.25056728490847,-5.74943271509153,-11.25056728490847,11.25056728490847
BDL,DCA,BDL-DCA,12,7,1,17,89.0,313.0,74.0,89.0,83.86946845851158,-5.130531541488423,-9.869468458511577,9.869468458511577
DCA,BDL,DCA-BDL,12,7,1,15,88.0,313.0,72.0,88.0,81.37567846692242,-6.624321533077577,-9.375678466922423,9.375678466922423
MCO,DCA,MCO-DCA,12,7,1,6,134.0,759.0,120.0,134.0,131.59548119175315,-2.4045188082468485,-11.595481191753152,11.595481191753152
DCA,MIA,DCA-MIA,12,7,1,10,185.0,919.0,173.0,185.0,168.96150436646235,-16.03849563353765,4.03849563353765,4.03849563353765
PWM,DCA,PWM-DCA,12,7,1,5,120.0,482.0,129.0,120.0,113.48763718943619,-6.512362810563815,15.512362810563815,15.512362810563815
DCA,VPS,DCA-VPS,12,7,1,8,156.0,789.0,171.0,156.0,150.4370935822673,-5.562906417732705,20.562906417732705,20.562906417732705
VPS,DCA,VPS-DCA,12,7,1,10,130.0,789.0,114.0,130.0,129.8830105671067,-0.11698943289329122,-15.883010567106709,15.883010567106709
BOS,DCA,BOS-DCA,12,7,1,17,111.0,399.0,109.0,111.0,108.87189672678551,-2.128103273214492,0.12810327321449222,0.12810327321449222
DCA,BOS,DCA-BOS,12,7,1,14,90.0,399.0,89.0,90.0,92.82282788740878,2.8228278874087778,-3.8228278874087778,3.8228278874087778
DCA,ORD,DCA-ORD,12,7,1,19,143.0,612.0,151.0,143.0,138.93585837605997,-4.064141623940031,12.064141623940031,12.064141623940031
ORD,DCA,ORD-DCA,12,7,1,20,121.0,612.0,106.0,121.0,117.47190569892126,-3.5280943010787382,-11.471905698921262,11.471905698921262
ORF,MIA,ORF-MIA,12,7,1,5,146.0,802.0,178.0,146.0,138.03426222395825,-7.965737776041749,39.96573777604175,39.96573777604175
DCA,CLT,DCA-CLT,12,7,1,17,102.0,331.0,102.0,102.0,97.63300703038608,-4.366992969613918,4.366992969613918,4.366992969613918
JAX,DCA,JAX-DCA,12,7,1,7,116.0,634.0,102.0,116.0,115.4692518815936,-0.5307481184063931,-13.469251881593607,13.469251881593607
DCA,FLL,DCA-FLL,12,7,1,10,177.0,899.0,167.0,177.0,162.24217461536261,-14.757825384637385,4.7578253846373855,4.7578253846373855
FLL,DCA,FLL-DCA,12,7,1,13,153.0,899.0,136.0,153.0,149.41903157333766,-3.580968426662338,-13.419031573337662,13.419031573337662
DCA,PVD,DCA-PVD,12,7,1,13,78.0,356.0,74.0,78.0,78.39723694007179,0.39723694007179233,-4.397236940071792,4.397236940071792
PVD,DCA,PVD-DCA,12,7,1,15,96.0,356.0,96.0,96.0,95.17036790027235,-0.8296320997276467,0.8296320997276467,0.8296320997276467
BOS,DCA,BOS-DCA,12,7,1,6,109.0,399.0,99.0,109.0,103.54872367970003,-5.451276320299968,-4.548723679700032,4.548723679700032
BOS,DCA,BOS-DCA,12,7,1,10,106.0,399.0,97.0,106.0,99.86542534039759,-6.134574659602407,-2.865425340397593,2.865425340397593
DCA,BOS,DCA-BOS,12,7,1,8,101.0,399.0,101.0,101.0,100.76805546781394,-0.2319445321860627,0.2319445321860627,0.2319445321860627
DCA,PBI,DCA-PBI,12,7,1,16,154.0,857.0,162.0,154.0,150.30330979832084,-3.6966902016791607,11.69669020167916,11.69669020167916
PBI,DCA,PBI-DCA,12,7,1,20,147.0,857.0,123.0,147.0,144.3769802520327,-2.623019747967305,-21.376980252032695,21.376980252032695
DFW,RIC,DFW-RIC,12,7,1,14,161.0,1158.0,149.0,161.0,158.1368670486099,-2.8631329513900994,-9.1368670486099,9.1368670486099
RIC,DFW,RIC-DFW,12,7,1,19,217.0,1158.0,218.0,217.0,216.93342613628587,-0.06657386371412599,1.066573863714126,1.066573863714126
DCA,PWM,DCA-PWM,12,7,1,22,90.0,482.0,84.0,90.0,87.1347103171272,-2.865289682872799,-3.134710317127201,3.134710317127201
DCA,PWM,DCA-PWM,12,7,1,10,93.0,482.0,112.0,93.0,91.35423199915076,-1.6457680008492446,20.645768000849245,20.645768000849245
PWM,DCA,PWM-DCA,12,7,1,12,121.0,482.0,109.0,121.0,115.87949492748486,-5.120505072515144,-6.879494927484856,6.879494927484856
DCA,RSW,DCA-RSW,12,7,1,14,168.0,892.0,203.0,168.0,161.27571608376977,-6.724283916230235,41.724283916230235,41.724283916230235
RSW,DCA,RSW-DCA,12,7,1,18,149.0,892.0,151.0,149.0,149.35395703222784,0.35395703222783936,1.6460429677721606,1.6460429677721606
BNA,DCA,BNA-DCA,12,7,1,6,109.0,562.0,135.0,109.0,108.35385253996715,-0.6461474600328501,26.64614746003285,26.64614746003285
DCA,RSW,DCA-RSW,12,7,1,10,166.0,892.0,181.0,166.0,159.55179542908547,-6.448204570914527,21.448204570914527,21.448204570914527
RSW,DCA,RSW-DCA,12,7,1,13,147.0,892.0,132.0,147.0,145.10753755638515,-1.8924624436148463,-13.107537556385154,13.107537556385154
ORD,DCA,ORD-DCA,12,7,1,11,113.0,612.0,104.0,113.0,114.9249028291431,1.9249028291430932,-10.924902829143093,10.924902829143093
DCA,ORD,DCA-ORD,12,7,1,15,146.0,612.0,152.0,146.0,142.07450249405233,-3.925497505947675,9.925497505947675,9.925497505947675
CLT,ORF,CLT-ORF,12,7,1,7,73.0,290.0,61.0,73.0,68.75602664955349,-4.24397335044651,-7.75602664955349,7.75602664955349
ORF,CLT,ORF-CLT,12,7,1,9,91.0,290.0,115.0,91.0,84.20949679108767,-6.790503208912327,30.790503208912327,30.790503208912327
CLT,DCA,CLT-DCA,12,7,1,12,86.0,331.0,88.0,86.0,94.13649072490709,8.136490724907091,-6.136490724907091,6.136490724907091
DFW,DCA,DFW-DCA,12,7,1,10,173.0,1192.0,149.0,173.0,168.32548518689958,-4.674514813100416,-19.325485186899584,19.325485186899584
DCA,MIA,DCA-MIA,12,7,1,14,173.0,919.0,162.0,173.0,165.18797396730596,-7.812026032694035,-3.1879739673059646,3.1879739673059646
IAD,DFW,IAD-DFW,12,7,1,6,223.0,1172.0,244.0,223.0,207.54083337087656,-15.459166629123445,36.459166629123445,36.459166629123445
DCA,CHS,DCA-CHS,12,7,1,19,107.0,444.0,102.0,107.0,104.86758790262942,-2.132412097370576,-2.867587902629424,2.867587902629424
CLT,DCA,CLT-DCA,12,7,1,20,86.0,331.0,84.0,86.0,92.7958424832779,6.7958424832778945,-8.795842483277895,8.795842483277895
DCA,BOS,DCA-BOS,12,7,1,11,89.0,399.0,78.0,89.0,91.20855780920151,2.2085578092015083,-13.208557809201508,13.208557809201508
BOS,DCA,BOS-DCA,12,7,1,9,109.0,399.0,107.0,109.0,102.55135047172652,-6.448649528273478,4.448649528273478,4.448649528273478
CLT,RIC,CLT-RIC,12,7,1,16,78.0,257.0,62.0,78.0,72.20970960254097,-5.790290397459032,-10.209709602540968,10.209709602540968
RIC,CLT,RIC-CLT,12,7,1,18,88.0,257.0,95.0,88.0,81.38754171473356,-6.612458285266442,13.612458285266442,13.612458285266442
RIC,CLT,RIC-CLT,12,7,1,5,83.0,257.0,107.0,83.0,76.66034027951302,-6.339659720486978,30.339659720486978,30.339659720486978
DFW,RIC,DFW-RIC,12,7,1,10,170.0,1158.0,150.0,170.0,164.45616009252902,-5.543839907470982,-14.456160092529018,14.456160092529018
RIC,DFW,RIC-DFW,12,7,1,15,219.0,1158.0,215.0,219.0,217.2824163492054,-1.7175836507946087,-2.2824163492053913,2.2824163492053913
CLT,RIC,CLT-RIC,12,7,1,11,78.0,257.0,58.0,78.0,69.42904126413333,-8.570958735866668,-11.429041264133332,11.429041264133332
RIC,CLT,RIC-CLT,12,7,1,14,85.0,257.0,89.0,85.0,79.12504649216106,-5.8749535078389385,9.874953507838939,9.874953507838939
DCA,TPA,DCA-TPA,12,7,1,18,148.0,814.0,183.0,148.0,148.4897067683905,0.489706768390505,34.510293231609495,34.510293231609495
ORD,DCA,ORD-DCA,12,7,1,12,120.0,612.0,132.0,120.0,121.70889494578729,1.7088949457872928,10.291105054212707,10.291105054212707
MIA,DCA,MIA-DCA,12,7,1,11,156.0,919.0,148.0,156.0,151.77013552421,-4.229864475790009,-3.7701355242099908,3.7701355242099908
DCA,DFW,DCA-DFW,12,7,1,17,229.0,1192.0,205.0,229.0,220.99259151823298,-8.007408481767015,-15.992591518232985,15.992591518232985
RIC,MIA,RIC-MIA,12,7,1,6,160.0,826.0,187.0,160.0,152.3615373017168,-7.638462698283206,34.638462698283206,34.638462698283206
DCA,SAT,DCA-SAT,12,7,1,19,231.0,1380.0,267.0,231.0,220.74629317150664,-10.253706828493364,46.253706828493364,46.253706828493364
DFW,DCA,DFW-DCA,12,7,1,14,169.0,1192.0,148.0,169.0,166.44663121473485,-2.5533687852651497,-18.44663121473485,18.44663121473485
MIA,DCA,MIA-DCA,12,7,1,10,157.0,919.0,150.0,157.0,151.18111592692182,-5.818884073078181,-1.1811159269218194,1.1811159269218194
DCA,DFW,DCA-DFW,12,7,1,18,217.0,1192.0,213.0,217.0,214.45739644628924,-2.5426035537107623,-1.4573964462892377,1.4573964462892377
CLT,DCA,CLT-DCA,12,7,1,16,86.0,331.0,94.0,86.0,93.76670767517709,7.766707675177088,0.23329232482291218,0.23329232482291218
DCA,CLT,DCA-CLT,12,7,1,13,91.0,331.0,84.0,91.0,90.6883792667086,-0.3116207332914058,-6.688379266708594,6.688379266708594
CLT,RIC,CLT-RIC,12,7,1,21,75.0,257.0,57.0,75.0,69.20545146135932,-5.794548538640683,-12.205451461359317,12.205451461359317
DFW,ORF,DFW-ORF,12,7,1,10,176.0,1212.0,157.0,176.0,168.2637056634296,-7.73629433657041,-11.26370566342959,11.26370566342959
ORF,DFW,ORF-DFW,12,7,1,15,228.0,1212.0,221.0,228.0,222.91226964609004,-5.087730353909961,-1.9122696460900386,1.9122696460900386
DCA,DFW,DCA-DFW,12,7,1,8,235.0,1192.0,241.0,235.0,220.04787576921953,-14.95212423078047,20.95212423078047,20.95212423078047
CLT,ORF,CLT-ORF,12,7,1,13,74.0,290.0,69.0,74.0,69.89019639018785,-4.109803609812147,-0.8901963901878531,0.8901963901878531
ORF,CLT,ORF-CLT,12,7,1,15,92.0,290.0,110.0,92.0,87.77888316558462,-4.221116834415383,22.221116834415383,22.221116834415383
DCA,BOS,DCA-BOS,12,7,1,20,91.0,399.0,81.0,91.0,95.93512780622024,4.935127806220237,-14.935127806220237,14.935127806220237
DFW,DCA,DFW-DCA,12,7,1,15,165.0,1192.0,153.0,165.0,167.35318301317287,2.353183013172867,-14.353183013172867,14.353183013172867
DCA,MIA,DCA-MIA,12,7,1,19,177.0,919.0,167.0,177.0,167.0348468944092,-9.965153105590787,-0.03484689440921329,0.03484689440921329
MIA,DCA,MIA-DCA,12,7,1,16,151.0,919.0,141.0,151.0,149.90441707365588,-1.0955829263441217,-8.904417073655878,8.904417073655878
ORF,CLT,ORF-CLT,12,7,1,5,88.0,290.0,80.0,88.0,80.85248510596645,-7.147514894033549,-0.8524851059664513,0.8524851059664513
DCA,MIA,DCA-MIA,12,7,1,11,164.0,919.0,154.0,164.0,161.35194564436156,-2.648054355638436,-7.351945644361564,7.351945644361564
DFW,DCA,DFW-DCA,12,7,1,7,169.0,1192.0,160.0,169.0,165.9180695436999,-3.081930456300114,-5.918069543699886,5.918069543699886
MIA,DCA,MIA-DCA,12,7,1,8,150.0,919.0,145.0,150.0,148.25759390232838,-1.7424060976716191,-3.257593902328381,3.257593902328381
DCA,MCO,DCA-MCO,12,7,1,11,148.0,759.0,161.0,148.0,146.9901831429512,-1.0098168570488042,14.009816857048804,14.009816857048804
TPA,DCA,TPA-DCA,12,7,1,14,134.0,814.0,144.0,134.0,133.05480803722725,-0.9451919627727534,10.945191962772753,10.945191962772753
DCA,MIA,DCA-MIA,12,7,1,17,177.0,919.0,184.0,177.0,167.58183057623893,-9.418169423761071,16.41816942376107,16.41816942376107
DCA,MIA,DCA-MIA,12,7,1,8,167.0,919.0,197.0,167.0,161.53209622547158,-5.467903774528423,35.46790377452842,35.46790377452842
DFW,DCA,DFW-DCA,12,7,1,19,170.0,1192.0,144.0,170.0,169.80004098230435,-0.1999590176956474,-25.800040982304353,25.800040982304353
MCO,DCA,MCO-DCA,12,7,1,15,136.0,759.0,125.0,136.0,136.38278587516015,0.3827858751601525,-11.382785875160153,11.382785875160153
DCA,MCO,DCA-MCO,12,7,1,17,157.0,759.0,180.0,157.0,154.04688680399957,-2.95311319600043,25.95311319600043,25.95311319600043
DFW,ORF,DFW-ORF,12,7,1,18,168.0,1212.0,158.0,168.0,167.05395661343408,-0.9460433865659184,-9.053956613434082,9.053956613434082
DCA,DFW,DCA-DFW,12,7,1,14,222.0,1192.0,220.0,222.0,213.72936753971646,-8.270632460283537,6.270632460283537,6.270632460283537
MCO,DCA,MCO-DCA,12,7,1,11,133.0,759.0,115.0,133.0,131.07713442183274,-1.9228655781672614,-16.07713442183274,16.07713442183274
DCA,MCO,DCA-MCO,12,7,1,8,142.0,759.0,168.0,142.0,142.68860912822282,0.6886091282228222,25.311390871777178,25.311390871777178
CLT,ORF,CLT-ORF,12,7,1,11,75.0,290.0,63.0,75.0,69.06690949714611,-5.9330905028538865,-6.0669094971461135,6.0669094971461135
ORF,CLT,ORF-CLT,12,7,1,13,92.0,290.0,95.0,92.0,85.24851604026819,-6.751483959731814,9.751483959731814,9.751483959731814
DFW,DCA,DFW-DCA,12,7,1,17,166.0,1192.0,145.0,166.0,167.84245697742742,1.8424569774274175,-22.842456977427418,22.842456977427418
DFW,RIC,DFW-RIC,12,7,1,18,159.0,1158.0,146.0,159.0,159.68975959256417,0.6897595925641724,-13.689759592564172,13.689759592564172
DFW,IAD,DFW-IAD,12,7,1,18,167.0,1172.0,147.0,167.0,166.6637573709701,-0.336242629029897,-19.663757370970103,19.663757370970103
MIA,RIC,MIA-RIC,12,7,1,21,144.0,826.0,135.0,144.0,138.87981711900292,-5.120182880997078,-3.8798171190029223,3.8798171190029223
ORF,DFW,ORF-DFW,12,7,1,6,231.0,1212.0,244.0,231.0,222.0219006942912,-8.97809930570881,21.97809930570881,21.97809930570881
DFW,ORF,DFW-ORF,12,7,1,14,168.0,1212.0,168.0,168.0,164.7146834251523,-3.2853165748477124,3.2853165748477124,3.2853165748477124
ORF,DFW,ORF-DFW,12,7,1,19,225.0,1212.0,233.0,225.0,219.10615065712705,-5.893849342872954,13.893849342872954,13.893849342872954
CLT,RIC,CLT-RIC,12,7,1,22,80.0,257.0,67.0,80.0,75.0894610001823,-4.910538999817703,-8.089461000182297,8.089461000182297
MIA,DCA,MIA-DCA,12,7,1,17,153.0,919.0,156.0,153.0,151.98469808226784,-1.0153019177321596,4.01530191773216,4.01530191773216
BOS,DCA,BOS-DCA,12,7,1,7,115.0,399.0,101.0,115.0,107.86948398704818,-7.130516012951816,-6.869483987048184,6.869483987048184
DCA,DFW,DCA-DFW,12,7,1,10,228.0,1192.0,263.0,228.0,218.24399620846688,-9.756003791533118,44.75600379153312,44.75600379153312
DCA,DFW,DCA-DFW,12,7,1,7,219.0,1192.0,243.0,219.0,214.03601698587056,-4.96398301412944,28.96398301412944,28.96398301412944
MIA,ORF,MIA-ORF,12,7,1,21,144.0,802.0,193.0,144.0,135.06875148833825,-8.93124851166175,57.93124851166175,57.93124851166175
RIC,CLT,RIC-CLT,12,7,1,6,87.0,257.0,133.0,87.0,78.40410135090012,-8.59589864909988,54.59589864909988,54.59589864909988
DCA,MIA,DCA-MIA,12,7,1,7,172.0,919.0,172.0,172.0,164.37198890537496,-7.6280110946250375,7.6280110946250375,7.6280110946250375
CLT,DCA,CLT-DCA,12,1,0,18,83.0,331.0,83.0,83.0,92.2791657486246,9.279165748624607,-9.279165748624607,9.279165748624607
DCA,PBI,DCA-PBI,12,1,0,14,163.0,857.0,190.0,163.0,151.75659543670972,-11.243404563290284,38.243404563290284,38.243404563290284
PBI,DCA,PBI-DCA,12,1,0,18,148.0,857.0,129.0,148.0,146.79194263570764,-1.2080573642923582,-17.791942635707642,17.791942635707642
DCA,TPA,DCA-TPA,12,1,0,8,150.0,814.0,156.0,150.0,145.05509032840484,-4.9449096715951555,10.944909671595155,10.944909671595155
TPA,DCA,TPA-DCA,12,1,0,11,135.0,814.0,117.0,135.0,130.13691932429822,-4.863080675701781,-13.13691932429822,13.13691932429822
CLT,RIC,CLT-RIC,12,1,0,15,71.0,257.0,93.0,71.0,68.21218115586457,-2.7878188441354297,24.78781884413543,24.78781884413543
RIC,CLT,RIC-CLT,12,1,0,17,86.0,257.0,100.0,86.0,79.39304064859954,-6.606959351400462,20.606959351400462,20.606959351400462
DCA,CLT,DCA-CLT,12,1,0,8,94.0,331.0,110.0,94.0,87.94608208643898,-6.053917913561023,22.053917913561023,22.053917913561023
DCA,DFW,DCA-DFW,12,1,0,12,222.0,1192.0,213.0,222.0,211.41834066264153,-10.581659337358474,1.5816593373584737,1.5816593373584737
DFW,DCA,DFW-DCA,12,1,0,8,170.0,1192.0,197.0,170.0,166.78652205876685,-3.213477941233151,30.21347794123315,30.21347794123315
DCA,MIA,DCA-MIA,12,1,0,17,167.0,919.0,170.0,167.0,161.10085739465632,-5.899142605343684,8.899142605343684,8.899142605343684
MIA,DCA,MIA-DCA,12,1,0,14,147.0,919.0,147.0,147.0,145.63023450470945,-1.369765495290551,1.369765495290551,1.369765495290551
ORD,DCA,ORD-DCA,12,1,0,20,121.0,612.0,101.0,121.0,115.31298682127733,-5.687013178722665,-14.312986821277335,14.312986821277335
MIA,ORF,MIA-ORF,12,1,0,21,144.0,802.0,122.0,144.0,133.1933073563507,-10.806692643649313,-11.193307356350687,11.193307356350687
DCA,MIA,DCA-MIA,12,1,0,8,167.0,919.0,181.0,167.0,159.3220939365595,-7.677906063440503,21.677906063440503,21.677906063440503
DCA,ORD,DCA-ORD,12,1,0,6,139.0,612.0,142.0,139.0,133.85607232922555,-5.1439276707744455,8.143927670774445,8.143927670774445
MIA,DCA,MIA-DCA,12,1,0,21,165.0,919.0,138.0,165.0,158.0157765495939,-6.984223450406091,-20.01577654959391,20.01577654959391
CLT,ORF,CLT-ORF,12,1,0,8,74.0,290.0,66.0,74.0,68.19669816013935,-5.8033018398606515,-2.1966981601393485,2.1966981601393485
ORF,CLT,ORF-CLT,12,1,0,10,91.0,290.0,81.0,91.0,81.2887756278231,-9.7112243721769,-0.2887756278230995,0.2887756278230995
MIA,DCA,MIA-DCA,12,1,0,20,152.0,919.0,143.0,152.0,148.00333202194344,-3.996667978056564,-5.003332021943436,5.003332021943436
DCA,MIA,DCA-MIA,12,1,0,5,162.0,919.0,156.0,162.0,153.20287121877305,-8.797128781226945,2.797128781226945,2.797128781226945
ORF,CLT,ORF-CLT,12,1,0,6,89.0,290.0,91.0,89.0,79.48428404664828,-9.515715953351716,11.515715953351716,11.515715953351716
DCA,MCO,DCA-MCO,12,1,0,6,144.0,759.0,172.0,144.0,141.61947042801773,-2.3805295719822652,30.380529571982265,30.380529571982265
MIA,DCA,MIA-DCA,12,1,0,6,149.0,919.0,147.0,149.0,147.66586765709923,-1.334132342900773,-0.665867657099227,0.665867657099227
DCA,MIA,DCA-MIA,12,1,0,9,165.0,919.0,162.0,165.0,159.29268623265975,-5.707313767340253,2.7073137673402528,2.7073137673402528
DCA,MIA,DCA-MIA,12,1,0,11,164.0,919.0,172.0,164.0,159.77171267071293,-4.22828732928707,12.22828732928707,12.22828732928707
DCA,MIA,DCA-MIA,12,1,0,5,160.0,919.0,167.0,160.0,152.18342149981964,-7.816578500180356,14.816578500180356,14.816578500180356
DCA,PHX,DCA-PHX,12,1,0,7,322.0,1979.0,311.0,322.0,305.8720787030027,-16.127921296997272,5.127921296997272,5.127921296997272
DCA,PHX,DCA-PHX,12,1,0,16,306.0,1979.0,289.0,306.0,295.9278848502873,-10.072115149712715,-6.927884850287285,6.927884850287285
PHX,DCA,PHX-DCA,12,1,0,9,257.0,1979.0,249.0,257.0,246.42801385876004,-10.571986141239961,2.571986141239961,2.571986141239961
PHX,DCA,PHX-DCA,12,1,0,14,249.0,1979.0,251.0,249.0,243.0652061294205,-5.934793870579512,7.934793870579512,7.934793870579512
LAX,DCA,LAX-DCA,12,1,0,12,294.0,2311.0,303.0,294.0,281.94375862814627,-12.05624137185373,21.05624137185373,21.05624137185373
DCA,LAX,DCA-LAX,12,1,0,8,366.0,2311.0,332.0,366.0,347.91243206030254,-18.087567939697465,-15.912432060302535,15.912432060302535
LAS,DCA,LAS-DCA,12,1,0,13,269.0,2089.0,263.0,269.0,263.43831103245736,-5.561688967542636,-0.4383110324573636,0.4383110324573636
DCA,LAX,DCA-LAX,12,1,0,17,356.0,2311.0,317.0,356.0,344.51559530406354,-11.484404695936462,-27.515595304063538,27.515595304063538
LAX,DCA,LAX-DCA,12,1,0,7,296.0,2311.0,281.0,296.0,284.7358134668968,-11.264186533103214,-3.7358134668967864,3.7358134668967864
DCA,LAS,DCA-LAS,12,1,0,7,330.0,2089.0,312.0,330.0,317.9760698281026,-12.023930171897405,-5.976069828102595,5.976069828102595
DCA,PHX,DCA-PHX,12,1,0,10,316.0,1979.0,294.0,316.0,304.7290383471447,-11.270961652855306,-10.729038347144694,10.729038347144694
PHX,DCA,PHX-DCA,12,1,0,0,243.0,1979.0,230.0,243.0,235.79834434638042,-7.201655653619582,-5.798344346380418,5.798344346380418
DFW,DCA,DFW-DCA,12,1,0,19,171.0,1192.0,173.0,171.0,167.67018609280967,-3.329813907190328,5.329813907190328,5.329813907190328
CLT,ORF,CLT-ORF,12,1,0,12,74.0,290.0,91.0,74.0,67.97981676478119,-6.020183235218809,23.02018323521881,23.02018323521881
ORF,CLT,ORF-CLT,12,1,0,14,92.0,290.0,83.0,92.0,81.93744423200431,-10.06255576799569,1.0625557679956898,1.0625557679956898
DCA,CLT,DCA-CLT,12,1,0,19,96.0,331.0,92.0,96.0,89.17510378821653,-6.824896211783468,2.824896211783468,2.824896211783468
CLT,DCA,CLT-DCA,12,1,0,9,85.0,331.0,65.0,85.0,91.72006968227785,6.7200696822778525,-26.720069682277853,26.720069682277853
DCA,ORD,DCA-ORD,12,1,0,11,133.0,612.0,124.0,133.0,127.631565723319,-5.3684342766810005,-3.6315657233189995,3.6315657233189995
ORD,DCA,ORD-DCA,12,1,0,11,113.0,612.0,117.0,113.0,113.48328726939823,0.4832872693982324,3.5167127306017676,3.5167127306017676
BOS,DCA,BOS-DCA,12,1,0,7,124.0,399.0,106.0,124.0,111.03038153592367,-12.969618464076333,-5.0303815359236665,5.0303815359236665
DCA,RSW,DCA-RSW,12,1,0,10,166.0,892.0,181.0,166.0,158.3241464936343,-7.675853506365712,22.675853506365712,22.675853506365712
RSW,DCA,RSW-DCA,12,1,0,13,147.0,892.0,124.0,147.0,143.58884893218337,-3.4111510678166326,-19.588848932183367,19.588848932183367
DCA,PBI,DCA-PBI,12,1,0,16,154.0,857.0,167.0,154.0,148.3548524605924,-5.6451475394075885,18.64514753940759,18.64514753940759
PBI,DCA,PBI-DCA,12,1,0,20,147.0,857.0,133.0,147.0,142.41412878132428,-4.58587121867572,-9.41412878132428,9.41412878132428
JAX,DCA,JAX-DCA,12,1,0,7,116.0,634.0,90.0,116.0,114.17691738122936,-1.8230826187706413,-24.17691738122936,24.17691738122936
DCA,SYR,DCA-SYR,12,1,0,10,88.0,298.0,69.0,88.0,77.72033375837741,-10.279666241622593,-8.720333758377407,8.720333758377407
SYR,DCA,SYR-DCA,12,1,0,12,91.0,298.0,115.0,91.0,83.10632010165003,-7.893679898349973,31.893679898349973,31.893679898349973
DCA,RSW,DCA-RSW,12,1,0,14,168.0,892.0,168.0,168.0,159.92570993667331,-8.074290063326686,8.074290063326686,8.074290063326686
RSW,DCA,RSW-DCA,12,1,0,18,149.0,892.0,126.0,149.0,147.5978436966708,-1.4021563033292068,-21.597843696670793,21.597843696670793
DCA,BOS,DCA-BOS,12,1,0,11,89.0,399.0,83.0,89.0,92.06297305755866,3.062973057558665,-9.062973057558665,9.062973057558665
BOS,DCA,BOS-DCA,12,1,0,9,109.0,399.0,120.0,109.0,101.10973491198166,-7.890265088018339,18.89026508801834,18.89026508801834
BOS,DCA,BOS-DCA,12,1,0,20,110.0,399.0,89.0,110.0,102.9291615129649,-7.070838487035104,-13.929161512964896,13.929161512964896
DCA,BOS,DCA-BOS,12,1,0,18,84.0,399.0,80.0,84.0,93.62407106693614,9.62407106693614,-13.62407106693614,13.62407106693614
CHS,DCA,CHS-DCA,12,1,0,17,97.0,444.0,90.0,97.0,92.00853802876044,-4.991461971239559,-2.008538028760441,2.008538028760441
DCA,CHS,DCA-CHS,12,1,0,14,98.0,444.0,132.0,98.0,97.02978811095088,-0.9702118890491249,34.970211889049125,34.970211889049125
DCA,MSY,DCA-MSY,12,1,0,6,178.0,969.0,180.0,178.0,164.17275238207418,-13.82724761792582,15.82724761792582,15.82724761792582
MSY,DCA,MSY-DCA,12,1,0,9,148.0,969.0,132.0,148.0,146.7672084703335,-1.232791529666514,-14.767208470333486,14.767208470333486
CLT,IAD,CLT-IAD,12,1,0,21,83.0,322.0,69.0,83.0,76.91854913298927,-6.08145086701073,-7.91854913298927,7.91854913298927
DCA,JAX,DCA-JAX,12,1,0,15,126.0,634.0,127.0,126.0,121.41309047787396,-4.586909522126035,5.586909522126035,5.586909522126035
JAX,DCA,JAX-DCA,12,1,0,18,116.0,634.0,104.0,116.0,115.21195548547644,-0.7880445145235626,-11.211955485476437,11.211955485476437
DCA,PBI,DCA-PBI,12,1,0,10,156.0,857.0,145.0,156.0,148.02066911264856,-7.979330887351438,-3.0206691126485623,3.0206691126485623
PBI,DCA,PBI-DCA,12,1,0,13,147.0,857.0,134.0,147.0,142.78294787122022,-4.217052128779784,-8.782947871220216,8.782947871220216
BNA,DCA,BNA-DCA,12,1,0,6,109.0,562.0,122.0,109.0,107.1704256886827,-1.8295743113173017,14.829574311317302,14.829574311317302
DCA,BNA,DCA-BNA,12,1,0,20,126.0,562.0,120.0,126.0,116.47170036413385,-9.528299635866148,3.528299635866148,3.528299635866148
DCA,ORD,DCA-ORD,12,1,0,9,134.0,612.0,121.0,134.0,127.15253928526587,-6.847460714734126,-6.152539285265874,6.152539285265874
TPA,DCA,TPA-DCA,12,1,0,6,136.0,814.0,132.0,136.0,134.04544048264336,-1.9545595173566426,-2.0454404826433574,2.0454404826433574
CLT,DCA,CLT-DCA,12,1,0,7,82.0,331.0,92.0,82.0,92.71367599288563,10.713675992885626,-0.7136759928856264,0.7136759928856264
BNA,DCA,BNA-DCA,12,1,0,20,108.0,562.0,93.0,108.0,106.92509410820439,-1.0749058917956091,-13.92509410820439,13.92509410820439
DCA,BNA,DCA-BNA,12,1,0,17,120.0,562.0,122.0,120.0,118.05985435229773,-1.9401456477022663,3.9401456477022663,3.9401456477022663
DCA,FLL,DCA-FLL,12,1,0,10,177.0,899.0,156.0,177.0,159.9167835253024,-17.083216474697593,-3.9167835253024066,3.9167835253024066
FLL,DCA,FLL-DCA,12,1,0,13,153.0,899.0,140.0,153.0,147.6773123707606,-5.322687629239397,-7.677312370760603,7.677312370760603
DCA,JAX,DCA-JAX,12,1,0,19,131.0,634.0,123.0,131.0,128.2350153173251,-2.764984682674907,-5.235015317325093,5.235015317325093
BOS,DCA,BOS-DCA,12,1,0,6,109.0,399.0,99.0,109.0,102.10710811995517,-6.892891880044829,-3.1071081199551713,3.1071081199551713
DCA,TPA,DCA-TPA,12,1,0,13,152.0,814.0,165.0,152.0,145.3204895871394,-6.679510412860594,19.679510412860594,19.679510412860594
TPA,DCA,TPA-DCA,12,1,0,17,134.0,814.0,136.0,134.0,132.4132963047778,-1.5867036952222122,3.586703695222212,3.586703695222212
BOS,DCA,BOS-DCA,12,1,0,11,107.0,399.0,109.0,107.0,101.69875450926982,-5.301245490730182,7.301245490730182,7.301245490730182
DCA,BOS,DCA-BOS,12,1,0,8,101.0,399.0,90.0,101.0,101.23529988769141,0.2352998876914114,-11.235299887691411,11.235299887691411
CLT,DCA,CLT-DCA,12,1,0,20,84.0,331.0,71.0,84.0,91.11907755112236,7.119077551122359,-20.11907755112236,20.11907755112236
DCA,CLT,DCA-CLT,12,1,0,6,98.0,331.0,113.0,98.0,90.3847158720078,-7.615284127992197,22.615284127992197,22.615284127992197
DCA,PWM,DCA-PWM,12,1,0,22,90.0,482.0,85.0,90.0,86.48815112498139,-3.5118488750186145,-1.4881511249813855,1.4881511249813855
IAD,CLT,IAD-CLT,12,1,0,7,93.0,322.0,93.0,93.0,88.09579749921838,-4.904202500781622,4.904202500781622,4.904202500781622
BOS,DCA,BOS-DCA,12,1,0,14,111.0,399.0,103.0,111.0,105.48625386787576,-5.51374613212424,-2.48625386787576,2.48625386787576
DCA,BOS,DCA-BOS,12,1,0,15,90.0,399.0,84.0,90.0,94.02902409961492,4.029024099614915,-10.029024099614915,10.029024099614915
DCA,PVD,DCA-PVD,12,1,0,13,78.0,356.0,72.0,78.0,76.38387691264509,-1.6161230873549073,-4.383876912645093,4.383876912645093
PVD,DCA,PVD-DCA,12,1,0,15,96.0,356.0,98.0,96.0,93.08203978951575,-2.917960210484253,4.917960210484253,4.917960210484253
CLT,DCA,CLT-DCA,12,1,0,21,95.0,331.0,73.0,95.0,85.33788106150207,-9.662118938497926,-12.337881061502074,12.337881061502074
DCA,CLT,DCA-CLT,12,1,0,17,102.0,331.0,107.0,102.0,94.20894187717897,-7.791058122821028,12.791058122821028,12.791058122821028
DCA,RSW,DCA-RSW,12,1,0,6,157.0,892.0,156.0,157.0,150.04964123969904,-6.950358760300958,5.950358760300958,5.950358760300958
RSW,DCA,RSW-DCA,12,1,0,10,147.0,892.0,133.0,147.0,141.98014675476188,-5.019853245238124,-8.980146754761876,8.980146754761876
MCO,DCA,MCO-DCA,12,1,0,6,134.0,759.0,116.0,134.0,130.15386563200846,-3.8461343679915387,-14.153865632008461,14.153865632008461
DCA,CLT,DCA-CLT,12,1,0,10,109.0,331.0,92.0,109.0,94.60153424386861,-14.398465756131387,-2.6015342438686133,2.6015342438686133
DCA,MCO,DCA-MCO,12,1,0,15,156.0,759.0,151.0,156.0,150.15192964618612,-5.848070353813881,0.8480703538138812,0.8480703538138812
MIA,DCA,MIA-DCA,12,1,0,11,156.0,919.0,146.0,156.0,151.31226241630358,-4.687737583696418,-5.312262416303582,5.312262416303582
MIA,DCA,MIA-DCA,12,1,0,10,157.0,919.0,139.0,157.0,150.7232428190154,-6.276757180984589,-11.723242819015411,11.723242819015411
DCA,CLT,DCA-CLT,12,1,0,13,91.0,331.0,88.0,91.0,87.50173882485674,-3.4982611751432557,0.49826117514325574,0.49826117514325574
DCA,MIA,DCA-MIA,12,1,0,7,172.0,919.0,177.0,172.0,161.99537000078857,-10.004629999211431,15.004629999211431,15.004629999211431
DCA,BOS,DCA-BOS,12,1,0,17,98.0,399.0,86.0,98.0,100.06610788991684,2.066107889916836,-14.066107889916836,14.066107889916836
ORD,DCA,ORD-DCA,12,1,0,6,115.0,612.0,124.0,115.0,115.17032023086017,0.17032023086017034,8.82967976913983,8.82967976913983
DCA,PWM,DCA-PWM,12,1,0,10,93.0,482.0,76.0,93.0,91.03780529642432,-1.9621947035756762,-15.037805296424324,15.037805296424324
PWM,DCA,PWM-DCA,12,1,0,12,121.0,482.0,122.0,121.0,113.9760100321535,-7.023989967846504,8.023989967846504,8.023989967846504
BDL,DCA,BDL-DCA,12,1,0,17,89.0,313.0,91.0,89.0,81.87496739237756,-7.125032607622444,9.125032607622444,9.125032607622444
DCA,BDL,DCA-BDL,12,1,0,15,88.0,313.0,80.0,88.0,79.61860211214366,-8.381397887856338,0.38139788785633755,0.38139788785633755
DCA,DFW,DCA-DFW,12,1,0,14,222.0,1192.0,200.0,222.0,211.47905310945634,-10.520946890543655,-11.479053109456345,11.479053109456345
MCO,DCA,MCO-DCA,12,1,0,11,133.0,759.0,137.0,133.0,129.63551886208805,-3.3644811379119517,7.364481137911952,7.364481137911952
MCO,DCA,MCO-DCA,12,1,0,19,133.0,759.0,133.0,133.0,130.90143182403574,-2.0985681759642603,2.0985681759642603,2.0985681759642603
CLT,ORF,CLT-ORF,12,1,0,21,78.0,290.0,63.0,78.0,65.72334135686515,-12.276658643134851,-2.7233413568651486,2.7233413568651486
MCO,DCA,MCO-DCA,12,1,0,15,136.0,759.0,114.0,136.0,134.657359115807,-1.3426408841930026,-20.657359115806997,20.657359115806997
MIA,DCA,MIA-DCA,12,1,0,8,150.0,919.0,131.0,150.0,148.02275137279725,-1.977248627202755,-17.022751372797245,17.022751372797245
DCA,TPA,DCA-TPA,12,1,0,18,148.0,814.0,155.0,148.0,146.5268552976821,-1.47314470231791,8.47314470231791,8.47314470231791
DCA,MCO,DCA-MCO,12,1,0,11,148.0,759.0,158.0,148.0,144.03943321841902,-3.9605667815809795,13.96056678158098,13.96056678158098
CLT,IAD,CLT-IAD,12,1,0,12,84.0,322.0,68.0,84.0,78.31507010307273,-5.684929896927272,-10.315070103072728,10.315070103072728
IAD,CLT,IAD-CLT,12,1,0,14,93.0,322.0,87.0,93.0,83.91648143840062,-9.083518561599377,3.0835185615993765,3.0835185615993765
DCA,CLT,DCA-CLT,12,1,0,5,89.0,331.0,93.0,89.0,81.3570738053912,-7.642926194608805,11.642926194608805,11.642926194608805
DCA,SAT,DCA-SAT,12,1,0,19,231.0,1380.0,234.0,231.0,218.11835599331351,-12.881644006686486,15.881644006686486,15.881644006686486
DFW,DCA,DFW-DCA,12,1,0,14,167.0,1192.0,153.0,167.0,164.61740156516717,-2.382598434832829,-11.617401565167171,11.617401565167171
PWM,DCA,PWM-DCA,12,1,0,5,120.0,482.0,125.0,120.0,112.06403090064863,-7.935969099351368,12.935969099351368,12.935969099351368
DCA,TPA,DCA-TPA,12,1,0,20,154.0,814.0,164.0,154.0,146.69956754495053,-7.300432455049474,17.300432455049474,17.300432455049474
DCA,VPS,DCA-VPS,12,1,0,8,157.0,789.0,181.0,157.0,148.6265955746536,-8.373404425346394,32.37340442534639,32.37340442534639
VPS,DCA,VPS-DCA,12,1,0,10,130.0,789.0,130.0,130.0,128.44139500736202,-1.5586049926379815,1.5586049926379815,1.5586049926379815
BOS,DCA,BOS-DCA,12,1,0,17,111.0,399.0,93.0,111.0,106.71297784914158,-4.287022150858419,-13.71297784914158,13.71297784914158
DCA,BOS,DCA-BOS,12,1,0,14,90.0,399.0,93.0,90.0,93.19736452922213,3.1973645292221278,-0.19736452922212777,0.19736452922212777
DCA,CHS,DCA-CHS,12,1,0,19,107.0,444.0,108.0,107.0,102.7086690249855,-4.291330975014503,5.291330975014503,5.291330975014503
DCA,PBI,DCA-PBI,12,1,0,7,153.0,857.0,146.0,153.0,146.4540759798921,-6.54592402010789,-0.4540759798921101,0.4540759798921101
PBI,DCA,PBI-DCA,12,1,0,11,148.0,857.0,133.0,148.0,144.44494718081197,-3.5550528191880346,-11.444947180811965,11.444947180811965
DCA,PWM,DCA-PWM,12,1,0,14,91.0,482.0,99.0,91.0,91.9258292885889,0.9258292885889006,7.074170711411099,7.074170711411099
PWM,DCA,PWM-DCA,12,1,0,17,117.0,482.0,104.0,117.0,111.63773053658507,-5.362269463414933,-7.637730536585067,7.637730536585067
MIA,DCA,MIA-DCA,12,1,0,17,153.0,919.0,158.0,153.0,151.15144093289143,-1.8485590671085674,6.848559067108567,6.848559067108567
DCA,BOS,DCA-BOS,12,1,0,22,89.0,399.0,79.0,89.0,89.19429972711121,0.1942997271112148,-10.194299727111215,10.194299727111215
DCA,SRQ,DCA-SRQ,12,1,0,8,158.0,851.0,179.0,158.0,148.37472944203137,-9.625270557968634,30.625270557968634,30.625270557968634
SRQ,DCA,SRQ-DCA,12,1,0,11,149.0,851.0,126.0,149.0,144.44494718081197,-4.555052819188035,-18.444947180811965,18.444947180811965
DCA,FLL,DCA-FLL,12,1,0,15,170.0,899.0,188.0,170.0,160.03438890691592,-9.965611093084078,27.965611093084078,27.965611093084078
FLL,DCA,FLL-DCA,12,1,0,18,154.0,899.0,148.0,154.0,149.41260277445485,-4.587397225545146,-1.4126027744548537,1.4126027744548537
CHS,DCA,CHS-DCA,12,1,0,6,94.0,444.0,85.0,94.0,89.03561921761107,-4.964380782388929,-4.035619217611071,4.035619217611071
DFW,DCA,DFW-DCA,12,1,0,5,169.0,1192.0,159.0,169.0,164.18183670525835,-4.818163294741652,-5.181836705258348,5.181836705258348
DCA,TPA,DCA-TPA,12,1,0,10,168.0,814.0,161.0,168.0,154.36005152354377,-13.639948476456226,6.639948476456226,6.639948476456226
RIC,CLT,RIC-CLT,12,1,0,15,86.0,257.0,201.0,86.0,78.19962970777509,-7.800370292224912,122.80037029222491,122.80037029222491
DFW,RIC,DFW-RIC,12,1,0,10,170.0,1158.0,161.0,170.0,161.79958212600923,-8.200417873990773,-0.7995821260092271,0.7995821260092271
DCA,MIA,DCA-MIA,12,1,0,19,177.0,919.0,169.0,177.0,163.87478322455183,-13.125216775448166,5.125216775448166,5.125216775448166
MIA,DCA,MIA-DCA,12,1,0,16,151.0,919.0,157.0,151.0,149.53161521401,-1.468384785989997,7.468384785989997,7.468384785989997
DCA,BOS,DCA-BOS,12,1,0,20,91.0,399.0,82.0,91.0,95.68506890819864,4.6850689081986445,-13.685068908198645,13.685068908198645
DFW,DCA,DFW-DCA,12,1,0,15,166.0,1192.0,158.0,166.0,165.73420358450775,-0.26579641549224675,-7.734203584507753,7.734203584507753
DFW,ORF,DFW-ORF,12,1,0,18,167.0,1212.0,150.0,167.0,165.20586343325178,-1.7941365667482216,-15.205863433251778,15.205863433251778
SAT,DCA,SAT-DCA,12,1,0,6,192.0,1380.0,169.0,192.0,183.0536777866432,-8.946322213356808,-14.053677786643192,14.053677786643192
DCA,DFW,DCA-DFW,12,1,0,11,217.0,1192.0,209.0,217.0,210.1305340463434,-6.869465953656601,-1.1305340463433993,1.1305340463433993
DCA,DFW,DCA-DFW,12,1,0,18,217.0,1192.0,210.0,217.0,212.05803821869483,-4.941961781305167,-2.0580382186948327,2.0580382186948327
CLT,DCA,CLT-DCA,12,1,0,16,86.0,331.0,71.0,86.0,92.32736745437681,6.327367454376812,-21.327367454376812,21.327367454376812
DCA,ORD,DCA-ORD,12,1,0,19,151.0,612.0,136.0,151.0,144.3799810943262,-6.620018905673788,-8.379981094326212,8.379981094326212
ORD,DCA,ORD-DCA,12,1,0,15,122.0,612.0,119.0,122.0,118.32343612682067,-3.676563873179333,0.6765638731793331,0.6765638731793331
RIC,CLT,RIC-CLT,12,1,0,7,87.0,257.0,93.0,87.0,77.29873456198234,-9.701265438017657,15.701265438017657,15.701265438017657
TPA,DCA,TPA-DCA,12,1,0,18,135.0,814.0,127.0,135.0,132.4132963047778,-2.586703695222212,-5.413296304777788,5.413296304777788
TPA,DCA,TPA-DCA,12,1,0,14,134.0,814.0,133.0,134.0,131.1333138709388,-2.8666861290612076,1.8666861290612076,1.8666861290612076
DCA,MIA,DCA-MIA,12,1,0,17,177.0,919.0,183.0,177.0,164.42176690638155,-12.57823309361845,18.57823309361845,18.57823309361845
DCA,DFW,DCA-DFW,12,1,0,10,228.0,1192.0,206.0,228.0,216.1316411083215,-11.868358891678497,-10.131641108321503,10.131641108321503
DFW,DCA,DFW-DCA,12,1,0,7,170.0,1192.0,154.0,170.0,166.63458598759607,-3.3654140124039316,-12.634585987596068,12.634585987596068
DCA,DFW,DCA-DFW,12,1,0,17,229.0,1192.0,240.0,229.0,218.5048523766176,-10.495147623382394,21.495147623382394,21.495147623382394
ORD,DCA,ORD-DCA,12,1,0,12,120.0,612.0,111.0,120.0,119.78740077949863,-0.21259922050137448,-8.787400779498626,8.787400779498626
DFW,IAD,DFW-IAD,12,1,0,19,170.0,1172.0,160.0,170.0,166.5359139951028,-3.4640860048972115,-6.5359139951027885,6.5359139951027885
CLT,RIC,CLT-RIC,12,1,0,21,73.0,257.0,85.0,73.0,67.16531917607344,-5.834680823926561,17.83468082392656,17.83468082392656
DFW,ORF,DFW-ORF,12,1,0,10,175.0,1212.0,157.0,175.0,166.47141233787966,-8.528587662120344,-9.471412337879656,9.471412337879656
ORF,DFW,ORF-DFW,12,1,0,15,228.0,1212.0,223.0,228.0,219.93446305244757,-8.065536947552431,3.065536947552431,3.065536947552431
DCA,DFW,DCA-DFW,12,1,0,6,224.0,1192.0,214.0,224.0,214.17544779757796,-9.82455220242204,-0.17544779757795936,0.17544779757795936
MIA,DCA,MIA-DCA,12,1,0,18,153.0,919.0,154.0,153.0,151.15144093289143,-1.8485590671085674,2.8485590671085674,2.8485590671085674
ORF,DFW,ORF-DFW,12,1,0,6,231.0,1212.0,228.0,231.0,219.18205343076346,-11.81794656923654,8.81794656923654,8.81794656923654
DCA,ORD,DCA-ORD,12,1,0,15,146.0,612.0,138.0,146.0,140.8235561528652,-5.176443847134806,-2.8235561528651942,2.8235561528651942
CLT,RIC,CLT-RIC,12,1,0,8,74.0,257.0,61.0,74.0,68.16101147344314,-5.838988526556861,-7.161011473443139,7.161011473443139
RIC,CLT,RIC-CLT,12,1,0,10,86.0,257.0,112.0,86.0,76.30136135400883,-9.698638645991167,35.69863864599117,35.69863864599117
CLT,DCA,CLT-DCA,12,1,0,12,87.0,331.0,92.0,87.0,92.69715050410682,5.697150504106816,-0.6971505041068156,0.6971505041068156
BOS,DCA,BOS-DCA,12,1,0,6,111.0,399.0,96.0,111.0,105.4170182924758,-5.582981707524198,-9.417018292475802,9.417018292475802
DCA,DFW,DCA-DFW,12,1,0,8,232.0,1192.0,215.0,232.0,217.93552066907415,-14.064479330925849,-2.935520669074151,2.935520669074151
DCA,MCO,DCA-MCO,12,1,0,17,157.0,759.0,174.0,157.0,150.36554193894446,-6.63445806105554,23.63445806105554,23.63445806105554
DFW,DCA,DFW-DCA,12,1,0,12,174.0,1192.0,155.0,174.0,169.72963809000134,-4.270361909998655,-14.729638090001345,14.729638090001345
DCA,MCO,DCA-MCO,12,1,0,8,142.0,759.0,168.0,142.0,140.80731278284574,-1.1926872171542584,27.19268721715426,27.19268721715426
RIC,DFW,RIC-DFW,12,1,0,6,223.0,1158.0,239.0,223.0,216.65121085597673,-6.3487891440232715,22.34878914402327,22.34878914402327
IAD,DFW,IAD-DFW,12,1,0,6,223.0,1172.0,203.0,223.0,205.58609842778807,-17.413901572211927,-2.586098427788073,2.586098427788073
RIC,MIA,RIC-MIA,12,1,0,6,160.0,826.0,175.0,160.0,150.45502126743688,-9.544978732563123,24.544978732563123,24.544978732563123
RIC,CLT,RIC-CLT,12,1,0,6,87.0,257.0,96.0,87.0,77.12690360266517,-9.873096397334834,18.873096397334834,18.873096397334834
DFW,DCA,DFW-DCA,12,1,0,17,165.0,1192.0,161.0,165.0,165.98605283740704,0.9860528374070441,-4.986052837407044,4.986052837407044
DCA,DFW,DCA-DFW,12,1,0,7,219.0,1192.0,209.0,219.0,211.92366188572518,-7.076338114274819,-2.9236618857251813,2.9236618857251813
DFW,DCA,DFW-DCA,12,1,0,10,169.0,1192.0,153.0,169.0,163.0284267962078,-5.97157320379219,-10.02842679620781,10.02842679620781
DCA,MIA,DCA-MIA,12,1,0,14,173.0,919.0,170.0,173.0,162.67339573260483,-10.326604267395169,7.326604267395169,7.326604267395169
DFW,IAD,DFW-IAD,12,1,0,12,174.0,1172.0,162.0,174.0,168.5145682866189,-5.485431713381104,-6.514568286618896,6.514568286618896
IAD,DFW,IAD-DFW,12,1,0,17,222.0,1172.0,212.0,222.0,204.40771639369535,-17.592283606304647,7.5922836063046475,7.5922836063046475
CLT,RIC,CLT-RIC,12,1,0,20,81.0,257.0,83.0,81.0,75.68347408438471,-5.316525915615287,7.316525915615287,7.316525915615287
ORF,MIA,ORF-MIA,12,1,0,5,146.0,802.0,139.0,146.0,136.8004044029672,-9.199595597032811,2.199595597032811,2.199595597032811
CLT,RIC,CLT-RIC,12,1,0,13,72.0,257.0,60.0,72.0,67.26954655784988,-4.730453442150122,-7.269546557849878,7.269546557849878
RIC,DFW,RIC-DFW,12,1,0,15,219.0,1158.0,305.0,219.0,215.23549832354888,-3.7645016764511183,89.76450167645112,89.76450167645112
MCO,DCA,MCO-DCA,12,1,0,20,132.0,759.0,130.0,132.0,129.06317880346174,-2.9368211965382613,0.9368211965382613,0.9368211965382613
DFW,RIC,DFW-RIC,12,1,0,18,163.0,1158.0,206.0,163.0,158.1264517545027,-4.87354824549729,47.87354824549729,47.87354824549729
DCA,CLT,DCA-CLT,12,2,0,8,94.0,331.0,104.0,94.0,87.94608208643898,-6.053917913561023,16.053917913561023,16.053917913561023
CLT,RIC,CLT-RIC,12,2,0,15,71.0,257.0,61.0,71.0,68.21218115586457,-2.7878188441354297,-7.21218115586457,7.21218115586457
RIC,CLT,RIC-CLT,12,2,0,17,86.0,257.0,70.0,86.0,79.39304064859954,-6.606959351400462,-9.393040648599538,9.393040648599538
DCA,PBI,DCA-PBI,12,2,0,14,163.0,857.0,155.0,163.0,151.75659543670972,-11.243404563290284,3.2434045632902837,3.2434045632902837
PBI,DCA,PBI-DCA,12,2,0,18,148.0,857.0,139.0,148.0,146.79194263570764,-1.2080573642923582,-7.791942635707642,7.791942635707642
DCA,TPA,DCA-TPA,12,2,0,8,150.0,814.0,156.0,150.0,145.05509032840484,-4.9449096715951555,10.944909671595155,10.944909671595155
TPA,DCA,TPA-DCA,12,2,0,11,135.0,814.0,122.0,135.0,130.13691932429822,-4.863080675701781,-8.13691932429822,8.13691932429822
CLT,DCA,CLT-DCA,12,2,0,18,83.0,331.0,78.0,83.0,92.2791657486246,9.279165748624607,-14.279165748624607,14.279165748624607
DFW,RIC,DFW-RIC,12,2,0,18,163.0,1158.0,157.0,163.0,157.77220130174555,-5.227798698254446,-0.7722013017455538,0.7722013017455538
MCO,DCA,MCO-DCA,12,2,0,20,132.0,759.0,126.0,132.0,129.06317880346174,-2.9368211965382613,-3.0631788034617387,3.0631788034617387
MIA,DCA,MIA-DCA,12,2,0,8,150.0,919.0,140.0,150.0,148.02275137279725,-1.977248627202755,-8.022751372797245,8.022751372797245
DCA,MIA,DCA-MIA,12,2,0,11,164.0,919.0,168.0,164.0,159.77171267071293,-4.22828732928707,8.22828732928707,8.22828732928707
BOS,DCA,BOS-DCA,12,2,0,7,124.0,399.0,115.0,124.0,111.03038153592367,-12.969618464076333,3.9696184640763335,3.9696184640763335
DCA,DFW,DCA-DFW,12,2,0,10,228.0,1192.0,215.0,228.0,216.2200646745189,-11.779935325481091,-1.220064674518909,1.220064674518909
DCA,MIA,DCA-MIA,12,2,0,5,162.0,919.0,170.0,162.0,153.20287121877305,-8.797128781226945,16.797128781226945,16.797128781226945
ORF,MIA,ORF-MIA,12,2,0,5,146.0,802.0,144.0,146.0,136.8004044029672,-9.199595597032811,7.199595597032811,7.199595597032811
DCA,BOS,DCA-BOS,12,2,0,20,91.0,399.0,96.0,91.0,95.68506890819864,4.6850689081986445,0.3149310918013555,0.3149310918013555
DFW,DCA,DFW-DCA,12,2,0,15,166.0,1192.0,161.0,166.0,165.73420358450775,-0.26579641549224675,-4.734203584507753,4.734203584507753
MIA,ORF,MIA-ORF,12,2,0,21,144.0,802.0,127.0,144.0,133.1933073563507,-10.806692643649313,-6.193307356350687,6.193307356350687
DCA,MCO,DCA-MCO,12,2,0,6,144.0,759.0,160.0,144.0,141.38415019791887,-2.6158498020811294,18.61584980208113,18.61584980208113
DCA,MIA,DCA-MIA,12,2,0,5,160.0,919.0,170.0,160.0,152.18342149981964,-7.816578500180356,17.816578500180356,17.816578500180356
RIC,CLT,RIC-CLT,12,2,0,6,87.0,257.0,149.0,87.0,77.12690360266517,-9.873096397334834,71.87309639733483,71.87309639733483
MIA,DCA,MIA-DCA,12,2,0,21,165.0,919.0,151.0,165.0,158.0157765495939,-6.984223450406091,-7.015776549593909,7.015776549593909
DCA,MIA,DCA-MIA,12,2,0,17,167.0,919.0,169.0,167.0,161.10085739465632,-5.899142605343684,7.899142605343684,7.899142605343684
MIA,DCA,MIA-DCA,12,2,0,14,147.0,919.0,145.0,147.0,145.63023450470945,-1.369765495290551,-0.6302345047094491,0.6302345047094491
ORD,DCA,ORD-DCA,12,2,0,20,121.0,612.0,102.0,121.0,115.31298682127733,-5.687013178722665,-13.312986821277335,13.312986821277335
DCA,DFW,DCA-DFW,12,2,0,18,217.0,1192.0,199.0,217.0,212.14646178489224,-4.853538215107761,-13.146461784892239,13.146461784892239
CLT,DCA,CLT-DCA,12,2,0,16,86.0,331.0,78.0,86.0,92.32736745437681,6.327367454376812,-14.327367454376812,14.327367454376812
MIA,DCA,MIA-DCA,12,2,0,20,152.0,919.0,155.0,152.0,148.00333202194344,-3.996667978056564,6.996667978056564,6.996667978056564
DCA,PHX,DCA-PHX,12,2,0,10,316.0,1979.0,282.0,316.0,304.9576599499199,-11.0423400500801,-22.9576599499199,22.9576599499199
LAX,DCA,LAX-DCA,12,2,0,12,294.0,2311.0,289.0,294.0,282.1723802309215,-11.827619769078524,6.827619769078524,6.827619769078524
PHX,DCA,PHX-DCA,12,2,0,0,243.0,1979.0,247.0,243.0,236.02696594915557,-6.973034050844433,10.973034050844433,10.973034050844433
DCA,LAX,DCA-LAX,12,2,0,8,366.0,2311.0,328.0,366.0,348.14105366307774,-17.85894633692226,-20.14105366307774,20.14105366307774
LAS,DCA,LAS-DCA,12,2,0,13,269.0,2089.0,255.0,269.0,263.66693263523257,-5.33306736476743,-8.66693263523257,8.66693263523257
DCA,LAS,DCA-LAS,12,2,0,7,330.0,2089.0,304.0,330.0,318.2046914308778,-11.795308569122199,-14.204691430877801,14.204691430877801
DCA,PHX,DCA-PHX,12,2,0,7,322.0,1979.0,299.0,322.0,306.10070030577793,-15.899299694222066,-7.100700305777934,7.100700305777934
DCA,LAX,DCA-LAX,12,2,0,17,356.0,2311.0,367.0,356.0,344.74421690683874,-11.255783093161256,22.255783093161256,22.255783093161256
LAX,DCA,LAX-DCA,12,2,0,7,296.0,2311.0,284.0,296.0,284.964435069672,-11.035564930328007,-0.9644350696719926,0.9644350696719926
DCA,PHX,DCA-PHX,12,2,0,16,306.0,1979.0,291.0,306.0,296.1565064530625,-9.843493546937509,-5.156506453062491,5.156506453062491
PHX,DCA,PHX-DCA,12,2,0,9,257.0,1979.0,250.0,257.0,246.6566354615352,-10.343364538464812,3.3433645384648116,3.3433645384648116
PHX,DCA,PHX-DCA,12,2,0,14,249.0,1979.0,247.0,249.0,243.29382773219564,-5.706172267804362,3.7061722678043623,3.7061722678043623
DCA,DFW,DCA-DFW,12,2,0,12,222.0,1192.0,230.0,222.0,211.50676422883893,-10.493235771161068,18.493235771161068,18.493235771161068
DFW,DCA,DFW-DCA,12,2,0,8,170.0,1192.0,163.0,170.0,166.87494562496425,-3.125054375035745,-3.874945624964255,3.874945624964255
DCA,DFW,DCA-DFW,12,2,0,6,224.0,1192.0,205.0,224.0,214.26387136377537,-9.736128636224635,-9.263871363775365,9.263871363775365
DCA,CLT,DCA-CLT,12,2,0,19,96.0,331.0,85.0,96.0,89.17510378821653,-6.824896211783468,-4.175103788216532,4.175103788216532
CLT,DCA,CLT-DCA,12,2,0,9,85.0,331.0,74.0,85.0,91.72006968227785,6.7200696822778525,-17.720069682277853,17.720069682277853
DCA,ORD,DCA-ORD,12,2,0,11,133.0,612.0,131.0,133.0,127.631565723319,-5.3684342766810005,3.3684342766810005,3.3684342766810005
ORD,DCA,ORD-DCA,12,2,0,15,122.0,612.0,102.0,122.0,118.32343612682067,-3.676563873179333,-16.323436126820667,16.323436126820667
DCA,TPA,DCA-TPA,12,2,0,20,154.0,814.0,124.0,154.0,146.69956754495053,-7.300432455049474,-22.699567544950526,22.699567544950526
DCA,PBI,DCA-PBI,12,2,0,7,153.0,857.0,144.0,153.0,146.4540759798921,-6.54592402010789,-2.45407597989211,2.45407597989211
PBI,DCA,PBI-DCA,12,2,0,11,148.0,857.0,133.0,148.0,144.44494718081197,-3.5550528191880346,-11.444947180811965,11.444947180811965
BOS,DCA,BOS-DCA,12,2,0,17,111.0,399.0,93.0,111.0,106.71297784914158,-4.287022150858419,-13.71297784914158,13.71297784914158
DCA,BOS,DCA-BOS,12,2,0,14,90.0,399.0,83.0,90.0,93.19736452922213,3.1973645292221278,-10.197364529222128,10.197364529222128
DCA,CLT,DCA-CLT,12,2,0,6,91.0,331.0,77.0,91.0,87.13514928644834,-3.864850713551661,-10.135149286448339,10.135149286448339
CLT,IAD,CLT-IAD,12,2,0,12,84.0,322.0,71.0,84.0,78.31507010307273,-5.684929896927272,-7.315070103072728,7.315070103072728
IAD,CLT,IAD-CLT,12,2,0,14,93.0,322.0,74.0,93.0,83.91648143840062,-9.083518561599377,-9.916481438400623,9.916481438400623
BOS,DCA,BOS-DCA,12,2,0,14,111.0,399.0,109.0,111.0,105.48625386787576,-5.51374613212424,3.51374613212424,3.51374613212424
BOS,DCA,BOS-DCA,12,2,0,20,110.0,399.0,105.0,110.0,102.9291615129649,-7.070838487035104,2.070838487035104,2.070838487035104
DCA,BOS,DCA-BOS,12,2,0,18,84.0,399.0,92.0,84.0,93.62407106693614,9.62407106693614,-1.6240710669361391,1.6240710669361391
DCA,CLT,DCA-CLT,12,2,0,5,89.0,331.0,77.0,89.0,80.78671416168316,-8.213285838316835,-3.7867141616831645,3.7867141616831645
CLT,ORF,CLT-ORF,12,2,0,12,74.0,290.0,57.0,74.0,67.97981676478119,-6.020183235218809,-10.97981676478119,10.97981676478119
ORF,CLT,ORF-CLT,12,2,0,14,92.0,290.0,81.0,92.0,81.93744423200431,-10.06255576799569,-0.9374442320043102,0.9374442320043102
IAD,CLT,IAD-CLT,12,2,0,7,93.0,322.0,104.0,93.0,88.09579749921838,-4.904202500781622,15.904202500781622,15.904202500781622
CLT,DCA,CLT-DCA,12,2,0,7,82.0,331.0,100.0,82.0,92.71367599288563,10.713675992885626,7.286324007114374,7.286324007114374
DCA,JAX,DCA-JAX,12,2,0,19,131.0,634.0,133.0,131.0,128.2350153173251,-2.764984682674907,4.764984682674907,4.764984682674907
DCA,PWM,DCA-PWM,12,2,0,14,91.0,482.0,90.0,91.0,91.9258292885889,0.9258292885889006,-1.9258292885889006,1.9258292885889006
PWM,DCA,PWM-DCA,12,2,0,17,117.0,482.0,111.0,117.0,111.63773053658507,-5.362269463414933,-0.6377305365850674,0.6377305365850674
DCA,SYR,DCA-SYR,12,2,0,10,88.0,298.0,89.0,88.0,77.72033375837741,-10.279666241622593,11.279666241622593,11.279666241622593
SYR,DCA,SYR-DCA,12,2,0,12,91.0,298.0,77.0,91.0,83.10632010165003,-7.893679898349973,-6.106320101650027,6.106320101650027
CLT,DCA,CLT-DCA,12,2,0,20,84.0,331.0,103.0,84.0,91.11907755112236,7.119077551122359,11.88092244887764,11.88092244887764
DCA,CLT,DCA-CLT,12,2,0,17,102.0,331.0,89.0,102.0,94.20894187717897,-7.791058122821028,-5.208941877178972,5.208941877178972
DCA,RSW,DCA-RSW,12,2,0,10,166.0,892.0,167.0,166.0,158.3241464936343,-7.675853506365712,8.675853506365712,8.675853506365712
RSW,DCA,RSW-DCA,12,2,0,13,147.0,892.0,135.0,147.0,143.58884893218337,-3.4111510678166326,-8.588848932183367,8.588848932183367
BNA,DCA,BNA-DCA,12,2,0,6,109.0,562.0,96.0,109.0,107.1704256886827,-1.8295743113173017,-11.170425688682698,11.170425688682698
DCA,JAX,DCA-JAX,12,2,0,15,126.0,634.0,136.0,126.0,121.41309047787396,-4.586909522126035,14.586909522126035,14.586909522126035
JAX,DCA,JAX-DCA,12,2,0,18,116.0,634.0,109.0,116.0,115.21195548547644,-0.7880445145235626,-6.211955485476437,6.211955485476437
DCA,PWM,DCA-PWM,12,2,0,22,90.0,482.0,87.0,90.0,86.48815112498139,-3.5118488750186145,0.5118488750186145,0.5118488750186145
DCA,BOS,DCA-BOS,12,2,0,22,89.0,399.0,90.0,89.0,89.19429972711121,0.1942997271112148,0.8057002728887852,0.8057002728887852
JAX,DCA,JAX-DCA,12,2,0,7,116.0,634.0,98.0,116.0,114.17691738122936,-1.8230826187706413,-16.17691738122936,16.17691738122936
DCA,PWM,DCA-PWM,12,2,0,10,93.0,482.0,88.0,93.0,91.03780529642432,-1.9621947035756762,-3.037805296424324,3.037805296424324
PWM,DCA,PWM-DCA,12,2,0,12,121.0,482.0,109.0,121.0,113.9760100321535,-7.023989967846504,-4.976010032153496,4.976010032153496
DCA,RSW,DCA-RSW,12,2,0,14,168.0,892.0,180.0,168.0,159.92570993667331,-8.074290063326686,20.074290063326686,20.074290063326686
RSW,DCA,RSW-DCA,12,2,0,18,149.0,892.0,143.0,149.0,147.5978436966708,-1.4021563033292068,-4.597843696670793,4.597843696670793
PWM,DCA,PWM-DCA,12,2,0,5,120.0,482.0,108.0,120.0,112.06403090064863,-7.935969099351368,-4.064030900648632,4.064030900648632
DCA,VPS,DCA-VPS,12,2,0,8,156.0,789.0,159.0,156.0,148.6265955746536,-7.3734044253463935,10.373404425346394,10.373404425346394
VPS,DCA,VPS-DCA,12,2,0,10,130.0,789.0,145.0,130.0,128.44139500736202,-1.5586049926379815,16.55860499263798,16.55860499263798
BDL,DCA,BDL-DCA,12,2,0,17,89.0,313.0,80.0,89.0,81.87496739237756,-7.125032607622444,-1.874967392377556,1.874967392377556
DCA,BDL,DCA-BDL,12,2,0,15,88.0,313.0,90.0,88.0,79.61860211214366,-8.381397887856338,10.381397887856338,10.381397887856338
DCA,ORD,DCA-ORD,12,2,0,19,151.0,612.0,121.0,151.0,144.3799810943262,-6.620018905673788,-23.37998109432621,23.37998109432621
CLT,DCA,CLT-DCA,12,2,0,21,95.0,331.0,81.0,95.0,85.33788106150207,-9.662118938497926,-4.337881061502074,4.337881061502074
DCA,BOS,DCA-BOS,12,2,0,11,89.0,399.0,79.0,89.0,92.06297305755866,3.062973057558665,-13.062973057558665,13.062973057558665
BOS,DCA,BOS-DCA,12,2,0,9,109.0,399.0,96.0,109.0,101.10973491198166,-7.890265088018339,-5.109734911981661,5.109734911981661
DCA,CHS,DCA-CHS,12,2,0,19,107.0,444.0,93.0,107.0,102.7086690249855,-4.291330975014503,-9.708669024985497,9.708669024985497
CHS,DCA,CHS-DCA,12,2,0,17,97.0,444.0,80.0,97.0,96.25365150776976,-0.7463484922302399,-16.25365150776976,16.25365150776976
DCA,CHS,DCA-CHS,12,2,0,14,98.0,444.0,96.0,98.0,97.02978811095088,-0.9702118890491249,-1.029788110950875,1.029788110950875
DCA,MSY,DCA-MSY,12,2,0,6,178.0,969.0,160.0,178.0,164.26117594827159,-13.738824051728415,-4.261175948271585,4.261175948271585
MSY,DCA,MSY-DCA,12,2,0,9,148.0,969.0,138.0,148.0,146.7672084703335,-1.232791529666514,-8.767208470333486,8.767208470333486
DCA,FLL,DCA-FLL,12,2,0,15,170.0,899.0,164.0,170.0,160.12281247311333,-9.877187526886672,3.8771875268866722,3.8771875268866722
FLL,DCA,FLL-DCA,12,2,0,18,154.0,899.0,148.0,154.0,149.41260277445485,-4.587397225545146,-1.4126027744548537,1.4126027744548537
ORD,DCA,ORD-DCA,12,2,0,11,113.0,612.0,121.0,113.0,113.48328726939823,0.4832872693982324,7.516712730601768,7.516712730601768
TPA,DCA,TPA-DCA,12,2,0,18,135.0,814.0,142.0,135.0,132.4132963047778,-2.586703695222212,9.586703695222212,9.586703695222212
BOS,DCA,BOS-DCA,12,2,0,6,110.0,399.0,113.0,110.0,103.1744930934432,-6.825506906556797,9.825506906556797,9.825506906556797
DCA,BOS,DCA-BOS,12,2,0,17,98.0,399.0,86.0,98.0,100.06610788991684,2.066107889916836,-14.066107889916836,14.066107889916836
DCA,FLL,DCA-FLL,12,2,0,10,177.0,899.0,172.0,177.0,160.0052070914998,-16.994792908500187,11.994792908500187,11.994792908500187
FLL,DCA,FLL-DCA,12,2,0,13,153.0,899.0,143.0,153.0,147.6773123707606,-5.322687629239397,-4.677312370760603,4.677312370760603
DCA,MCO,DCA-MCO,12,2,0,17,157.0,759.0,152.0,157.0,150.1302217088456,-6.869778291154404,1.8697782911544039,1.8697782911544039
DFW,DCA,DFW-DCA,12,2,0,12,174.0,1192.0,168.0,174.0,169.81806165619875,-4.181938343801249,-1.8180616561987506,1.8180616561987506
DCA,MCO,DCA-MCO,12,2,0,8,142.0,759.0,157.0,142.0,140.57199255274688,-1.4280074472531226,16.428007447253123,16.428007447253123
DCA,PVD,DCA-PVD,12,2,0,13,78.0,356.0,78.0,78.0,76.5883854474366,-1.4116145525634067,1.4116145525634067,1.4116145525634067
PVD,DCA,PVD-DCA,12,2,0,15,96.0,356.0,90.0,96.0,93.08203978951575,-2.917960210484253,-3.082039789515747,3.082039789515747
BNA,DCA,BNA-DCA,12,2,0,20,108.0,562.0,104.0,108.0,106.92509410820439,-1.0749058917956091,-2.925094108204391,2.925094108204391
DCA,BNA,DCA-BNA,12,2,0,17,120.0,562.0,117.0,120.0,118.05985435229773,-1.9401456477022663,-1.0598543522977337,1.0598543522977337
DCA,RSW,DCA-RSW,12,2,0,6,157.0,892.0,150.0,157.0,150.04964123969904,-6.950358760300958,-0.04964123969904222,0.04964123969904222
RSW,DCA,RSW-DCA,12,2,0,10,147.0,892.0,136.0,147.0,141.98014675476188,-5.019853245238124,-5.980146754761876,5.980146754761876
ORF,CLT,ORF-CLT,12,2,0,6,89.0,290.0,86.0,89.0,79.48428404664828,-9.515715953351716,6.515715953351716,6.515715953351716
SAT,DCA,SAT-DCA,12,2,0,6,192.0,1380.0,173.0,192.0,183.28229938941834,-8.717700610581659,-10.282299389418341,10.282299389418341
DCA,DFW,DCA-DFW,12,2,0,11,217.0,1192.0,202.0,217.0,210.2189576125408,-6.781042387459195,-8.218957612540805,8.218957612540805
DCA,DFW,DCA-DFW,12,2,0,17,229.0,1192.0,204.0,229.0,218.593275942815,-10.406724057184988,-14.593275942815012,14.593275942815012
ORD,DCA,ORD-DCA,12,2,0,12,120.0,612.0,140.0,120.0,119.78740077949863,-0.21259922050137448,20.212599220501374,20.212599220501374
TPA,DCA,TPA-DCA,12,2,0,6,133.0,814.0,117.0,133.0,130.65526609421863,-2.344733905781368,-13.655266094218632,13.655266094218632
DCA,PBI,DCA-PBI,12,2,0,10,156.0,857.0,152.0,156.0,148.02066911264856,-7.979330887351438,3.9793308873514377,3.9793308873514377
PBI,DCA,PBI-DCA,12,2,0,13,147.0,857.0,130.0,147.0,142.78294787122022,-4.217052128779784,-12.782947871220216,12.782947871220216
DCA,PBI,DCA-PBI,12,2,0,16,154.0,857.0,153.0,154.0,148.3548524605924,-5.6451475394075885,4.6451475394075885,4.6451475394075885
PBI,DCA,PBI-DCA,12,2,0,20,147.0,857.0,133.0,147.0,142.41412878132428,-4.58587121867572,-9.41412878132428,9.41412878132428
DCA,BOS,DCA-BOS,12,2,0,15,90.0,399.0,99.0,90.0,94.02902409961492,4.029024099614915,4.970975900385085,4.970975900385085
DCA,SRQ,DCA-SRQ,12,2,0,8,158.0,851.0,174.0,158.0,148.37472944203137,-9.625270557968634,25.625270557968634,25.625270557968634
SRQ,DCA,SRQ-DCA,12,2,0,11,149.0,851.0,136.0,149.0,144.44494718081197,-4.555052819188035,-8.444947180811965,8.444947180811965
CHS,DCA,CHS-DCA,12,2,0,6,94.0,444.0,85.0,94.0,90.38200260964133,-3.617997390358667,-5.382002609641333,5.382002609641333
DFW,ORF,DFW-ORF,12,2,0,18,167.0,1212.0,166.0,167.0,165.20586343325178,-1.7941365667482216,0.7941365667482216,0.7941365667482216
DCA,MIA,DCA-MIA,12,2,0,8,167.0,919.0,171.0,167.0,159.3220939365595,-7.677906063440503,11.677906063440503,11.677906063440503
BOS,DCA,BOS-DCA,12,2,0,6,109.0,399.0,87.0,109.0,102.10710811995517,-6.892891880044829,-15.107108119955171,15.107108119955171
DCA,TPA,DCA-TPA,12,2,0,13,152.0,814.0,153.0,152.0,145.3204895871394,-6.679510412860594,7.679510412860594,7.679510412860594
TPA,DCA,TPA-DCA,12,2,0,17,134.0,814.0,125.0,134.0,132.4132963047778,-1.5867036952222122,-7.413296304777788,7.413296304777788
BOS,DCA,BOS-DCA,12,2,0,11,107.0,399.0,97.0,107.0,101.69875450926982,-5.301245490730182,-4.698754509269818,4.698754509269818
DCA,BOS,DCA-BOS,12,2,0,8,101.0,399.0,98.0,101.0,101.23529988769141,0.2352998876914114,-3.2352998876914114,3.2352998876914114
DCA,BNA,DCA-BNA,12,2,0,20,126.0,562.0,111.0,126.0,116.47170036413385,-9.528299635866148,-5.471700364133852,5.471700364133852
CLT,IAD,CLT-IAD,12,2,0,21,83.0,322.0,75.0,83.0,76.91854913298927,-6.08145086701073,-1.9185491329892699,1.9185491329892699
CLT,ORF,CLT-ORF,12,2,0,21,78.0,290.0,75.0,78.0,65.72334135686515,-12.276658643134851,9.276658643134851,9.276658643134851
DCA,SAT,DCA-SAT,12,2,0,19,231.0,1380.0,208.0,231.0,218.34697759608866,-12.653022403911336,-10.346977596088664,10.346977596088664
DFW,DCA,DFW-DCA,12,2,0,14,167.0,1192.0,163.0,167.0,164.61740156516717,-2.382598434832829,-1.617401565167171,1.617401565167171
DCA,MCO,DCA-MCO,12,2,0,11,148.0,759.0,140.0,148.0,143.80411298832016,-4.195887011679844,-3.8041129883201563,3.8041129883201563
DFW,DCA,DFW-DCA,12,2,0,7,170.0,1192.0,153.0,170.0,166.72300955379347,-3.2769904462065256,-13.723009553793474,13.723009553793474
MCO,DCA,MCO-DCA,12,2,0,15,136.0,759.0,130.0,136.0,134.657359115807,-1.3426408841930026,-4.657359115806997,4.657359115806997
DCA,TPA,DCA-TPA,12,2,0,18,148.0,814.0,142.0,148.0,146.5268552976821,-1.47314470231791,-4.52685529768209,4.52685529768209
DCA,ORD,DCA-ORD,12,2,0,15,146.0,612.0,134.0,146.0,140.8235561528652,-5.176443847134806,-6.823556152865194,6.823556152865194
MIA,DCA,MIA-DCA,12,2,0,11,156.0,919.0,146.0,156.0,151.31226241630358,-4.687737583696418,-5.312262416303582,5.312262416303582
DCA,CLT,DCA-CLT,12,2,0,10,109.0,331.0,91.0,109.0,94.60153424386861,-14.398465756131387,-3.6015342438686133,3.6015342438686133
CLT,RIC,CLT-RIC,12,2,0,13,72.0,257.0,63.0,72.0,67.26954655784988,-4.730453442150122,-4.269546557849878,4.269546557849878
RIC,DFW,RIC-DFW,12,2,0,15,219.0,1158.0,198.0,219.0,215.3239218897463,-3.6760781102537123,-17.323921889746288,17.323921889746288
MIA,DCA,MIA-DCA,12,2,0,6,149.0,919.0,147.0,149.0,147.66586765709923,-1.334132342900773,-0.665867657099227,0.665867657099227
CLT,RIC,CLT-RIC,12,2,0,20,75.0,257.0,65.0,75.0,69.25515610348295,-5.744843896517054,-4.255156103482946,4.255156103482946
RIC,CLT,RIC-CLT,12,2,0,15,86.0,257.0,76.0,86.0,78.19962970777509,-7.800370292224912,-2.199629707775088,2.199629707775088
DFW,RIC,DFW-RIC,12,2,0,10,170.0,1158.0,160.0,170.0,161.53375523944948,-8.466244760550524,-1.5337552394494764,1.5337552394494764
ORF,DFW,ORF-DFW,12,2,0,6,231.0,1212.0,225.0,231.0,219.4106750335386,-11.58932496646139,5.58932496646139,5.58932496646139
DFW,DCA,DFW-DCA,12,2,0,10,169.0,1192.0,158.0,169.0,163.11685036240522,-5.883149637594784,-5.116850362405216,5.116850362405216
DCA,MIA,DCA-MIA,12,2,0,14,173.0,919.0,163.0,173.0,162.67339573260483,-10.326604267395169,0.3266042673951688,0.3266042673951688
DCA,ORD,DCA-ORD,12,2,0,9,134.0,612.0,124.0,134.0,127.15253928526587,-6.847460714734126,-3.152539285265874,3.152539285265874
ORD,DCA,ORD-DCA,12,2,0,6,113.0,612.0,102.0,113.0,113.89164088008359,0.8916408800835853,-11.891640880083585,11.891640880083585
DFW,DCA,DFW-DCA,12,2,0,5,169.0,1192.0,166.0,169.0,164.27026027145575,-4.729739728544246,1.7297397285442457,1.7297397285442457
DCA,TPA,DCA-TPA,12,2,0,10,168.0,814.0,167.0,168.0,154.36005152354377,-13.639948476456226,12.639948476456226,12.639948476456226
MIA,DCA,MIA-DCA,12,2,0,16,151.0,919.0,146.0,151.0,149.53161521401,-1.468384785989997,-3.531615214010003,3.531615214010003
DCA,MIA,DCA-MIA,12,2,0,7,172.0,919.0,167.0,172.0,161.99537000078857,-10.004629999211431,5.004629999211431,5.004629999211431
MCO,DCA,MCO-DCA,12,2,0,6,134.0,759.0,125.0,134.0,130.15386563200846,-3.8461343679915387,-5.153865632008461,5.153865632008461
DCA,MIA,DCA-MIA,12,2,0,9,165.0,919.0,164.0,165.0,159.29268623265975,-5.707313767340253,4.707313767340253,4.707313767340253
DFW,IAD,DFW-IAD,12,2,0,12,174.0,1172.0,175.0,174.0,168.6029918528163,-5.397008147183698,6.397008147183698,6.397008147183698
IAD,DFW,IAD-DFW,12,2,0,17,228.0,1172.0,199.0,228.0,210.2741254145086,-17.725874585491397,-11.274125414508603,11.274125414508603
MIA,DCA,MIA-DCA,12,2,0,18,153.0,919.0,144.0,153.0,151.15144093289143,-1.8485590671085674,-7.151440932891433,7.151440932891433
DCA,DFW,DCA-DFW,12,2,0,14,222.0,1192.0,214.0,222.0,211.56747667565375,-10.43252332434625,2.432523324346249,2.432523324346249
MCO,DCA,MCO-DCA,12,2,0,11,133.0,759.0,120.0,133.0,129.63551886208805,-3.3644811379119517,-9.635518862088048,9.635518862088048
DFW,IAD,DFW-IAD,12,2,0,19,170.0,1172.0,160.0,170.0,166.6243375613002,-3.3756624386998055,-6.6243375613001945,6.6243375613001945
DFW,DCA,DFW-DCA,12,2,0,19,171.0,1192.0,183.0,171.0,167.75860965900708,-3.241390340992922,15.241390340992922,15.241390340992922
TPA,DCA,TPA-DCA,12,2,0,14,134.0,814.0,126.0,134.0,131.1333138709388,-2.8666861290612076,-5.133313870938792,5.133313870938792
DCA,MIA,DCA-MIA,12,2,0,17,177.0,919.0,179.0,177.0,164.42176690638155,-12.57823309361845,14.57823309361845,14.57823309361845
IAD,DFW,IAD-DFW,12,2,0,6,223.0,1172.0,211.0,223.0,205.6765852167307,-17.3234147832693,5.3234147832693,5.3234147832693
RIC,CLT,RIC-CLT,12,2,0,7,87.0,257.0,86.0,87.0,77.29873456198234,-9.701265438017657,8.701265438017657,8.701265438017657
CLT,RIC,CLT-RIC,12,2,0,21,73.0,257.0,72.0,73.0,67.16531917607344,-5.834680823926561,4.834680823926561,4.834680823926561
DCA,DFW,DCA-DFW,12,2,0,7,219.0,1192.0,219.0,219.0,212.0120854519226,-6.987914548077413,6.987914548077413,6.987914548077413
DCA,MCO,DCA-MCO,12,2,0,15,156.0,759.0,166.0,156.0,149.91660941608725,-6.083390583912745,16.083390583912745,16.083390583912745
CLT,DCA,CLT-DCA,12,2,0,12,87.0,331.0,88.0,87.0,92.69715050410682,5.697150504106816,-4.697150504106816,4.697150504106816
MIA,RIC,MIA-RIC,12,2,0,21,144.0,826.0,144.0,144.0,137.12401044752494,-6.875989552475062,6.875989552475062,6.875989552475062
DCA,DFW,DCA-DFW,12,2,0,8,232.0,1192.0,228.0,232.0,218.02394423527156,-13.976055764728443,9.976055764728443,9.976055764728443
CLT,RIC,CLT-RIC,12,2,0,8,74.0,257.0,65.0,74.0,68.16101147344314,-5.838988526556861,-3.161011473443139,3.161011473443139
RIC,CLT,RIC-CLT,12,2,0,10,86.0,257.0,99.0,86.0,76.30136135400883,-9.698638645991167,22.698638645991167,22.698638645991167
MIA,DCA,MIA-DCA,12,2,0,10,157.0,919.0,144.0,157.0,150.7232428190154,-6.276757180984589,-6.723242819015411,6.723242819015411
RIC,MIA,RIC-MIA,12,2,0,6,160.0,826.0,198.0,160.0,150.45502126743688,-9.544978732563123,47.54497873256312,47.54497873256312
DCA,CLT,DCA-CLT,12,2,0,13,91.0,331.0,82.0,91.0,87.50173882485674,-3.4982611751432557,-5.501738824856744,5.501738824856744
MIA,DCA,MIA-DCA,12,2,0,17,153.0,919.0,167.0,153.0,151.15144093289143,-1.8485590671085674,15.848559067108567,15.848559067108567
DFW,ORF,DFW-ORF,12,2,0,10,175.0,1212.0,166.0,175.0,166.55983590407706,-8.440164095922938,-0.5598359040770617,0.5598359040770617
ORF,DFW,ORF-DFW,12,2,0,15,228.0,1212.0,234.0,228.0,220.16308465522272,-7.836915344777282,13.836915344777282,13.836915344777282
DCA,ORD,DCA-ORD,12,2,0,6,139.0,612.0,126.0,139.0,133.85607232922555,-5.1439276707744455,-7.8560723292255545,7.8560723292255545
CLT,ORF,CLT-ORF,12,2,0,8,74.0,290.0,95.0,74.0,68.19669816013935,-5.8033018398606515,26.80330183986065,26.80330183986065
ORF,CLT,ORF-CLT,12,2,0,10,91.0,290.0,81.0,91.0,81.2887756278231,-9.7112243721769,-0.2887756278230995,0.2887756278230995
MCO,DCA,MCO-DCA,12,2,0,19,133.0,759.0,140.0,133.0,130.90143182403574,-2.0985681759642603,9.09856817596426,9.09856817596426
RIC,DFW,RIC-DFW,12,2,0,6,223.0,1158.0,231.0,223.0,216.40522439315038,-6.594775606849623,14.594775606849623,14.594775606849623
DCA,MIA,DCA-MIA,12,2,0,19,177.0,919.0,150.0,177.0,163.87478322455183,-13.125216775448166,-13.874783224551834,13.874783224551834
DFW,DCA,DFW-DCA,12,2,0,17,165.0,1192.0,171.0,165.0,165.98605283740704,0.9860528374070441,5.013947162592956,5.013947162592956
CLT,DCA,CLT-DCA,12,3,0,18,83.0,331.0,76.0,83.0,92.2791657486246,9.279165748624607,-16.279165748624607,16.279165748624607
DCA,CLT,DCA-CLT,12,3,0,19,96.0,331.0,83.0,96.0,89.17510378821653,-6.824896211783468,-6.175103788216532,6.175103788216532
DCA,PBI,DCA-PBI,12,3,0,14,163.0,857.0,159.0,163.0,151.75659543670972,-11.243404563290284,7.243404563290284,7.243404563290284
PBI,DCA,PBI-DCA,12,3,0,18,148.0,857.0,143.0,148.0,146.79194263570764,-1.2080573642923582,-3.791942635707642,3.791942635707642
DCA,TPA,DCA-TPA,12,3,0,8,150.0,814.0,175.0,150.0,145.05509032840484,-4.9449096715951555,29.944909671595155,29.944909671595155
TPA,DCA,TPA-DCA,12,3,0,11,135.0,814.0,128.0,135.0,130.13691932429822,-4.863080675701781,-2.136919324298219,2.136919324298219
CLT,RIC,CLT-RIC,12,3,0,15,71.0,257.0,74.0,71.0,68.21218115586457,-2.7878188441354297,5.78781884413543,5.78781884413543
RIC,CLT,RIC-CLT,12,3,0,17,86.0,257.0,75.0,86.0,79.39304064859954,-6.606959351400462,-4.393040648599538,4.393040648599538
CLT,ORF,CLT-ORF,12,3,0,12,74.0,290.0,67.0,74.0,67.97981676478119,-6.020183235218809,-0.9798167647811908,0.9798167647811908
ORF,CLT,ORF-CLT,12,3,0,14,92.0,290.0,90.0,92.0,81.93744423200431,-10.06255576799569,8.06255576799569,8.06255576799569
DCA,CLT,DCA-CLT,12,3,0,8,94.0,331.0,115.0,94.0,87.94608208643898,-6.053917913561023,27.053917913561023,27.053917913561023
RIC,DFW,RIC-DFW,12,3,0,6,223.0,1158.0,269.0,223.0,216.40522439315038,-6.594775606849623,52.59477560684962,52.59477560684962
MIA,DCA,MIA-DCA,12,3,0,21,165.0,919.0,152.0,165.0,158.0157765495939,-6.984223450406091,-6.015776549593909,6.015776549593909
DCA,MCO,DCA-MCO,12,3,0,6,144.0,759.0,143.0,144.0,141.94963156421804,-2.0503684357819623,1.0503684357819623,1.0503684357819623
CLT,IAD,CLT-IAD,12,3,0,21,83.0,322.0,77.0,83.0,76.67406843706044,-6.325931562939559,0.3259315629395587,0.3259315629395587
DFW,IAD,DFW-IAD,12,3,0,19,170.0,1172.0,160.0,170.0,166.6243375613002,-3.3756624386998055,-6.6243375613001945,6.6243375613001945
MIA,ORF,MIA-ORF,12,3,0,21,144.0,802.0,136.0,144.0,133.1933073563507,-10.806692643649313,2.8066926436493134,2.8066926436493134
ORF,MIA,ORF-MIA,12,3,0,5,146.0,802.0,151.0,146.0,136.8004044029672,-9.199595597032811,14.199595597032811,14.199595597032811
MCO,DCA,MCO-DCA,12,3,0,20,132.0,759.0,123.0,132.0,129.06317880346174,-2.9368211965382613,-6.063178803461739,6.063178803461739
ORD,DCA,ORD-DCA,12,3,0,20,121.0,612.0,112.0,121.0,115.31298682127733,-5.687013178722665,-3.3129868212773346,3.3129868212773346
DCA,MIA,DCA-MIA,12,3,0,5,160.0,919.0,154.0,160.0,152.18342149981964,-7.816578500180356,1.8165785001803556,1.8165785001803556
DCA,MIA,DCA-MIA,12,3,0,17,167.0,919.0,162.0,167.0,161.10085739465632,-5.899142605343684,0.899142605343684,0.899142605343684
MIA,DCA,MIA-DCA,12,3,0,14,147.0,919.0,149.0,147.0,145.63023450470945,-1.369765495290551,3.369765495290551,3.369765495290551
DCA,MIA,DCA-MIA,12,3,0,5,162.0,919.0,149.0,162.0,153.20287121877305,-8.797128781226945,-4.202871218773055,4.202871218773055
DCA,ORD,DCA-ORD,12,3,0,6,139.0,612.0,139.0,139.0,133.85607232922555,-5.1439276707744455,5.1439276707744455,5.1439276707744455
PHX,DCA,PHX-DCA,12,3,0,14,249.0,1979.0,253.0,249.0,243.29382773219564,-5.706172267804362,9.706172267804362,9.706172267804362
DCA,PHX,DCA-PHX,12,3,0,7,322.0,1979.0,317.0,322.0,306.49168262058265,-15.508317379417349,10.508317379417349,10.508317379417349
LAX,DCA,LAX-DCA,12,3,0,12,294.0,2311.0,294.0,294.0,282.1723802309215,-11.827619769078524,11.827619769078524,11.827619769078524
PHX,DCA,PHX-DCA,12,3,0,0,243.0,1979.0,226.0,243.0,236.02696594915557,-6.973034050844433,-10.026965949155567,10.026965949155567
DCA,LAX,DCA-LAX,12,3,0,8,366.0,2311.0,358.0,366.0,348.53203597788246,-17.467964022117542,9.467964022117542,9.467964022117542
DCA,LAS,DCA-LAS,12,3,0,7,330.0,2089.0,321.0,330.0,318.2046914308778,-11.795308569122199,2.7953085691221986,2.7953085691221986
LAS,DCA,LAS-DCA,12,3,0,13,269.0,2089.0,258.0,269.0,263.66693263523257,-5.33306736476743,-5.66693263523257,5.66693263523257
DCA,PHX,DCA-PHX,12,3,0,16,306.0,1979.0,290.0,306.0,296.1565064530625,-9.843493546937509,-6.156506453062491,6.156506453062491
PHX,DCA,PHX-DCA,12,3,0,9,257.0,1979.0,257.0,257.0,246.6566354615352,-10.343364538464812,10.343364538464812,10.343364538464812
DCA,LAX,DCA-LAX,12,3,0,17,356.0,2311.0,330.0,356.0,345.13519922164346,-10.864800778356539,-15.135199221643461,15.135199221643461
LAX,DCA,LAX-DCA,12,3,0,7,296.0,2311.0,301.0,296.0,284.964435069672,-11.035564930328007,16.035564930328007,16.035564930328007
DCA,PHX,DCA-PHX,12,3,0,10,316.0,1979.0,298.0,316.0,305.3486422647246,-10.651357735275383,-7.348642264724617,7.348642264724617
DCA,DFW,DCA-DFW,12,3,0,12,222.0,1192.0,247.0,222.0,211.50676422883893,-10.493235771161068,35.49323577116107,35.49323577116107
DFW,DCA,DFW-DCA,12,3,0,8,170.0,1192.0,151.0,170.0,166.87494562496425,-3.125054375035745,-15.874945624964255,15.874945624964255
CLT,DCA,CLT-DCA,12,3,0,9,85.0,331.0,87.0,85.0,91.72006968227785,6.7200696822778525,-4.7200696822778525,4.7200696822778525
TPA,DCA,TPA-DCA,12,3,0,6,133.0,814.0,135.0,133.0,130.65526609421863,-2.344733905781368,4.344733905781368,4.344733905781368
CLT,DCA,CLT-DCA,12,3,0,20,84.0,331.0,100.0,84.0,91.11907755112236,7.119077551122359,8.88092244887764,8.88092244887764
DCA,CLT,DCA-CLT,12,3,0,17,102.0,331.0,93.0,102.0,94.20894187717897,-7.791058122821028,-1.2089418771789724,1.2089418771789724
DCA,FLL,DCA-FLL,12,3,0,10,177.0,899.0,173.0,177.0,160.0052070914998,-16.994792908500187,12.994792908500187,12.994792908500187
FLL,DCA,FLL-DCA,12,3,0,13,153.0,899.0,133.0,153.0,147.6773123707606,-5.322687629239397,-14.677312370760603,14.677312370760603
DCA,PBI,DCA-PBI,12,3,0,7,153.0,857.0,138.0,153.0,146.4540759798921,-6.54592402010789,-8.45407597989211,8.45407597989211
PBI,DCA,PBI-DCA,12,3,0,11,148.0,857.0,153.0,148.0,144.44494718081197,-3.5550528191880346,8.555052819188035,8.555052819188035
BNA,DCA,BNA-DCA,12,3,0,20,108.0,562.0,92.0,108.0,106.92509410820439,-1.0749058917956091,-14.92509410820439,14.92509410820439
DCA,BNA,DCA-BNA,12,3,0,17,120.0,562.0,112.0,120.0,118.05985435229773,-1.9401456477022663,-6.059854352297734,6.059854352297734
CHS,DCA,CHS-DCA,12,3,0,17,97.0,444.0,100.0,97.0,96.25365150776976,-0.7463484922302399,3.74634849223024,3.74634849223024
DCA,CHS,DCA-CHS,12,3,0,14,98.0,444.0,93.0,98.0,97.02978811095088,-0.9702118890491249,-4.029788110950875,4.029788110950875
CLT,IAD,CLT-IAD,12,3,0,12,84.0,322.0,73.0,84.0,77.66739829538744,-6.332601704612557,-4.667398295387443,4.667398295387443
IAD,CLT,IAD-CLT,12,3,0,14,93.0,322.0,93.0,93.0,83.91648143840062,-9.083518561599377,9.083518561599377,9.083518561599377
JAX,DCA,JAX-DCA,12,3,0,7,116.0,634.0,112.0,116.0,114.17691738122936,-1.8230826187706413,-2.1769173812293587,2.1769173812293587
DCA,BOS,DCA-BOS,12,3,0,15,90.0,399.0,94.0,90.0,93.64357092919984,3.6435709291998393,0.35642907080016073,0.35642907080016073
DCA,PWM,DCA-PWM,12,3,0,10,93.0,482.0,113.0,93.0,91.03780529642432,-1.9621947035756762,21.962194703575676,21.962194703575676
PWM,DCA,PWM-DCA,12,3,0,12,121.0,482.0,110.0,121.0,113.9760100321535,-7.023989967846504,-3.9760100321534964,3.9760100321534964
DCA,PVD,DCA-PVD,12,3,0,13,78.0,356.0,74.0,78.0,76.39489473322207,-1.605105266777926,-2.394894733222074,2.394894733222074
PVD,DCA,PVD-DCA,12,3,0,15,96.0,356.0,109.0,96.0,93.08203978951575,-2.917960210484253,15.917960210484253,15.917960210484253
DCA,BOS,DCA-BOS,12,3,0,18,84.0,399.0,98.0,84.0,93.23861789652106,9.238617896521063,4.761382103478937,4.761382103478937
DCA,RSW,DCA-RSW,12,3,0,6,157.0,892.0,158.0,157.0,150.04964123969904,-6.950358760300958,7.950358760300958,7.950358760300958
RSW,DCA,RSW-DCA,12,3,0,10,147.0,892.0,131.0,147.0,141.98014675476188,-5.019853245238124,-10.980146754761876,10.980146754761876
PWM,DCA,PWM-DCA,12,3,0,5,120.0,482.0,133.0,120.0,112.06403090064863,-7.935969099351368,20.935969099351368,20.935969099351368
DCA,TPA,DCA-TPA,12,3,0,20,153.0,814.0,150.0,153.0,146.45773257767584,-6.542267422324159,3.5422674223241586,3.5422674223241586
DCA,PWM,DCA-PWM,12,3,0,14,91.0,482.0,73.0,91.0,91.9258292885889,0.9258292885889006,-18.9258292885889,18.9258292885889
PWM,DCA,PWM-DCA,12,3,0,17,117.0,482.0,141.0,117.0,111.63773053658507,-5.362269463414933,29.362269463414933,29.362269463414933
DCA,VPS,DCA-VPS,12,3,0,8,157.0,789.0,156.0,157.0,148.6265955746536,-8.373404425346394,7.3734044253463935,7.3734044253463935
VPS,DCA,VPS-DCA,12,3,0,10,130.0,789.0,157.0,130.0,128.44139500736202,-1.5586049926379815,28.55860499263798,28.55860499263798
DCA,JAX,DCA-JAX,12,3,0,19,131.0,634.0,123.0,131.0,128.2350153173251,-2.764984682674907,-5.235015317325093,5.235015317325093
DCA,JAX,DCA-JAX,12,3,0,15,126.0,634.0,152.0,126.0,121.41309047787396,-4.586909522126035,30.586909522126035,30.586909522126035
JAX,DCA,JAX-DCA,12,3,0,18,116.0,634.0,99.0,116.0,115.21195548547644,-0.7880445145235626,-16.211955485476437,16.211955485476437
DCA,ORD,DCA-ORD,12,3,0,9,134.0,612.0,125.0,134.0,127.15253928526587,-6.847460714734126,-2.152539285265874,2.152539285265874
BOS,DCA,BOS-DCA,12,3,0,6,110.0,399.0,93.0,110.0,103.1744930934432,-6.825506906556797,-10.174493093443203,10.174493093443203
ORD,DCA,ORD-DCA,12,3,0,6,113.0,612.0,104.0,113.0,113.89164088008359,0.8916408800835853,-9.891640880083585,9.891640880083585
DCA,PBI,DCA-PBI,12,3,0,10,156.0,857.0,145.0,156.0,148.02066911264856,-7.979330887351438,-3.0206691126485623,3.0206691126485623
PBI,DCA,PBI-DCA,12,3,0,13,147.0,857.0,152.0,147.0,142.78294787122022,-4.217052128779784,9.217052128779784,9.217052128779784
DCA,PBI,DCA-PBI,12,3,0,16,154.0,857.0,149.0,154.0,148.3548524605924,-5.6451475394075885,0.6451475394075885,0.6451475394075885
PBI,DCA,PBI-DCA,12,3,0,20,147.0,857.0,132.0,147.0,142.41412878132428,-4.58587121867572,-10.41412878132428,10.41412878132428
BOS,DCA,BOS-DCA,12,3,0,14,111.0,399.0,114.0,111.0,105.48625386787576,-5.51374613212424,8.51374613212424,8.51374613212424
DCA,BOS,DCA-BOS,12,3,0,17,98.0,399.0,93.0,98.0,99.68065471950176,1.68065471950176,-6.68065471950176,6.68065471950176
BOS,DCA,BOS-DCA,12,3,0,20,110.0,399.0,96.0,110.0,102.9291615129649,-7.070838487035104,-6.929161512964896,6.929161512964896
CLT,DCA,CLT-DCA,12,3,0,7,82.0,331.0,96.0,82.0,92.71367599288563,10.713675992885626,3.2863240071143736,3.2863240071143736
DCA,PWM,DCA-PWM,12,3,0,22,90.0,482.0,74.0,90.0,86.48815112498139,-3.5118488750186145,-12.488151124981385,12.488151124981385
DCA,SYR,DCA-SYR,12,3,0,10,88.0,298.0,61.0,88.0,77.72033375837741,-10.279666241622593,-16.720333758377407,16.720333758377407
SYR,DCA,SYR-DCA,12,3,0,12,91.0,298.0,122.0,91.0,83.10632010165003,-7.893679898349973,38.89367989834997,38.89367989834997
DCA,RSW,DCA-RSW,12,3,0,14,168.0,892.0,151.0,168.0,159.92570993667331,-8.074290063326686,-8.925709936673314,8.925709936673314
RSW,DCA,RSW-DCA,12,3,0,18,149.0,892.0,140.0,149.0,147.5978436966708,-1.4021563033292068,-7.597843696670793,7.597843696670793
DCA,MSY,DCA-MSY,12,3,0,6,178.0,969.0,180.0,178.0,164.26117594827159,-13.738824051728415,15.738824051728415,15.738824051728415
MSY,DCA,MSY-DCA,12,3,0,9,148.0,969.0,138.0,148.0,146.7672084703335,-1.232791529666514,-8.767208470333486,8.767208470333486
BOS,DCA,BOS-DCA,12,3,0,17,111.0,399.0,125.0,111.0,106.71297784914158,-4.287022150858419,18.28702215085842,18.28702215085842
DCA,BOS,DCA-BOS,12,3,0,14,90.0,399.0,83.0,90.0,92.81191135880705,2.811911358807052,-9.811911358807052,9.811911358807052
DCA,ORD,DCA-ORD,12,3,0,19,143.0,612.0,151.0,143.0,137.44748732351758,-5.552512676482422,13.552512676482422,13.552512676482422
DCA,BOS,DCA-BOS,12,3,0,22,89.0,399.0,74.0,89.0,88.80884655669614,-0.19115344330386108,-14.808846556696139,14.808846556696139
DCA,SRQ,DCA-SRQ,12,3,0,8,158.0,851.0,168.0,158.0,150.9875252585304,-7.012474741469589,17.01247474146959,17.01247474146959
SRQ,DCA,SRQ-DCA,12,3,0,11,149.0,851.0,130.0,149.0,144.44494718081197,-4.555052819188035,-14.444947180811965,14.444947180811965
DCA,FLL,DCA-FLL,12,3,0,15,170.0,899.0,160.0,170.0,160.12281247311333,-9.877187526886672,-0.12281247311332777,0.12281247311332777
FLL,DCA,FLL-DCA,12,3,0,18,154.0,899.0,134.0,154.0,149.41260277445485,-4.587397225545146,-15.412602774454854,15.412602774454854
CHS,DCA,CHS-DCA,12,3,0,6,94.0,444.0,103.0,94.0,90.38200260964133,-3.617997390358667,12.617997390358667,12.617997390358667
DCA,CLT,DCA-CLT,12,3,0,6,91.0,331.0,73.0,91.0,87.13514928644834,-3.864850713551661,-14.135149286448339,14.135149286448339
DCA,MIA,DCA-MIA,12,3,0,8,167.0,919.0,162.0,167.0,159.3220939365595,-7.677906063440503,2.6779060634405027,2.6779060634405027
DCA,BOS,DCA-BOS,12,3,0,11,89.0,399.0,86.0,89.0,91.67751988714359,2.677519887143589,-5.677519887143589,5.677519887143589
BOS,DCA,BOS-DCA,12,3,0,9,109.0,399.0,124.0,109.0,101.10973491198166,-7.890265088018339,22.89026508801834,22.89026508801834
MCO,DCA,MCO-DCA,12,3,0,6,134.0,759.0,136.0,134.0,130.15386563200846,-3.8461343679915387,5.846134367991539,5.846134367991539
DCA,MIA,DCA-MIA,12,3,0,9,165.0,919.0,155.0,165.0,159.29268623265975,-5.707313767340253,-4.292686232659747,4.292686232659747
MIA,DCA,MIA-DCA,12,3,0,20,152.0,919.0,143.0,152.0,148.00333202194344,-3.996667978056564,-5.003332021943436,5.003332021943436
DCA,CHS,DCA-CHS,12,3,0,19,107.0,444.0,119.0,107.0,102.7086690249855,-4.291330975014503,16.291330975014503,16.291330975014503
BDL,DCA,BDL-DCA,12,3,0,17,89.0,313.0,90.0,89.0,81.87496739237756,-7.125032607622444,8.125032607622444,8.125032607622444
DCA,BDL,DCA-BDL,12,3,0,15,88.0,313.0,84.0,88.0,79.61860211214366,-8.381397887856338,4.3813978878563375,4.3813978878563375
ORD,DCA,ORD-DCA,12,3,0,11,113.0,612.0,141.0,113.0,113.48328726939823,0.4832872693982324,27.516712730601768,27.516712730601768
DCA,CLT,DCA-CLT,12,3,0,5,89.0,331.0,77.0,89.0,80.78671416168316,-8.213285838316835,-3.7867141616831645,3.7867141616831645
MIA,DCA,MIA-DCA,12,3,0,8,150.0,919.0,164.0,150.0,148.02275137279725,-1.977248627202755,15.977248627202755,15.977248627202755
DCA,MCO,DCA-MCO,12,3,0,11,148.0,759.0,140.0,148.0,145.43904793377442,-2.560952066225582,-5.439047933774418,5.439047933774418
BOS,DCA,BOS-DCA,12,3,0,6,109.0,399.0,112.0,109.0,102.10710811995517,-6.892891880044829,9.892891880044829,9.892891880044829
DCA,TPA,DCA-TPA,12,3,0,13,152.0,814.0,149.0,152.0,145.3204895871394,-6.679510412860594,3.679510412860594,3.679510412860594
TPA,DCA,TPA-DCA,12,3,0,17,134.0,814.0,136.0,134.0,132.4132963047778,-1.5867036952222122,3.586703695222212,3.586703695222212
BOS,DCA,BOS-DCA,12,3,0,11,107.0,399.0,119.0,107.0,101.69875450926982,-5.301245490730182,17.30124549073018,17.30124549073018
DCA,BOS,DCA-BOS,12,3,0,8,101.0,399.0,114.0,101.0,100.84984671727634,-0.15015328272366446,13.150153282723664,13.150153282723664
DCA,BNA,DCA-BNA,12,3,0,20,126.0,562.0,122.0,126.0,116.47170036413385,-9.528299635866148,5.528299635866148,5.528299635866148
ORF,DFW,ORF-DFW,12,3,0,6,231.0,1212.0,215.0,231.0,219.4106750335386,-11.58932496646139,-4.41067503353861,4.41067503353861
CLT,RIC,CLT-RIC,12,3,0,21,73.0,257.0,61.0,73.0,66.95827437684301,-6.041725623156992,-5.958274376843008,5.958274376843008
DCA,RSW,DCA-RSW,12,3,0,10,166.0,892.0,157.0,166.0,158.3241464936343,-7.675853506365712,-1.324146493634288,1.324146493634288
RSW,DCA,RSW-DCA,12,3,0,13,147.0,892.0,135.0,147.0,143.58884893218337,-3.4111510678166326,-8.588848932183367,8.588848932183367
BNA,DCA,BNA-DCA,12,3,0,6,109.0,562.0,87.0,109.0,107.1704256886827,-1.8295743113173017,-20.1704256886827,20.1704256886827
IAD,CLT,IAD-CLT,12,3,0,7,93.0,322.0,98.0,93.0,88.09579749921838,-4.904202500781622,9.904202500781622,9.904202500781622
CLT,ORF,CLT-ORF,12,3,0,8,74.0,290.0,68.0,74.0,68.19669816013935,-5.8033018398606515,-0.1966981601393485,0.1966981601393485
ORF,CLT,ORF-CLT,12,3,0,10,91.0,290.0,72.0,91.0,81.2887756278231,-9.7112243721769,-9.2887756278231,9.2887756278231
ORF,CLT,ORF-CLT,12,3,0,6,89.0,290.0,114.0,89.0,79.48428404664828,-9.515715953351716,34.515715953351716,34.515715953351716
MCO,DCA,MCO-DCA,12,3,0,19,133.0,759.0,116.0,133.0,130.90143182403574,-2.0985681759642603,-14.90143182403574,14.90143182403574
SAT,DCA,SAT-DCA,12,3,0,6,192.0,1380.0,198.0,192.0,183.28229938941834,-8.717700610581659,14.717700610581659,14.717700610581659
DCA,DFW,DCA-DFW,12,3,0,11,217.0,1192.0,250.0,217.0,210.2189576125408,-6.781042387459195,39.781042387459195,39.781042387459195
DCA,MIA,DCA-MIA,12,3,0,19,177.0,919.0,157.0,177.0,163.87478322455183,-13.125216775448166,-6.874783224551834,6.874783224551834
MIA,DCA,MIA-DCA,12,3,0,16,151.0,919.0,153.0,151.0,149.53161521401,-1.468384785989997,3.468384785989997,3.468384785989997
DFW,DCA,DFW-DCA,12,3,0,17,165.0,1192.0,163.0,165.0,165.98605283740704,0.9860528374070441,-2.986052837407044,2.986052837407044
DCA,DFW,DCA-DFW,12,3,0,14,222.0,1192.0,247.0,222.0,211.56747667565375,-10.43252332434625,35.43252332434625,35.43252332434625
MCO,DCA,MCO-DCA,12,3,0,11,133.0,759.0,136.0,133.0,129.63551886208805,-3.3644811379119517,6.364481137911952,6.364481137911952
RIC,MIA,RIC-MIA,12,3,0,6,160.0,826.0,168.0,160.0,150.45502126743688,-9.544978732563123,17.544978732563123,17.544978732563123
CLT,RIC,CLT-RIC,12,3,0,20,75.0,257.0,65.0,75.0,69.25515610348295,-5.744843896517054,-4.255156103482946,4.255156103482946
CLT,ORF,CLT-ORF,12,3,0,21,78.0,290.0,63.0,78.0,65.72334135686515,-12.276658643134851,-2.7233413568651486,2.7233413568651486
CLT,DCA,CLT-DCA,12,3,0,21,95.0,331.0,74.0,95.0,85.33788106150207,-9.662118938497926,-11.337881061502074,11.337881061502074
TPA,DCA,TPA-DCA,12,3,0,14,134.0,814.0,150.0,134.0,131.1333138709388,-2.8666861290612076,18.866686129061208,18.866686129061208
DCA,MIA,DCA-MIA,12,3,0,17,177.0,919.0,169.0,177.0,164.42176690638155,-12.57823309361845,4.578233093618451,4.578233093618451
DCA,MCO,DCA-MCO,12,3,0,15,156.0,759.0,164.0,156.0,151.68372468221918,-4.316275317780821,12.316275317780821,12.316275317780821
CLT,DCA,CLT-DCA,12,3,0,12,87.0,331.0,90.0,87.0,92.69715050410682,5.697150504106816,-2.6971505041068156,2.6971505041068156
DCA,DFW,DCA-DFW,12,3,0,8,232.0,1192.0,235.0,232.0,218.02394423527156,-13.976055764728443,16.976055764728443,16.976055764728443
DFW,DCA,DFW-DCA,12,3,0,10,169.0,1192.0,150.0,169.0,163.11685036240522,-5.883149637594784,-13.116850362405216,13.116850362405216
MIA,DCA,MIA-DCA,12,3,0,17,153.0,919.0,140.0,153.0,151.15144093289143,-1.8485590671085674,-11.151440932891433,11.151440932891433
DCA,MIA,DCA-MIA,12,3,0,14,173.0,919.0,167.0,173.0,162.67339573260483,-10.326604267395169,4.326604267395169,4.326604267395169
DFW,DCA,DFW-DCA,12,3,0,5,169.0,1192.0,154.0,169.0,164.27026027145575,-4.729739728544246,-10.270260271455754,10.270260271455754
DCA,TPA,DCA-TPA,12,3,0,10,168.0,814.0,166.0,168.0,154.36005152354377,-13.639948476456226,11.639948476456226,11.639948476456226
DCA,DFW,DCA-DFW,12,3,0,7,219.0,1192.0,235.0,219.0,212.0120854519226,-6.987914548077413,22.987914548077413,22.987914548077413
DFW,ORF,DFW-ORF,12,3,0,10,175.0,1212.0,151.0,175.0,166.55983590407706,-8.440164095922938,-15.559835904077062,15.559835904077062
ORF,DFW,ORF-DFW,12,3,0,15,228.0,1212.0,231.0,228.0,220.16308465522272,-7.836915344777282,10.836915344777282,10.836915344777282
MIA,DCA,MIA-DCA,12,3,0,18,153.0,919.0,155.0,153.0,151.15144093289143,-1.8485590671085674,3.8485590671085674,3.8485590671085674
IAD,DFW,IAD-DFW,12,3,0,6,223.0,1172.0,214.0,223.0,205.6765852167307,-17.3234147832693,8.3234147832693,8.3234147832693
RIC,DFW,RIC-DFW,12,3,0,15,219.0,1158.0,238.0,219.0,215.3239218897463,-3.6760781102537123,22.676078110253712,22.676078110253712
CLT,RIC,CLT-RIC,12,3,0,8,74.0,257.0,72.0,74.0,68.16101147344314,-5.838988526556861,3.838988526556861,3.838988526556861
RIC,CLT,RIC-CLT,12,3,0,10,86.0,257.0,82.0,86.0,76.30136135400883,-9.698638645991167,5.698638645991167,5.698638645991167
CLT,RIC,CLT-RIC,12,3,0,13,72.0,257.0,66.0,72.0,67.26954655784988,-4.730453442150122,-1.2695465578498784,1.2695465578498784
DCA,DFW,DCA-DFW,12,3,0,6,224.0,1192.0,229.0,224.0,214.26387136377537,-9.736128636224635,14.736128636224635,14.736128636224635
DCA,SAT,DCA-SAT,12,3,0,19,231.0,1380.0,241.0,231.0,218.34697759608866,-12.653022403911336,22.653022403911336,22.653022403911336
DFW,DCA,DFW-DCA,12,3,0,14,167.0,1192.0,145.0,167.0,164.61740156516717,-2.382598434832829,-19.61740156516717,19.61740156516717
DFW,DCA,DFW-DCA,12,3,0,19,171.0,1192.0,166.0,171.0,167.75860965900708,-3.241390340992922,-1.758609659007078,1.758609659007078
MCO,DCA,MCO-DCA,12,3,0,15,136.0,759.0,123.0,136.0,134.657359115807,-1.3426408841930026,-11.657359115806997,11.657359115806997
DCA,TPA,DCA-TPA,12,3,0,18,148.0,814.0,156.0,148.0,146.5268552976821,-1.47314470231791,9.47314470231791,9.47314470231791
DFW,RIC,DFW-RIC,12,3,0,10,170.0,1158.0,149.0,170.0,161.53375523944948,-8.466244760550524,-12.533755239449476,12.533755239449476
RIC,CLT,RIC-CLT,12,3,0,15,86.0,257.0,82.0,86.0,78.19962970777509,-7.800370292224912,3.800370292224912,3.800370292224912
DCA,DFW,DCA-DFW,12,3,0,17,229.0,1192.0,213.0,229.0,218.593275942815,-10.406724057184988,-5.593275942815012,5.593275942815012
ORD,DCA,ORD-DCA,12,3,0,12,120.0,612.0,134.0,120.0,119.78740077949863,-0.21259922050137448,14.212599220501374,14.212599220501374
RIC,CLT,RIC-CLT,12,3,0,6,87.0,257.0,83.0,87.0,77.12690360266517,-9.873096397334834,5.873096397334834,5.873096397334834
DCA,MIA,DCA-MIA,12,3,0,11,164.0,919.0,146.0,164.0,159.77171267071293,-4.22828732928707,-13.77171267071293,13.77171267071293
DFW,DCA,DFW-DCA,12,3,0,7,170.0,1192.0,154.0,170.0,166.72300955379347,-3.2769904462065256,-12.723009553793474,12.723009553793474
TPA,DCA,TPA-DCA,12,3,0,18,135.0,814.0,146.0,135.0,132.4132963047778,-2.586703695222212,13.586703695222212,13.586703695222212
DFW,IAD,DFW-IAD,12,3,0,12,174.0,1172.0,161.0,174.0,168.6029918528163,-5.397008147183698,-7.602991852816302,7.602991852816302
IAD,DFW,IAD-DFW,12,3,0,17,222.0,1172.0,209.0,222.0,204.49820318263798,-17.50179681736202,4.50179681736202,4.50179681736202
RIC,CLT,RIC-CLT,12,3,0,7,87.0,257.0,94.0,87.0,77.29873456198234,-9.701265438017657,16.701265438017657,16.701265438017657
BOS,DCA,BOS-DCA,12,3,0,7,124.0,399.0,123.0,124.0,111.03038153592367,-12.969618464076333,11.969618464076333,11.969618464076333
DCA,DFW,DCA-DFW,12,3,0,10,228.0,1192.0,243.0,228.0,216.2200646745189,-11.779935325481091,26.77993532548109,26.77993532548109
DFW,ORF,DFW-ORF,12,3,0,18,167.0,1212.0,186.0,167.0,165.20586343325178,-1.7941365667482216,20.79413656674822,20.79413656674822
DCA,MCO,DCA-MCO,12,3,0,17,157.0,759.0,146.0,157.0,151.89733697497752,-5.10266302502248,-5.89733697497752,5.89733697497752
DFW,DCA,DFW-DCA,12,3,0,12,174.0,1192.0,192.0,174.0,169.81806165619875,-4.181938343801249,22.18193834380125,22.18193834380125
DCA,ORD,DCA-ORD,12,3,0,15,146.0,612.0,137.0,146.0,140.8235561528652,-5.176443847134806,-3.8235561528651942,3.8235561528651942
MIA,DCA,MIA-DCA,12,3,0,11,156.0,919.0,168.0,156.0,151.31226241630358,-4.687737583696418,16.687737583696418,16.687737583696418
DCA,DFW,DCA-DFW,12,3,0,18,217.0,1192.0,209.0,217.0,212.14646178489224,-4.853538215107761,-3.1464617848922387,3.1464617848922387
CLT,DCA,CLT-DCA,12,3,0,16,86.0,331.0,106.0,86.0,92.32736745437681,6.327367454376812,13.672632545623188,13.672632545623188
DCA,ORD,DCA-ORD,12,3,0,11,133.0,612.0,137.0,133.0,127.631565723319,-5.3684342766810005,9.368434276681,9.368434276681
ORD,DCA,ORD-DCA,12,3,0,15,122.0,612.0,108.0,122.0,118.32343612682067,-3.676563873179333,-10.323436126820667,10.323436126820667
DFW,RIC,DFW-RIC,12,3,0,18,163.0,1158.0,156.0,163.0,157.77220130174555,-5.227798698254446,-1.7722013017455538,1.7722013017455538
DCA,CLT,DCA-CLT,12,3,0,10,109.0,331.0,92.0,109.0,94.60153424386861,-14.398465756131387,-2.6015342438686133,2.6015342438686133
MIA,DCA,MIA-DCA,12,3,0,6,149.0,919.0,143.0,149.0,147.66586765709923,-1.334132342900773,-4.665867657099227,4.665867657099227
DCA,MCO,DCA-MCO,12,3,0,8,142.0,759.0,134.0,142.0,141.13747391904604,-0.8625260809539554,-7.137473919046045,7.137473919046045
MIA,RIC,MIA-RIC,12,3,0,21,144.0,826.0,129.0,144.0,136.9169656482945,-7.083034351705493,-7.916965648294507,7.916965648294507
DCA,BOS,DCA-BOS,12,3,0,20,91.0,399.0,99.0,91.0,95.29961573778357,4.299615737783569,3.7003842622164314,3.7003842622164314
DFW,DCA,DFW-DCA,12,3,0,15,166.0,1192.0,153.0,166.0,165.73420358450775,-0.26579641549224675,-12.734203584507753,12.734203584507753
MIA,DCA,MIA-DCA,12,3,0,10,157.0,919.0,144.0,157.0,150.7232428190154,-6.276757180984589,-6.723242819015411,6.723242819015411
DCA,CLT,DCA-CLT,12,3,0,13,91.0,331.0,103.0,91.0,87.50173882485674,-3.4982611751432557,15.498261175143256,15.498261175143256
DCA,MIA,DCA-MIA,12,3,0,7,172.0,919.0,154.0,172.0,161.99537000078857,-10.004629999211431,-7.995370000788569,7.995370000788569
DCA,PBI,DCA-PBI,12,4,0,14,163.0,857.0,142.0,163.0,152.03794085304665,-10.96205914695335,-10.03794085304665,10.03794085304665
PBI,DCA,PBI-DCA,12,4,0,18,148.0,857.0,149.0,148.0,147.07328805204457,-0.9267119479554253,1.9267119479554253,1.9267119479554253
DCA,TPA,DCA-TPA,12,4,0,8,150.0,814.0,155.0,150.0,145.33643574474178,-4.663564255258223,9.663564255258223,9.663564255258223
TPA,DCA,TPA-DCA,12,4,0,11,135.0,814.0,134.0,135.0,130.41826474063515,-4.581735259364848,3.581735259364848,3.581735259364848
CLT,IAD,CLT-IAD,12,4,0,11,88.0,322.0,81.0,88.0,77.5606824871836,-10.439317512816402,3.4393175128164017,3.4393175128164017
IAD,CLT,IAD-CLT,12,4,0,14,93.0,322.0,81.0,93.0,84.19782685473758,-8.802173145262415,-3.1978268547375848,3.1978268547375848
CLT,DCA,CLT-DCA,12,4,0,18,89.0,331.0,87.0,89.0,92.56051116496157,3.560511164961568,-5.560511164961568,5.560511164961568
DCA,CLT,DCA-CLT,12,4,0,19,108.0,331.0,86.0,108.0,96.67891322491292,-11.321086775087082,-10.678913224912918,10.678913224912918
CLT,DCA,CLT-DCA,12,4,0,9,91.0,331.0,65.0,91.0,92.47654791532437,1.4765479153243746,-27.476547915324375,27.476547915324375
DCA,ORD,DCA-ORD,12,4,0,11,133.0,612.0,124.0,133.0,127.43843072148992,-5.561569278510078,-3.4384307214899223,3.4384307214899223
ORD,DCA,ORD-DCA,12,4,0,15,122.0,612.0,94.0,122.0,118.60478154315763,-3.395218456842372,-24.604781543157628,24.604781543157628
DFW,DCA,DFW-DCA,12,4,0,19,170.0,1192.0,160.0,170.0,168.039955075344,-1.960044924655989,-8.039955075344011,8.039955075344011
DCA,MIA,DCA-MIA,12,4,0,5,160.0,919.0,162.0,160.0,152.46476691615658,-7.535233083843423,9.535233083843423,9.535233083843423
IAD,CLT,IAD-CLT,12,4,0,6,93.0,322.0,79.0,93.0,88.37714291555534,-4.622857084444661,-9.37714291555534,9.37714291555534
MIA,ORF,MIA-ORF,12,4,0,21,144.0,802.0,131.0,144.0,133.47465277268762,-10.52534722731238,-2.4746527726876195,2.4746527726876195
MIA,DCA,MIA-DCA,12,4,0,18,153.0,919.0,149.0,153.0,151.43278634922837,-1.5672136507716345,-2.4327863492283655,2.4327863492283655
IAD,DFW,IAD-DFW,12,4,0,6,223.0,1172.0,188.0,223.0,205.95793063306763,-17.042069366932367,-17.957930633067633,17.957930633067633
ORF,MIA,ORF-MIA,12,4,0,5,146.0,802.0,142.0,146.0,137.346125259922,-8.65387474007801,4.65387474007801,4.65387474007801
CLT,RIC,CLT-RIC,12,4,0,22,80.0,257.0,79.0,80.0,73.37630535038524,-6.623694649614762,5.623694649614762,5.623694649614762
DFW,ORF,DFW-ORF,12,4,0,14,168.0,1212.0,167.0,168.0,163.42306995211675,-4.576930047883252,3.576930047883252,3.576930047883252
ORF,DFW,ORF-DFW,12,4,0,19,225.0,1212.0,218.0,225.0,216.4008863712414,-8.599113628758602,1.5991136287586016,1.5991136287586016
MIA,DCA,MIA-DCA,12,4,0,20,152.0,919.0,148.0,152.0,148.28467743828037,-3.7153225617196313,-0.28467743828036873,0.28467743828036873
DCA,MCO,DCA-MCO,12,4,0,6,144.0,759.0,154.0,144.0,142.19464476049333,-1.8053552395066674,11.805355239506667,11.805355239506667
MCO,DCA,MCO-DCA,12,4,0,19,133.0,759.0,127.0,133.0,131.18277724037267,-1.8172227596273274,-4.182777240372673,4.182777240372673
DCA,ORD,DCA-ORD,12,4,0,15,146.0,612.0,135.0,146.0,140.6304211510361,-5.369578848963897,-5.630421151036103,5.630421151036103
CLT,DCA,CLT-DCA,12,4,0,12,86.0,331.0,93.0,86.0,92.97849592044378,6.978495920443777,0.021504079556223132,0.021504079556223132
DFW,IAD,DFW-IAD,12,4,0,12,169.0,1172.0,171.0,169.0,163.87262585845676,-5.127374141543243,7.127374141543243,7.127374141543243
IAD,DFW,IAD-DFW,12,4,0,16,222.0,1172.0,222.0,222.0,204.52769934607562,-17.47230065392438,17.47230065392438,17.47230065392438
ORD,DCA,ORD-DCA,12,4,0,20,121.0,612.0,103.0,121.0,115.5943322376143,-5.405667762385704,-12.594332237614296,12.594332237614296
MIA,DCA,MIA-DCA,12,4,0,21,165.0,919.0,155.0,165.0,158.29712196593084,-6.702878034069158,-3.2971219659308417,3.2971219659308417
DCA,MIA,DCA-MIA,12,4,0,5,162.0,919.0,165.0,162.0,153.48421663511,-8.515783364890012,11.515783364890012,11.515783364890012
LAX,DCA,LAX-DCA,12,4,0,12,294.0,2311.0,279.0,294.0,282.45372564725847,-11.546274352741534,-3.453725647258466,3.453725647258466
PHX,DCA,PHX-DCA,12,4,0,0,243.0,1979.0,247.0,243.0,236.3083113654925,-6.6916886345075,10.6916886345075,10.6916886345075
DCA,LAX,DCA-LAX,12,4,0,8,366.0,2311.0,351.0,366.0,350.7113313013673,-15.288668698632705,0.28866869863270495,0.28866869863270495
DCA,PHX,DCA-PHX,12,4,0,10,316.0,1979.0,309.0,316.0,305.6299876810616,-10.370012318938393,3.370012318938393,3.370012318938393
PHX,DCA,PHX-DCA,12,4,0,14,249.0,1979.0,244.0,249.0,243.57517314853257,-5.424826851467429,0.4248268514674294,0.4248268514674294
DCA,PHX,DCA-PHX,12,4,0,7,322.0,1979.0,311.0,322.0,306.77302803691964,-15.22697196308036,4.226971963080359,4.226971963080359
DCA,LAS,DCA-LAS,12,4,0,7,330.0,2089.0,310.0,330.0,318.4860368472148,-11.513963152785209,-8.486036847214791,8.486036847214791
DCA,LAX,DCA-LAX,12,4,0,17,356.0,2311.0,353.0,356.0,345.7171083816048,-10.282891618395183,7.282891618395183,7.282891618395183
LAX,DCA,LAX-DCA,12,4,0,7,296.0,2311.0,280.0,296.0,285.245780486009,-10.754219513991018,-5.245780486008982,5.245780486008982
DCA,PHX,DCA-PHX,12,4,0,16,306.0,1979.0,329.0,306.0,296.4378518693995,-9.56214813060052,32.56214813060052,32.56214813060052
PHX,DCA,PHX-DCA,12,4,0,9,257.0,1979.0,250.0,257.0,246.93798087787212,-10.062019122127879,3.0620191221278787,3.0620191221278787
LAS,DCA,LAS-DCA,12,4,0,13,269.0,2089.0,257.0,269.0,263.94827805156956,-5.0517219484304405,-6.9482780515695595,6.9482780515695595
CLT,RIC,CLT-RIC,12,4,0,7,70.0,257.0,55.0,70.0,67.6405350271845,-2.359464972815502,-12.640535027184498,12.640535027184498
RIC,CLT,RIC-CLT,12,4,0,8,87.0,257.0,80.0,87.0,77.73201604949004,-9.267983950509958,2.267983950509958,2.267983950509958
DCA,CLT,DCA-CLT,12,4,0,8,94.0,331.0,109.0,94.0,88.22742750277594,-5.772572497224061,20.77257249722406,20.77257249722406
CLT,RIC,CLT-RIC,12,4,0,18,75.0,257.0,66.0,75.0,70.54310972917924,-4.4568902708207645,-4.5431097291792355,4.5431097291792355
RIC,CLT,RIC-CLT,12,4,0,20,88.0,257.0,74.0,88.0,78.77618139206919,-9.22381860793081,-4.776181392069191,4.776181392069191
BOS,DCA,BOS-DCA,12,4,0,20,110.0,399.0,88.0,110.0,103.21050692930186,-6.789493070698143,-15.210506929301857,15.210506929301857
DCA,BOS,DCA-BOS,12,4,0,18,84.0,399.0,101.0,84.0,93.26976389955068,9.269763899550682,7.730236100449318,7.730236100449318
DCA,RSW,DCA-RSW,12,4,0,6,157.0,892.0,161.0,157.0,150.30943087156055,-6.690569128439449,10.69056912843945,10.69056912843945
RSW,DCA,RSW-DCA,12,4,0,10,147.0,892.0,131.0,147.0,142.2614921710988,-4.7385078289011915,-11.261492171098809,11.261492171098809
CLT,DCA,CLT-DCA,12,4,0,20,86.0,331.0,92.0,86.0,91.40042296745932,5.4004229674593205,0.5995770325406795,0.5995770325406795
DCA,CLT,DCA-CLT,12,4,0,6,91.0,331.0,90.0,91.0,87.4164947027853,-3.5835052972146997,2.5835052972146997,2.5835052972146997
DCA,CHS,DCA-CHS,12,4,0,19,107.0,444.0,113.0,107.0,102.99001444132246,-4.009985558677542,10.009985558677542,10.009985558677542
BOS,DCA,BOS-DCA,12,4,0,6,109.0,399.0,113.0,109.0,102.38845353629213,-6.611546463707867,10.611546463707867,10.611546463707867
DCA,TPA,DCA-TPA,12,4,0,13,152.0,814.0,153.0,152.0,145.60183500347634,-6.398164996523661,7.398164996523661,7.398164996523661
TPA,DCA,TPA-DCA,12,4,0,17,134.0,814.0,136.0,134.0,132.69464172111472,-1.3053582788852793,3.3053582788852793,3.3053582788852793
BOS,DCA,BOS-DCA,12,4,0,11,107.0,399.0,100.0,107.0,101.98009992560678,-5.01990007439322,-1.9800999256067797,1.9800999256067797
DCA,BOS,DCA-BOS,12,4,0,8,101.0,399.0,95.0,101.0,100.88099272030595,-0.11900727969404556,-5.880992720305954,5.880992720305954
CLT,DCA,CLT-DCA,12,4,0,22,85.0,331.0,66.0,85.0,81.94770816580494,-3.05229183419506,-15.94770816580494,15.94770816580494
DCA,BOS,DCA-BOS,12,4,0,11,89.0,399.0,85.0,89.0,91.70866589017321,2.708665890173208,-6.708665890173208,6.708665890173208
BOS,DCA,BOS-DCA,12,4,0,9,109.0,399.0,114.0,109.0,101.39108032831862,-7.608919671681377,12.608919671681377,12.608919671681377
TPA,DCA,TPA-DCA,12,4,0,6,136.0,814.0,117.0,136.0,134.3267858989803,-1.6732141010197097,-17.32678589898029,17.32678589898029
DCA,JAX,DCA-JAX,12,4,0,19,131.0,634.0,115.0,131.0,128.51636073366203,-2.483639266337974,-13.516360733662026,13.516360733662026
DCA,PWM,DCA-PWM,12,4,0,10,93.0,482.0,86.0,93.0,91.31915071276129,-1.6808492872387149,-5.319150712761285,5.319150712761285
PWM,DCA,PWM-DCA,12,4,0,12,121.0,482.0,126.0,121.0,114.23934617753315,-6.76065382246685,11.76065382246685,11.76065382246685
BDL,DCA,BDL-DCA,12,4,0,17,89.0,313.0,90.0,89.0,82.15631280871452,-6.843687191285483,7.843687191285483,7.843687191285483
DCA,BDL,DCA-BDL,12,4,0,15,88.0,313.0,72.0,88.0,79.89994752848062,-8.100052471519376,-7.899947528480624,7.899947528480624
DCA,ORD,DCA-ORD,12,4,0,9,134.0,612.0,120.0,134.0,126.9594042834368,-7.040595716563203,-6.959404283436797,6.959404283436797
JAX,DCA,JAX-DCA,12,4,0,7,116.0,634.0,116.0,116.0,114.30898173818571,-1.6910182618142926,1.6910182618142926,1.6910182618142926
DCA,PBI,DCA-PBI,12,4,0,7,153.0,857.0,161.0,153.0,146.73542139622904,-6.264578603770957,14.264578603770957,14.264578603770957
PBI,DCA,PBI-DCA,12,4,0,11,148.0,857.0,132.0,148.0,144.7262925971489,-3.2737074028511017,-12.726292597148898,12.726292597148898
BOS,DCA,BOS-DCA,12,4,0,17,111.0,399.0,93.0,111.0,106.99432326547854,-4.005676734521458,-13.994323265478542,13.994323265478542
DCA,BOS,DCA-BOS,12,4,0,14,90.0,399.0,86.0,90.0,92.84305736183667,2.843057361836671,-6.843057361836671,6.843057361836671
DCA,ORD,DCA-ORD,12,4,0,19,143.0,612.0,145.0,143.0,137.2543523216885,-5.745647678311514,7.745647678311514,7.745647678311514
DCA,PVD,DCA-PVD,12,4,0,13,78.0,356.0,85.0,78.0,76.67624014955904,-1.3237598504409647,8.323759850440965,8.323759850440965
PVD,DCA,PVD-DCA,12,4,0,15,96.0,356.0,91.0,96.0,93.36338520585271,-2.6366147941472917,-2.3633852058527083,2.3633852058527083
BNA,DCA,BNA-DCA,12,4,0,20,108.0,562.0,110.0,108.0,107.20643952454135,-0.7935604754586478,2.793560475458648,2.793560475458648
DCA,BNA,DCA-BNA,12,4,0,17,120.0,562.0,135.0,120.0,118.3411997686347,-1.658800231365305,16.658800231365305,16.658800231365305
DCA,MSY,DCA-MSY,12,4,0,6,178.0,969.0,158.0,178.0,164.3455498319152,-13.654450168084793,-6.345549831915207,6.345549831915207
MSY,DCA,MSY-DCA,12,4,0,9,148.0,969.0,138.0,148.0,147.04855388667042,-0.9514461133295811,-9.048553886670419,9.048553886670419
DCA,CLT,DCA-CLT,12,4,0,17,102.0,331.0,108.0,102.0,94.49028729351593,-7.509712706484066,13.509712706484066,13.509712706484066
ORD,DCA,ORD-DCA,12,4,0,6,115.0,612.0,120.0,115.0,115.45166564719713,0.45166564719713165,4.548334352802868,4.548334352802868
DCA,FLL,DCA-FLL,12,4,0,10,177.0,899.0,165.0,177.0,160.28655250783675,-16.713447492163255,4.7134474921632545,4.7134474921632545
FLL,DCA,FLL-DCA,12,4,0,13,153.0,899.0,142.0,153.0,147.95865778709754,-5.041342212902464,-5.958657787097536,5.958657787097536
CLT,IAD,CLT-IAD,12,4,0,22,81.0,322.0,78.0,81.0,76.18960735701266,-4.810392642987338,1.8103926429873383,1.8103926429873383
PWM,DCA,PWM-DCA,12,4,0,5,120.0,482.0,132.0,120.0,112.32736704602829,-7.672632953971714,19.672632953971714,19.672632953971714
DCA,PWM,DCA-PWM,12,4,0,14,91.0,482.0,89.0,91.0,92.20717470492586,1.2071747049258619,-3.207174704925862,3.207174704925862
PWM,DCA,PWM-DCA,12,4,0,17,117.0,482.0,120.0,117.0,110.27476647568817,-6.725233524311832,9.725233524311832,9.725233524311832
DCA,VPS,DCA-VPS,12,4,0,8,157.0,789.0,159.0,157.0,148.90794099099054,-8.09205900900946,10.09205900900946,10.09205900900946
VPS,DCA,VPS-DCA,12,4,0,10,130.0,789.0,129.0,130.0,128.72274042369895,-1.2772595763010486,0.2772595763010486,0.2772595763010486
DCA,BNA,DCA-BNA,12,4,0,20,126.0,562.0,132.0,126.0,116.75304578047081,-9.246954219529187,15.246954219529187,15.246954219529187
BOS,DCA,BOS-DCA,12,4,0,14,111.0,399.0,121.0,111.0,105.76759928421272,-5.2324007157872785,15.232400715787279,15.232400715787279
DCA,BOS,DCA-BOS,12,4,0,17,98.0,399.0,102.0,98.0,99.71180072253138,1.711800722531379,2.288199277468621,2.288199277468621
BOS,DCA,BOS-DCA,12,4,0,6,110.0,399.0,108.0,110.0,103.45583850978016,-6.544161490219835,4.544161490219835,4.544161490219835
DCA,BOS,DCA-BOS,12,4,0,22,89.0,399.0,89.0,89.0,88.83999255972576,-0.16000744027424219,0.16000744027424219,0.16000744027424219
DCA,JAX,DCA-JAX,12,4,0,15,126.0,634.0,132.0,126.0,121.69443589421093,-4.305564105789074,10.305564105789074,10.305564105789074
JAX,DCA,JAX-DCA,12,4,0,18,116.0,634.0,102.0,116.0,115.34401984243279,-0.655980157567214,-13.344019842432786,13.344019842432786
DCA,PBI,DCA-PBI,12,4,0,10,156.0,857.0,147.0,156.0,148.3020145289855,-7.697985471014505,-1.3020145289854952,1.3020145289854952
PBI,DCA,PBI-DCA,12,4,0,13,147.0,857.0,133.0,147.0,143.06429328755715,-3.935706712442851,-10.064293287557149,10.064293287557149
DCA,BOS,DCA-BOS,12,4,0,15,90.0,399.0,100.0,90.0,93.67471693222946,3.674716932229458,6.325283067770542,6.325283067770542
ORD,DCA,ORD-DCA,12,4,0,11,113.0,612.0,123.0,113.0,113.7646326857352,0.7646326857351937,9.235367314264806,9.235367314264806
CLT,DCA,CLT-DCA,12,4,0,7,82.0,331.0,97.0,82.0,92.99502140922259,10.995021409222588,4.004978590777412,4.004978590777412
DCA,TPA,DCA-TPA,12,4,0,20,153.0,814.0,148.0,153.0,146.73907799401277,-6.260922005987226,1.2609220059872257,1.2609220059872257
CHS,DCA,CHS-DCA,12,4,0,17,97.0,444.0,81.0,97.0,96.53499692410672,-0.4650030758932786,-15.534996924106721,15.534996924106721
DCA,CHS,DCA-CHS,12,4,0,14,98.0,444.0,99.0,98.0,97.31113352728784,-0.6888664727121636,1.6888664727121636,1.6888664727121636
DCA,SYR,DCA-SYR,12,4,0,10,88.0,298.0,77.0,88.0,78.00167917471437,-9.998320825285631,-1.0016791747143685,1.0016791747143685
SYR,DCA,SYR-DCA,12,4,0,12,91.0,298.0,94.0,91.0,83.38766551798699,-7.612334482013011,10.612334482013011,10.612334482013011
CLT,RIC,CLT-RIC,12,4,0,21,75.0,257.0,70.0,75.0,67.49229581156226,-7.507704188437742,2.5077041884377422,2.5077041884377422
MIA,DCA,MIA-DCA,12,4,0,8,150.0,919.0,137.0,150.0,148.30409678913418,-1.695903210865822,-11.304096789134178,11.304096789134178
DCA,MCO,DCA-MCO,12,4,0,11,148.0,759.0,151.0,148.0,145.6840611300497,-2.315938869950287,5.315938869950287,5.315938869950287
DCA,ORD,DCA-ORD,12,4,0,6,139.0,612.0,130.0,139.0,133.66293732739646,-5.337062672603537,-3.662937327396463,3.662937327396463
DCA,FLL,DCA-FLL,12,4,0,15,170.0,899.0,172.0,170.0,160.40415788945026,-9.59584211054974,11.59584211054974,11.59584211054974
FLL,DCA,FLL-DCA,12,4,0,18,154.0,899.0,155.0,154.0,149.6939481907918,-4.306051809208213,5.306051809208213,5.306051809208213
CHS,DCA,CHS-DCA,12,4,0,6,94.0,444.0,86.0,94.0,89.85642248914986,-4.143577510850136,-3.856422489149864,3.856422489149864
DCA,DFW,DCA-DFW,12,4,0,17,229.0,1192.0,230.0,229.0,218.87462135915194,-10.125378640848055,11.125378640848055,11.125378640848055
ORD,DCA,ORD-DCA,12,4,0,12,120.0,612.0,130.0,120.0,120.06874619583559,0.06874619583558683,9.931253804164413,9.931253804164413
DFW,ORF,DFW-ORF,12,4,0,18,168.0,1212.0,158.0,168.0,165.52491842904328,-2.4750815709567178,-7.524918429043282,7.524918429043282
CLT,ORF,CLT-ORF,12,4,0,22,81.0,290.0,78.0,81.0,70.73892970058309,-10.261070299416915,7.2610702994169145,7.2610702994169145
RIC,CLT,RIC-CLT,12,4,0,5,83.0,257.0,69.0,83.0,75.66448794761503,-7.335512052384971,-6.664487947615029,6.664487947615029
DCA,SRQ,DCA-SRQ,12,4,0,8,158.0,851.0,155.0,158.0,151.23116679389463,-6.76883320610537,3.76883320610537,3.76883320610537
SRQ,DCA,SRQ-DCA,12,4,0,11,149.0,851.0,143.0,149.0,144.7262925971489,-4.273707402851102,-1.7262925971488983,1.7262925971488983
DCA,PWM,DCA-PWM,12,4,0,22,90.0,482.0,95.0,90.0,86.76949654131835,-3.2305034586816532,8.230503458681653,8.230503458681653
DCA,RSW,DCA-RSW,12,4,0,14,168.0,892.0,148.0,168.0,160.18549956853482,-7.814500431465177,-12.185499568534823,12.185499568534823
RSW,DCA,RSW-DCA,12,4,0,18,149.0,892.0,143.0,149.0,147.87918911300773,-1.120810886992274,-4.879189113007726,4.879189113007726
CLT,RIC,CLT-RIC,12,4,0,8,72.0,257.0,68.0,72.0,67.83152396799414,-4.168476032005856,0.1684760320058558,0.1684760320058558
RIC,CLT,RIC-CLT,12,4,0,10,86.0,257.0,90.0,86.0,76.5827067703458,-9.417293229654206,13.417293229654206,13.417293229654206
DCA,SAT,DCA-SAT,12,4,0,19,231.0,1380.0,205.0,231.0,218.6283230124256,-12.371676987574403,-13.628323012425597,13.628323012425597
DFW,DCA,DFW-DCA,12,4,0,14,169.0,1192.0,161.0,169.0,165.06761040297846,-3.9323895970215403,-4.06761040297846,4.06761040297846
DCA,RSW,DCA-RSW,12,4,0,10,166.0,892.0,170.0,166.0,158.5839361254958,-7.416063874504204,11.416063874504204,11.416063874504204
RSW,DCA,RSW-DCA,12,4,0,13,147.0,892.0,136.0,147.0,143.8701943485203,-3.1298056514796997,-7.8701943485203,7.8701943485203
DCA,PBI,DCA-PBI,12,4,0,16,154.0,857.0,147.0,154.0,148.63619787692934,-5.363802123070656,-1.6361978769293444,1.6361978769293444
PBI,DCA,PBI-DCA,12,4,0,20,147.0,857.0,136.0,147.0,142.6954741976612,-4.304525802338787,-6.695474197661213,6.695474197661213
BNA,DCA,BNA-DCA,12,4,0,6,109.0,562.0,108.0,109.0,107.45177110501966,-1.5482288949803404,0.5482288949803404,0.5482288949803404
DCA,MIA,DCA-MIA,12,4,0,17,177.0,919.0,162.0,177.0,164.70311232271848,-12.296887677281518,-2.703112322718482,2.703112322718482
DFW,DCA,DFW-DCA,12,4,0,12,177.0,1192.0,166.0,177.0,170.09940707253568,-6.9005929274643165,-4.0994070725356835,4.0994070725356835
DCA,MCO,DCA-MCO,12,4,0,15,156.0,759.0,147.0,156.0,151.92873787849447,-4.0712621215055265,-4.9287378784944735,4.9287378784944735
MIA,DCA,MIA-DCA,12,4,0,11,156.0,919.0,136.0,156.0,151.59360783264052,-4.406392167359485,-15.593607832640515,15.593607832640515
DCA,DFW,DCA-DFW,12,4,0,7,219.0,1192.0,204.0,219.0,212.29343086825952,-6.70656913174048,-8.29343086825952,8.29343086825952
MCO,DCA,MCO-DCA,12,4,0,6,134.0,759.0,123.0,134.0,130.4352110483454,-3.564788951654606,-7.435211048345394,7.435211048345394
DCA,CLT,DCA-CLT,12,4,0,10,109.0,331.0,82.0,109.0,94.88287966020557,-14.117120339794425,-12.882879660205575,12.882879660205575
MIA,DCA,MIA-DCA,12,4,0,17,153.0,919.0,161.0,153.0,151.43278634922837,-1.5672136507716345,9.567213650771635,9.567213650771635
DCA,DFW,DCA-DFW,12,4,0,8,235.0,1192.0,217.0,235.0,218.3052896516085,-16.69471034839151,-1.30528965160849,1.30528965160849
TPA,DCA,TPA-DCA,12,4,0,18,135.0,814.0,144.0,135.0,132.69464172111472,-2.3053582788852793,11.30535827888528,11.30535827888528
RIC,CLT,RIC-CLT,12,4,0,6,87.0,257.0,78.0,87.0,77.40824901900213,-9.591750980997872,0.5917509809978725,0.5917509809978725
CLT,ORF,CLT-ORF,12,4,0,7,73.0,290.0,64.0,73.0,67.6068710470276,-5.393128952972404,-3.606871047027596,3.606871047027596
ORF,CLT,ORF-CLT,12,4,0,9,91.0,290.0,114.0,91.0,81.57012104416006,-9.42987895583994,32.42987895583994,32.42987895583994
ORF,CLT,ORF-CLT,12,4,0,5,88.0,290.0,74.0,88.0,78.60028018751852,-9.399719812481479,-4.600280187518521,4.600280187518521
DFW,IAD,DFW-IAD,12,4,0,18,167.0,1172.0,158.0,167.0,165.1331261560371,-1.8668738439629067,-7.133126156037093,7.133126156037093
DCA,CLT,DCA-CLT,12,4,0,5,89.0,331.0,82.0,89.0,81.06805957802013,-7.931940421979874,0.9319404219798741,0.9319404219798741
DCA,MIA,DCA-MIA,12,4,0,8,167.0,919.0,178.0,167.0,159.60343935289643,-7.39656064710357,18.39656064710357,18.39656064710357
MIA,RIC,MIA-RIC,12,4,0,21,144.0,826.0,141.0,144.0,137.19831106463144,-6.80168893536856,3.80168893536856,3.80168893536856
DFW,RIC,DFW-RIC,12,4,0,14,161.0,1158.0,172.0,161.0,157.2373413832698,-3.7626586167301923,14.762658616730192,14.762658616730192
RIC,DFW,RIC-DFW,12,4,0,19,217.0,1158.0,212.0,217.0,215.10723329582942,-1.8927667041705831,-3.107233295829417,3.107233295829417
MCO,DCA,MCO-DCA,12,4,0,15,136.0,759.0,136.0,136.0,134.93870453214393,-1.0612954678560698,1.0612954678560698,1.0612954678560698
DCA,TPA,DCA-TPA,12,4,0,18,148.0,814.0,149.0,148.0,146.80820071401902,-1.1917992859809772,2.191799285980977,2.191799285980977
DCA,MIA,DCA-MIA,12,4,0,11,164.0,919.0,170.0,164.0,160.05305808704986,-3.9469419129501375,9.946941912950138,9.946941912950138
DCA,MIA,DCA-MIA,12,4,0,17,167.0,919.0,185.0,167.0,161.38220281099325,-5.617797189006751,23.61779718900675,23.61779718900675
MIA,DCA,MIA-DCA,12,4,0,14,147.0,919.0,162.0,147.0,145.91157992104638,-1.088420078953618,16.088420078953618,16.088420078953618
DFW,DCA,DFW-DCA,12,4,0,7,169.0,1192.0,170.0,169.0,164.67700806205823,-4.322991937941765,5.322991937941765,5.322991937941765
MIA,DCA,MIA-DCA,12,4,0,10,157.0,919.0,133.0,157.0,151.00458823535234,-5.995411764647656,-18.004588235352344,18.004588235352344
DCA,DFW,DCA-DFW,12,4,0,18,217.0,1192.0,215.0,217.0,212.42780720122917,-4.572192798770828,2.5721927987708284,2.5721927987708284
CLT,DCA,CLT-DCA,12,4,0,16,86.0,331.0,68.0,86.0,92.60871287071377,6.608712870713774,-24.608712870713774,24.608712870713774
DCA,CLT,DCA-CLT,12,4,0,13,91.0,331.0,82.0,91.0,87.7830842411937,-3.2169157588062944,-5.783084241193706,5.783084241193706
DCA,MIA,DCA-MIA,12,4,0,7,172.0,919.0,179.0,172.0,162.2767154171255,-9.723284582874498,16.7232845828745,16.7232845828745
DFW,DCA,DFW-DCA,12,4,0,17,166.0,1192.0,177.0,166.0,166.26739825374398,0.26739825374397697,10.732601746256023,10.732601746256023
DCA,MCO,DCA-MCO,12,4,0,17,157.0,759.0,151.0,157.0,152.14235017125282,-4.857649828747185,-1.142350171252815,1.142350171252815
TPA,DCA,TPA-DCA,12,4,0,14,134.0,814.0,132.0,134.0,131.41465928727573,-2.5853407127242747,0.5853407127242747,0.5853407127242747
DFW,DCA,DFW-DCA,12,4,0,5,168.0,1192.0,175.0,168.0,164.46860760830603,-3.53139239169397,10.53139239169397,10.53139239169397
DCA,TPA,DCA-TPA,12,4,0,10,168.0,814.0,156.0,168.0,154.6413969398807,-13.358603060119293,1.358603060119293,1.358603060119293
CLT,ORF,CLT-ORF,12,4,0,11,75.0,290.0,61.0,75.0,67.91775389462022,-7.082246105379781,-6.917753894620219,6.917753894620219
ORF,CLT,ORF-CLT,12,4,0,13,92.0,290.0,82.0,92.0,82.12926168679677,-9.870738313203233,-0.12926168679676664,0.12926168679676664
SAT,DCA,SAT-DCA,12,4,0,6,192.0,1380.0,199.0,192.0,183.56364480575527,-8.436355194244726,15.436355194244726,15.436355194244726
DCA,DFW,DCA-DFW,12,4,0,11,217.0,1192.0,206.0,217.0,210.50030302887774,-6.499696971122262,-4.500303028877738,4.500303028877738
DCA,DFW,DCA-DFW,12,4,0,6,224.0,1192.0,215.0,224.0,214.5452167801123,-9.454783219887702,0.45478321988770176,0.45478321988770176
DCA,DFW,DCA-DFW,12,4,0,14,222.0,1192.0,227.0,222.0,211.84882209199068,-10.151177908009316,15.151177908009316,15.151177908009316
DFW,DCA,DFW-DCA,12,4,0,10,173.0,1192.0,171.0,173.0,166.81555350516314,-6.1844464948368625,4.1844464948368625,4.1844464948368625
CLT,RIC,CLT-RIC,12,4,0,16,78.0,257.0,62.0,78.0,70.73397866409917,-7.266021335900831,-8.733978664099169,8.733978664099169
RIC,CLT,RIC-CLT,12,4,0,18,88.0,257.0,74.0,88.0,79.6743860649365,-8.325613935063501,-5.674386064936499,5.674386064936499
ORF,DFW,ORF-DFW,12,4,0,15,228.0,1212.0,223.0,228.0,220.44443007155965,-7.555569928440349,2.555569928440349,2.555569928440349
DCA,MIA,DCA-MIA,12,4,0,14,173.0,919.0,179.0,173.0,162.95474114894176,-10.045258851058236,16.045258851058236,16.045258851058236
MCO,DCA,MCO-DCA,12,4,0,11,133.0,759.0,141.0,133.0,129.91686427842498,-3.083135721575019,11.083135721575019,11.083135721575019
DCA,MCO,DCA-MCO,12,4,0,8,142.0,759.0,166.0,142.0,141.38248711532134,-0.6175128846786606,24.61751288467866,24.61751288467866
ORF,DFW,ORF-DFW,12,4,0,6,231.0,1212.0,215.0,231.0,219.69202044987554,-11.307979550124458,-4.6920204498755425,4.6920204498755425
DFW,RIC,DFW-RIC,12,4,0,10,170.0,1158.0,162.0,170.0,163.50956657402676,-6.490433425973237,-1.5095665740267634,1.5095665740267634
RIC,DFW,RIC-DFW,12,4,0,15,219.0,1158.0,217.0,219.0,215.60526730608322,-3.3947326939167795,1.3947326939167795,1.3947326939167795
CLT,ORF,CLT-ORF,12,4,0,13,74.0,290.0,73.0,74.0,68.26116218111815,-5.738837818881848,4.738837818881848,4.738837818881848
ORF,CLT,ORF-CLT,12,4,0,15,92.0,290.0,92.0,92.0,84.37564364865733,-7.624356351342669,7.624356351342669,7.624356351342669
DFW,RIC,DFW-RIC,12,4,0,18,159.0,1158.0,155.0,159.0,158.55280921586882,-0.4471907841311804,-3.5528092158688196,3.5528092158688196
RIC,DFW,RIC-DFW,12,4,0,6,223.0,1158.0,220.0,223.0,216.45749327424272,-6.542506725757278,3.5425067257572778,3.5425067257572778
RIC,MIA,RIC-MIA,12,4,0,6,160.0,826.0,153.0,160.0,150.7363666837738,-9.26363331622619,2.2636333162261906,2.2636333162261906
BOS,DCA,BOS-DCA,12,4,0,7,124.0,399.0,108.0,124.0,111.31172695226063,-12.688273047739372,-3.311726952260628,3.311726952260628
DCA,DFW,DCA-DFW,12,4,0,10,228.0,1192.0,206.0,228.0,216.50141009085584,-11.498589909144158,-10.501410090855842,10.501410090855842
CLT,RIC,CLT-RIC,12,4,0,11,78.0,257.0,72.0,78.0,68.43318893223534,-9.566811067764661,3.566811067764661,3.566811067764661
RIC,CLT,RIC-CLT,12,4,0,14,85.0,257.0,77.0,85.0,77.64931555371926,-7.350684446280738,-0.6493155537192621,0.6493155537192621
MIA,DCA,MIA-DCA,12,4,0,6,149.0,919.0,132.0,149.0,147.94721307343616,-1.05278692656384,-15.94721307343616,15.94721307343616
DCA,MIA,DCA-MIA,12,4,0,9,165.0,919.0,163.0,165.0,159.57403164899668,-5.42596835100332,3.42596835100332,3.42596835100332
DCA,MIA,DCA-MIA,12,4,0,19,177.0,919.0,164.0,177.0,164.15612864088877,-12.843871359111233,-0.15612864088876677,0.15612864088876677
MIA,DCA,MIA-DCA,12,4,0,16,151.0,919.0,163.0,151.0,149.81296063034694,-1.1870393696530641,13.187039369653064,13.187039369653064
MCO,DCA,MCO-DCA,12,4,0,20,132.0,759.0,137.0,132.0,129.34452421979867,-2.6554757802013285,7.6554757802013285,7.6554757802013285
DCA,DFW,DCA-DFW,12,4,0,12,222.0,1192.0,208.0,222.0,211.78810964517587,-10.211890354824135,-3.788109645175865,3.788109645175865
DFW,DCA,DFW-DCA,12,4,0,8,170.0,1192.0,165.0,170.0,167.1562910413012,-2.8437089586988122,-2.1562910413011878,2.1562910413011878
DCA,BOS,DCA-BOS,12,4,0,20,91.0,399.0,105.0,91.0,95.33076174081319,4.3307617408131875,9.669238259186812,9.669238259186812
DFW,DCA,DFW-DCA,12,4,0,15,165.0,1192.0,159.0,165.0,166.0155490008447,1.0155490008446861,-7.015549000844686,7.015549000844686
DCA,CLT,DCA-CLT,12,5,0,8,94.0,331.0,92.0,94.0,88.13576374028817,-5.864236259711831,3.8642362597118307,3.8642362597118307
CLT,DCA,CLT-DCA,12,5,0,18,83.0,331.0,72.0,83.0,92.4688474024738,9.468847402473799,-20.4688474024738,20.4688474024738
DFW,RIC,DFW-RIC,12,5,0,18,163.0,1158.0,148.0,163.0,159.4805951723345,-3.519404827665511,-11.480595172334489,11.480595172334489
DCA,PBI,DCA-PBI,12,5,0,14,163.0,857.0,158.0,163.0,151.9462770905589,-11.053722909441092,6.053722909441092,6.053722909441092
PBI,DCA,PBI-DCA,12,5,0,18,148.0,857.0,127.0,148.0,146.98162428955683,-1.0183757104431663,-19.981624289556834,19.981624289556834
DCA,TPA,DCA-TPA,12,5,0,8,150.0,814.0,191.0,150.0,145.24477198225404,-4.755228017745964,45.755228017745964,45.755228017745964
TPA,DCA,TPA-DCA,12,5,0,11,135.0,814.0,124.0,135.0,130.3266009781474,-4.673399021852589,-6.326600978147411,6.326600978147411
CLT,RIC,CLT-RIC,12,5,0,15,71.0,257.0,69.0,71.0,68.51026634620578,-2.489733653794218,0.48973365379421807,0.48973365379421807
RIC,CLT,RIC-CLT,12,5,0,17,86.0,257.0,73.0,86.0,79.58272230244873,-6.41727769755127,-6.58272230244873,6.58272230244873
DCA,DFW,DCA-DFW,12,5,0,6,224.0,1192.0,228.0,224.0,214.45355301762456,-9.546446982375443,13.546446982375443,13.546446982375443
CLT,ORF,CLT-ORF,12,5,0,12,74.0,290.0,66.0,74.0,68.16949841863038,-5.830501581369617,-2.1694984186303827,2.1694984186303827
ORF,CLT,ORF-CLT,12,5,0,14,92.0,290.0,85.0,92.0,82.1271258858535,-9.872874114146498,2.872874114146498,2.872874114146498
MIA,DCA,MIA-DCA,12,5,0,17,153.0,919.0,149.0,153.0,151.34112258674062,-1.6588774132593755,-2.3411225867406245,2.3411225867406245
ORF,MIA,ORF-MIA,12,5,0,5,146.0,802.0,135.0,146.0,137.49557448387435,-8.50442551612565,-2.49557448387435,2.49557448387435
DCA,MIA,DCA-MIA,12,5,0,7,172.0,919.0,166.0,172.0,162.18505165463776,-9.81494834536224,3.8149483453622395,3.8149483453622395
DCA,DFW,DCA-DFW,12,5,0,17,229.0,1192.0,211.0,229.0,218.7829575966642,-10.217042403335796,-7.782957596664204,7.782957596664204
ORD,DCA,ORD-DCA,12,5,0,12,120.0,612.0,110.0,120.0,119.97708243334782,-0.022917566652182586,-9.977082433347817,9.977082433347817
TPA,DCA,TPA-DCA,12,5,0,18,135.0,814.0,119.0,135.0,132.60297795862698,-2.3970220413730203,-13.60297795862698,13.60297795862698
RIC,MIA,RIC-MIA,12,5,0,6,160.0,826.0,155.0,160.0,150.64470292128607,-9.355297078713932,4.355297078713932,4.355297078713932
MIA,ORF,MIA-ORF,12,5,0,21,144.0,802.0,129.0,144.0,133.38298901019988,-10.617010989800121,-4.3829890101998785,4.3829890101998785
DCA,ORD,DCA-ORD,12,5,0,6,139.0,612.0,148.0,139.0,133.57127356490872,-5.428726435091278,14.428726435091278,14.428726435091278
DCA,MCO,DCA-MCO,12,5,0,6,144.0,759.0,135.0,144.0,142.1029809980056,-1.8970190019944084,-7.102980998005592,7.102980998005592
DFW,IAD,DFW-IAD,12,5,0,19,170.0,1172.0,161.0,170.0,166.8140192151494,-3.1859807848506136,-5.814019215149386,5.814019215149386
MIA,DCA,MIA-DCA,12,5,0,21,165.0,919.0,140.0,165.0,158.2054582034431,-6.794541796556899,-18.2054582034431,18.2054582034431
DCA,MIA,DCA-MIA,12,5,0,5,162.0,919.0,152.0,162.0,153.39255287262225,-8.607447127377753,-1.3925528726222467,1.3925528726222467
DCA,MIA,DCA-MIA,12,5,0,5,160.0,919.0,154.0,160.0,152.37310315366884,-7.626896846331164,1.6268968463311637,1.6268968463311637
ORD,DCA,ORD-DCA,12,5,0,20,121.0,612.0,142.0,121.0,115.50266847512653,-5.4973315248734735,26.497331524873474,26.497331524873474
BOS,DCA,BOS-DCA,12,5,0,6,111.0,399.0,91.0,111.0,105.606699946325,-5.393300053675006,-14.606699946324994,14.606699946324994
DCA,DFW,DCA-DFW,12,5,0,10,228.0,1192.0,228.0,228.0,216.4097463283681,-11.5902536716319,11.5902536716319,11.5902536716319
PHX,DCA,PHX-DCA,12,5,0,14,249.0,1979.0,257.0,249.0,243.48350938604483,-5.51649061395517,13.51649061395517,13.51649061395517
DCA,PHX,DCA-PHX,12,5,0,7,322.0,1979.0,319.0,322.0,306.6813642744318,-15.318635725568186,12.318635725568186,12.318635725568186
DCA,LAS,DCA-LAS,12,5,0,7,330.0,2089.0,340.0,330.0,318.39437308472696,-11.605626915273035,21.605626915273035,21.605626915273035
LAS,DCA,LAS-DCA,12,5,0,13,269.0,2089.0,244.0,269.0,263.85661428908173,-5.143385710918267,-19.856614289081733,19.856614289081733
DCA,PHX,DCA-PHX,12,5,0,16,306.0,1979.0,295.0,306.0,296.34618810691165,-9.653811893088346,-1.3461881069116544,1.3461881069116544
PHX,DCA,PHX-DCA,12,5,0,9,257.0,1979.0,245.0,257.0,246.84631711538438,-10.15368288461562,-1.8463171153843803,1.8463171153843803
DCA,LAX,DCA-LAX,12,5,0,17,356.0,2311.0,378.0,356.0,345.06980075449815,-10.930199245501854,32.93019924550185,32.93019924550185
LAX,DCA,LAX-DCA,12,5,0,7,296.0,2311.0,281.0,296.0,285.15411672352116,-10.845883276478844,-4.154116723521156,4.154116723521156
LAX,DCA,LAX-DCA,12,5,0,12,294.0,2311.0,281.0,294.0,282.36206188477064,-11.63793811522936,-1.3620618847706396,1.3620618847706396
PHX,DCA,PHX-DCA,12,5,0,0,243.0,1979.0,235.0,243.0,236.21664760300476,-6.783352396995241,-1.216647603004759,1.216647603004759
DCA,LAX,DCA-LAX,12,5,0,8,366.0,2311.0,358.0,366.0,350.0640236742606,-15.935976325739375,7.935976325739375,7.935976325739375
DCA,PHX,DCA-PHX,12,5,0,10,316.0,1979.0,302.0,316.0,305.5383239185738,-10.46167608142622,-3.5383239185737807,3.5383239185737807
DCA,CLT,DCA-CLT,12,5,0,19,96.0,331.0,91.0,96.0,89.36478544206572,-6.635214557934276,1.635214557934276,1.635214557934276
CLT,DCA,CLT-DCA,12,5,0,9,85.0,331.0,89.0,85.0,91.90975133612704,6.909751336127044,-2.9097513361270444,2.9097513361270444
DCA,ORD,DCA-ORD,12,5,0,11,133.0,612.0,130.0,133.0,127.34676695900217,-5.653233040997833,2.653233040997833,2.653233040997833
ORD,DCA,ORD-DCA,12,5,0,15,122.0,612.0,117.0,122.0,118.51311778066986,-3.486882219330141,-1.5131177806698588,1.5131177806698588
CLT,IAD,CLT-IAD,12,5,0,12,84.0,322.0,75.0,84.0,77.85707994923663,-6.142920050763365,-2.8570799492366348,2.8570799492366348
IAD,CLT,IAD-CLT,12,5,0,14,93.0,322.0,85.0,93.0,84.10616309224982,-8.893836907750185,0.8938369077501847,0.8938369077501847
DCA,CLT,DCA-CLT,12,5,0,6,98.0,331.0,78.0,98.0,90.574397525857,-7.425602474143005,-12.574397525856995,12.574397525856995
DCA,ORD,DCA-ORD,12,5,0,9,134.0,612.0,130.0,134.0,126.86774052094904,-7.132259479050958,3.1322594790509584,3.1322594790509584
CHS,DCA,CHS-DCA,12,5,0,6,94.0,444.0,82.0,94.0,90.05612203736568,-3.9438779626343177,-8.056122037365682,8.056122037365682
DCA,PBI,DCA-PBI,12,5,0,7,153.0,857.0,158.0,153.0,146.6437576337413,-6.356242366258698,11.356242366258698,11.356242366258698
PBI,DCA,PBI-DCA,12,5,0,11,148.0,857.0,139.0,148.0,144.63462883466116,-3.3653711653388427,-5.634628834661157,5.634628834661157
DCA,PWM,DCA-PWM,12,5,0,22,90.0,482.0,90.0,90.0,86.67783277883058,-3.3221672211694226,3.3221672211694226,3.3221672211694226
DCA,FLL,DCA-FLL,12,5,0,15,170.0,899.0,165.0,170.0,160.53942675217377,-9.460573247826233,4.4605732478262325,4.4605732478262325
FLL,DCA,FLL-DCA,12,5,0,18,154.0,899.0,137.0,154.0,149.60228442830405,-4.397715571695954,-12.602284428304046,12.602284428304046
CLT,DCA,CLT-DCA,12,5,0,7,82.0,331.0,76.0,82.0,92.90335764673482,10.903357646734818,-16.90335764673482,16.90335764673482
DCA,PWM,DCA-PWM,12,5,0,14,91.0,482.0,82.0,91.0,92.11551094243809,1.1155109424380925,-10.115510942438092,10.115510942438092
PWM,DCA,PWM-DCA,12,5,0,17,117.0,482.0,105.0,117.0,110.1831027132004,-6.816897286799602,-5.183102713200398,5.183102713200398
DCA,SYR,DCA-SYR,12,5,0,10,88.0,298.0,77.0,88.0,77.9100154122266,-10.089984587773401,-0.9100154122265991,0.9100154122265991
SYR,DCA,SYR-DCA,12,5,0,12,91.0,298.0,104.0,91.0,83.29600175549922,-7.703998244500781,20.70399824450078,20.70399824450078
DCA,BNA,DCA-BNA,12,5,0,20,126.0,562.0,123.0,126.0,116.66138201798304,-9.338617982016956,6.338617982016956,6.338617982016956
JAX,DCA,JAX-DCA,12,5,0,7,116.0,634.0,114.0,116.0,114.21731797569794,-1.782682024302062,-0.21731797569793798,0.21731797569793798
DCA,PBI,DCA-PBI,12,5,0,10,156.0,857.0,153.0,156.0,148.21035076649775,-7.789649233502246,4.789649233502246,4.789649233502246
PBI,DCA,PBI-DCA,12,5,0,13,147.0,857.0,130.0,147.0,142.9726295250694,-4.027370474930592,-12.972629525069408,12.972629525069408
DCA,PBI,DCA-PBI,12,5,0,16,154.0,857.0,153.0,154.0,148.5445341144416,-5.455465885558397,4.455465885558397,4.455465885558397
PBI,DCA,PBI-DCA,12,5,0,20,147.0,857.0,135.0,147.0,142.60381043517347,-4.396189564826528,-7.603810435173472,7.603810435173472
DCA,CLT,DCA-CLT,12,5,0,5,89.0,331.0,79.0,89.0,80.97639581553236,-8.023604184467644,-1.9763958155323564,1.9763958155323564
IAD,CLT,IAD-CLT,12,5,0,7,93.0,322.0,97.0,93.0,88.28547915306757,-4.71452084693243,8.71452084693243,8.71452084693243
CLT,DCA,CLT-DCA,12,5,0,20,84.0,331.0,82.0,84.0,91.30875920497155,7.308759204971551,-9.308759204971551,9.308759204971551
DCA,BOS,DCA-BOS,12,5,0,15,90.0,399.0,87.0,90.0,93.67471693222946,3.674716932229458,-6.674716932229458,6.674716932229458
DCA,PWM,DCA-PWM,12,5,0,10,93.0,482.0,95.0,93.0,91.22748695027352,-1.7725130497264843,3.7725130497264843,3.7725130497264843
PWM,DCA,PWM-DCA,12,5,0,12,121.0,482.0,112.0,121.0,114.14768241504538,-6.852317584954619,-2.147682415045381,2.147682415045381
BNA,DCA,BNA-DCA,12,5,0,6,109.0,562.0,94.0,109.0,107.10191863407148,-1.898081365928519,-13.101918634071481,13.101918634071481
DCA,TPA,DCA-TPA,12,5,0,20,153.0,814.0,148.0,153.0,146.64741423152503,-6.352585768474967,1.3525857684749667,1.3525857684749667
BOS,DCA,BOS-DCA,12,5,0,6,109.0,399.0,93.0,109.0,102.29678977380436,-6.703210226195637,-9.296789773804363,9.296789773804363
DCA,TPA,DCA-TPA,12,5,0,13,152.0,814.0,165.0,152.0,145.5101712409886,-6.489828759011402,19.489828759011402,19.489828759011402
TPA,DCA,TPA-DCA,12,5,0,17,134.0,814.0,115.0,134.0,132.60297795862698,-1.3970220413730203,-17.60297795862698,17.60297795862698
BOS,DCA,BOS-DCA,12,5,0,11,107.0,399.0,112.0,107.0,101.88843616311901,-5.11156383688099,10.11156383688099,10.11156383688099
DCA,BOS,DCA-BOS,12,5,0,8,101.0,399.0,107.0,101.0,100.88099272030595,-0.11900727969404556,6.119007279694046,6.119007279694046
CLT,DCA,CLT-DCA,12,5,0,21,95.0,331.0,67.0,95.0,85.52756271535127,-9.472437284648734,-18.527562715351266,18.527562715351266
DCA,JAX,DCA-JAX,12,5,0,15,126.0,634.0,127.0,126.0,121.60277213172316,-4.397227868276843,5.397227868276843,5.397227868276843
JAX,DCA,JAX-DCA,12,5,0,18,116.0,634.0,104.0,116.0,115.25235607994502,-0.7476439200549834,-11.252356079945017,11.252356079945017
DCA,BOS,DCA-BOS,12,5,0,11,89.0,399.0,78.0,89.0,91.70866589017321,2.708665890173208,-13.708665890173208,13.708665890173208
BOS,DCA,BOS-DCA,12,5,0,9,109.0,399.0,95.0,109.0,101.29941656583085,-7.700583434169147,-6.299416565830853,6.299416565830853
BOS,DCA,BOS-DCA,12,5,0,7,124.0,399.0,109.0,124.0,111.22006318977286,-12.779936810227142,-2.2200631897728584,2.2200631897728584
BOS,DCA,BOS-DCA,12,5,0,20,110.0,399.0,95.0,110.0,103.11884316681409,-6.881156833185912,-8.118843166814088,8.118843166814088
DCA,BOS,DCA-BOS,12,5,0,18,84.0,399.0,95.0,84.0,93.26976389955068,9.269763899550682,1.7302361004493179,1.7302361004493179
DCA,FLL,DCA-FLL,12,5,0,10,177.0,899.0,166.0,177.0,160.42182137056025,-16.578178629439748,5.578178629439748,5.578178629439748
FLL,DCA,FLL-DCA,12,5,0,13,153.0,899.0,138.0,153.0,147.8669940246098,-5.133005975390205,-9.866994024609795,9.866994024609795
BOS,DCA,BOS-DCA,12,5,0,17,111.0,399.0,111.0,111.0,106.90265950299077,-4.0973404970092275,4.0973404970092275,4.0973404970092275
DCA,BOS,DCA-BOS,12,5,0,14,90.0,399.0,96.0,90.0,92.84305736183667,2.843057361836671,3.156942638163329,3.156942638163329
DCA,ORD,DCA-ORD,12,5,0,19,143.0,612.0,140.0,143.0,137.16268855920075,-5.837311440799255,2.8373114407992546,2.8373114407992546
ORD,DCA,ORD-DCA,12,5,0,11,113.0,612.0,109.0,113.0,113.67296892324742,0.6729689232474243,-4.672968923247424,4.672968923247424
DCA,ORD,DCA-ORD,12,5,0,15,146.0,612.0,135.0,146.0,140.53875738854836,-5.461242611451638,-5.538757388548362,5.538757388548362
CLT,RIC,CLT-RIC,12,5,0,8,74.0,257.0,65.0,74.0,68.45909666378435,-5.540903336215649,-3.4590966637843508,3.4590966637843508
RIC,CLT,RIC-CLT,12,5,0,10,86.0,257.0,72.0,86.0,76.49104300785802,-9.508956992141975,-4.491043007858025,4.491043007858025
CLT,DCA,CLT-DCA,12,5,0,12,87.0,331.0,109.0,87.0,92.88683215795601,5.8868321579560074,16.113167842043993,16.113167842043993
DCA,CLT,DCA-CLT,12,5,0,17,102.0,331.0,95.0,102.0,94.39862353102816,-7.601376468971836,0.6013764689718357,0.6013764689718357
ORD,DCA,ORD-DCA,12,5,0,6,115.0,612.0,98.0,115.0,115.36000188470936,0.36000188470936223,-17.360001884709362,17.360001884709362
DCA,RSW,DCA-RSW,12,5,0,10,166.0,892.0,156.0,166.0,156.68278758238105,-9.317212417618947,-0.682787582381053,0.682787582381053
RSW,DCA,RSW-DCA,12,5,0,13,147.0,892.0,142.0,147.0,143.77853058603256,-3.2214694139674407,-1.7785305860325593,1.7785305860325593
TPA,DCA,TPA-DCA,12,5,0,6,136.0,814.0,122.0,136.0,134.23512213649255,-1.7648778635074507,-12.23512213649255,12.23512213649255
DCA,JAX,DCA-JAX,12,5,0,19,131.0,634.0,128.0,131.0,128.42469697117428,-2.575303028825715,-0.42469697117428495,0.42469697117428495
DCA,SRQ,DCA-SRQ,12,5,0,8,158.0,851.0,168.0,158.0,151.1395030314069,-6.860496968593111,16.86049696859311,16.86049696859311
SRQ,DCA,SRQ-DCA,12,5,0,11,149.0,851.0,138.0,149.0,144.63462883466116,-4.365371165338843,-6.634628834661157,6.634628834661157
BDL,DCA,BDL-DCA,12,5,0,17,89.0,313.0,92.0,89.0,82.06464904622675,-6.935350953773252,9.935350953773252,9.935350953773252
DCA,BDL,DCA-BDL,12,5,0,15,88.0,313.0,78.0,88.0,79.80828376599285,-8.191716234007146,-1.8082837659928543,1.8082837659928543
RIC,CLT,RIC-CLT,12,5,0,6,87.0,257.0,100.0,87.0,77.31658525651436,-9.683414743485642,22.683414743485642,22.683414743485642
DCA,PVD,DCA-PVD,12,5,0,13,78.0,356.0,75.0,78.0,77.74884353178457,-0.25115646821542725,-2.7488435317845727,2.7488435317845727
PVD,DCA,PVD-DCA,12,5,0,15,96.0,356.0,86.0,96.0,93.27172144336494,-2.728278556635061,-7.271721443364939,7.271721443364939
BNA,DCA,BNA-DCA,12,5,0,20,108.0,562.0,95.0,108.0,106.85658705359317,-1.1434129464068263,-11.856587053593174,11.856587053593174
DCA,BNA,DCA-BNA,12,5,0,17,120.0,562.0,122.0,120.0,118.24953600614693,-1.7504639938530744,3.7504639938530744,3.7504639938530744
DCA,RSW,DCA-RSW,12,5,0,6,157.0,892.0,165.0,157.0,148.77036141153926,-8.229638588460745,16.229638588460745,16.229638588460745
RSW,DCA,RSW-DCA,12,5,0,10,147.0,892.0,130.0,147.0,142.16982840861107,-4.8301715913889325,-12.169828408611068,12.169828408611068
DFW,DCA,DFW-DCA,12,5,0,5,169.0,1192.0,149.0,169.0,164.45994192530495,-4.540058074695054,-15.459941925304946,15.459941925304946
DCA,TPA,DCA-TPA,12,5,0,10,168.0,814.0,167.0,168.0,154.54973317739297,-13.450266822607034,12.450266822607034,12.450266822607034
BOS,DCA,BOS-DCA,12,5,0,14,111.0,399.0,100.0,111.0,105.67593552172495,-5.324064478275048,-5.675935521724952,5.675935521724952
DCA,BOS,DCA-BOS,12,5,0,17,98.0,399.0,107.0,98.0,99.71180072253138,1.711800722531379,7.288199277468621,7.288199277468621
ORF,DFW,ORF-DFW,12,5,0,6,231.0,1212.0,222.0,231.0,219.6003566873878,-11.399643312612199,2.3996433126121985,2.3996433126121985
CLT,IAD,CLT-IAD,12,5,0,21,83.0,322.0,71.0,83.0,77.29602314890712,-5.703976851092875,-6.296023148907125,6.296023148907125
RIC,DFW,RIC-DFW,12,5,0,15,219.0,1158.0,205.0,219.0,215.51360354359548,-3.4863964564045204,-10.51360354359548,10.51360354359548
DFW,ORF,DFW-ORF,12,5,0,18,167.0,1212.0,152.0,167.0,165.39554508710097,-1.6044549128990298,-13.39554508710097,13.39554508710097
CLT,ORF,CLT-ORF,12,5,0,8,74.0,290.0,65.0,74.0,68.38637981398854,-5.61362018601146,-3.3863798139885404,3.3863798139885404
ORF,CLT,ORF-CLT,12,5,0,10,91.0,290.0,89.0,91.0,81.47845728167229,-9.521542718327709,7.521542718327709,7.521542718327709
ORF,CLT,ORF-CLT,12,5,0,6,89.0,290.0,102.0,89.0,79.67396570049748,-9.326034299502524,22.326034299502524,22.326034299502524
CLT,RIC,CLT-RIC,12,5,0,13,72.0,257.0,63.0,72.0,67.56763174819109,-4.43236825180891,-4.56763174819109,4.56763174819109
PWM,DCA,PWM-DCA,12,5,0,5,120.0,482.0,117.0,120.0,112.23570328354052,-7.764296716459484,4.764296716459484,4.764296716459484
DCA,BOS,DCA-BOS,12,5,0,22,89.0,399.0,89.0,89.0,88.83999255972576,-0.16000744027424219,0.16000744027424219,0.16000744027424219
DCA,VPS,DCA-VPS,12,5,0,8,156.0,789.0,176.0,156.0,148.8162772285028,-7.183722771497202,27.1837227714972,27.1837227714972
VPS,DCA,VPS-DCA,12,5,0,10,130.0,789.0,129.0,130.0,128.6310766612112,-1.3689233387887896,0.3689233387887896,0.3689233387887896
DCA,RSW,DCA-RSW,12,5,0,14,168.0,892.0,153.0,168.0,158.28435102542008,-9.71564897457992,-5.284351025420079,5.284351025420079
RSW,DCA,RSW-DCA,12,5,0,18,149.0,892.0,143.0,149.0,147.78752535051999,-1.212474649480015,-4.787525350519985,4.787525350519985
SAT,DCA,SAT-DCA,12,5,0,6,192.0,1380.0,176.0,192.0,183.47198104326753,-8.528018956732467,-7.471981043267533,7.471981043267533
DCA,BOS,DCA-BOS,12,5,0,20,91.0,399.0,90.0,91.0,95.33076174081319,4.3307617408131875,-5.3307617408131875,5.3307617408131875
DFW,DCA,DFW-DCA,12,5,0,15,166.0,1192.0,151.0,166.0,165.92388523835695,-0.07611476164305486,-14.923885238356945,14.923885238356945
DCA,DFW,DCA-DFW,12,5,0,11,217.0,1192.0,208.0,217.0,210.40863926639,-6.591360733610003,-2.408639266389997,2.408639266389997
DCA,CHS,DCA-CHS,12,5,0,19,107.0,444.0,106.0,107.0,102.89835067883469,-4.101649321165311,3.1016493211653113,3.1016493211653113
CHS,DCA,CHS-DCA,12,5,0,17,97.0,444.0,93.0,97.0,96.44333316161895,-0.556666838381048,-3.443333161618952,3.443333161618952
DCA,CHS,DCA-CHS,12,5,0,14,98.0,444.0,104.0,98.0,97.21946976480007,-0.780530235199933,6.780530235199933,6.780530235199933
DCA,MSY,DCA-MSY,12,5,0,6,178.0,969.0,181.0,178.0,164.25388606942747,-13.746113930572534,16.746113930572534,16.746113930572534
MSY,DCA,MSY-DCA,12,5,0,9,148.0,969.0,134.0,148.0,146.95689012418268,-1.043109875817322,-12.956890124182678,12.956890124182678
MCO,DCA,MCO-DCA,12,5,0,15,136.0,759.0,121.0,136.0,134.8470407696562,-1.1529592303438108,-13.84704076965619,13.84704076965619
DCA,TPA,DCA-TPA,12,5,0,18,148.0,814.0,148.0,148.0,146.71653695153128,-1.2834630484687182,1.2834630484687182,1.2834630484687182
DCA,MCO,DCA-MCO,12,5,0,11,148.0,759.0,148.0,148.0,145.59239736756197,-2.407602632438028,2.407602632438028,2.407602632438028
DFW,DCA,DFW-DCA,12,5,0,7,170.0,1192.0,152.0,170.0,166.91269120764267,-3.0873087923573337,-14.912691207642666,14.912691207642666
DCA,MIA,DCA-MIA,12,5,0,19,177.0,919.0,170.0,177.0,164.06446487840103,-12.935535121598974,5.935535121598974,5.935535121598974
MIA,DCA,MIA-DCA,12,5,0,16,151.0,919.0,146.0,151.0,149.7212968678592,-1.278703132140805,-3.721296867859195,3.721296867859195
DCA,MIA,DCA-MIA,12,5,0,8,167.0,919.0,181.0,167.0,159.5117755904087,-7.488224409591311,21.48822440959131,21.48822440959131
DCA,DFW,DCA-DFW,12,5,0,7,219.0,1192.0,234.0,219.0,212.20176710577178,-6.798232894228221,21.79823289422822,21.79823289422822
DCA,DFW,DCA-DFW,12,5,0,14,222.0,1192.0,226.0,222.0,211.75715832950294,-10.242841670497057,14.242841670497057,14.242841670497057
MCO,DCA,MCO-DCA,12,5,0,11,133.0,759.0,126.0,133.0,129.82520051593724,-3.17479948406276,-3.82520051593724,3.82520051593724
DFW,DCA,DFW-DCA,12,5,0,17,165.0,1192.0,159.0,165.0,166.17573449125624,1.175734491256236,-7.175734491256236,7.175734491256236
DFW,RIC,DFW-RIC,12,5,0,10,170.0,1158.0,156.0,170.0,163.41790281153902,-6.582097188460978,-7.417902811539022,7.417902811539022
RIC,CLT,RIC-CLT,12,5,0,15,86.0,257.0,84.0,86.0,78.38931136162428,-7.61068863837572,5.61068863837572,5.61068863837572
IAD,DFW,IAD-DFW,12,5,0,6,223.0,1172.0,218.0,223.0,205.8662668705799,-17.133733129420108,12.133733129420108,12.133733129420108
MIA,DCA,MIA-DCA,12,5,0,6,149.0,919.0,147.0,149.0,147.85554931094842,-1.144450689051581,-0.8555493109484189,0.8555493109484189
DCA,MIA,DCA-MIA,12,5,0,9,165.0,919.0,168.0,165.0,159.48236788650894,-5.517632113491061,8.51763211349106,8.51763211349106
DCA,MIA,DCA-MIA,12,5,0,17,167.0,919.0,168.0,167.0,161.2905390485055,-5.709460951494492,6.709460951494492,6.709460951494492
MIA,DCA,MIA-DCA,12,5,0,14,147.0,919.0,141.0,147.0,145.81991615855864,-1.180083841441359,-4.819916158558641,4.819916158558641
CLT,RIC,CLT-RIC,12,5,0,21,73.0,257.0,63.0,73.0,67.1479560306922,-5.8520439693078,-4.1479560306922,4.1479560306922
DFW,ORF,DFW-ORF,12,5,0,10,175.0,1212.0,146.0,175.0,166.74951755792625,-8.250482442073746,-20.749517557926254,20.749517557926254
ORF,DFW,ORF-DFW,12,5,0,15,228.0,1212.0,211.0,228.0,220.3527663090719,-7.64723369092809,-9.35276630907191,9.35276630907191
RIC,CLT,RIC-CLT,12,5,0,7,87.0,257.0,92.0,87.0,77.48841621583153,-9.511583784168465,14.511583784168465,14.511583784168465
DFW,IAD,DFW-IAD,12,5,0,12,174.0,1172.0,155.0,174.0,168.7926735066655,-5.207326493334506,-13.792673506665494,13.792673506665494
IAD,DFW,IAD-DFW,12,5,0,17,222.0,1172.0,203.0,222.0,204.68788483648717,-17.31211516351283,-1.6878848364871715,1.6878848364871715
MIA,DCA,MIA-DCA,12,5,0,8,150.0,919.0,146.0,150.0,148.21243302664644,-1.787566973353563,-2.212433026646437,2.212433026646437
DCA,MIA,DCA-MIA,12,5,0,11,164.0,919.0,156.0,164.0,159.96139432456212,-4.0386056754378785,-3.9613943245621215,3.9613943245621215
MIA,RIC,MIA-RIC,12,5,0,21,144.0,826.0,130.0,144.0,137.1066473021437,-6.893352697856301,-7.106647302143699,7.106647302143699
DFW,DCA,DFW-DCA,12,5,0,10,169.0,1192.0,167.0,169.0,163.3065320162544,-5.693467983745592,3.6934679837455917,3.6934679837455917
DCA,MIA,DCA-MIA,12,5,0,14,173.0,919.0,164.0,173.0,162.86307738645402,-10.136922613545977,1.136922613545977,1.136922613545977
DFW,DCA,DFW-DCA,12,5,0,19,171.0,1192.0,174.0,171.0,167.94829131285627,-3.05170868714373,6.05170868714373,6.05170868714373
DCA,DFW,DCA-DFW,12,5,0,8,232.0,1192.0,224.0,232.0,218.21362588912075,-13.786374110879251,5.786374110879251,5.786374110879251
DCA,DFW,DCA-DFW,12,5,0,12,222.0,1192.0,220.0,222.0,211.69644588268812,-10.303554117311876,8.303554117311876,8.303554117311876
DFW,DCA,DFW-DCA,12,5,0,8,170.0,1192.0,151.0,170.0,167.06462727881345,-2.9353727211865532,-16.064627278813447,16.064627278813447
MIA,DCA,MIA-DCA,12,5,0,11,156.0,919.0,142.0,156.0,151.50194407015277,-4.498055929847226,-9.501944070152774,9.501944070152774
DCA,MCO,DCA-MCO,12,5,0,15,156.0,759.0,179.0,156.0,151.83707411600673,-4.1629258839932675,27.162925883993267,27.162925883993267
MCO,DCA,MCO-DCA,12,5,0,19,133.0,759.0,121.0,133.0,131.09111347788493,-1.9088865221150684,-10.091113477884932,10.091113477884932
DCA,DFW,DCA-DFW,12,5,0,18,217.0,1192.0,233.0,217.0,212.33614343874143,-4.663856561258569,20.66385656125857,20.66385656125857
CLT,DCA,CLT-DCA,12,5,0,16,86.0,331.0,70.0,86.0,92.517049108226,6.517049108226004,-22.517049108226004,22.517049108226004
CLT,ORF,CLT-ORF,12,5,0,21,78.0,290.0,62.0,78.0,65.91302301071434,-12.08697698928566,-3.9130230107143404,3.9130230107143404
MIA,DCA,MIA-DCA,12,5,0,20,152.0,919.0,150.0,152.0,148.19301367579263,-3.8069863242073723,1.8069863242073723,1.8069863242073723
DCA,MCO,DCA-MCO,12,5,0,17,157.0,759.0,170.0,157.0,152.05068640876507,-4.949313591234926,17.949313591234926,17.949313591234926
DFW,DCA,DFW-DCA,12,5,0,12,174.0,1192.0,165.0,174.0,170.00774331004794,-3.9922566899520575,-5.0077433100479425,5.0077433100479425
MCO,DCA,MCO-DCA,12,5,0,20,132.0,759.0,124.0,132.0,129.25286045731093,-2.7471395426890695,-5.2528604573109305,5.2528604573109305
MIA,DCA,MIA-DCA,12,5,0,10,157.0,919.0,137.0,157.0,150.9129244728646,-6.087075527135397,-13.912924472864603,13.912924472864603
DCA,CLT,DCA-CLT,12,5,0,13,91.0,331.0,99.0,91.0,87.69142047870594,-3.308579521294064,11.308579521294064,11.308579521294064
CLT,RIC,CLT-RIC,12,5,0,20,81.0,257.0,61.0,81.0,75.98155927472592,-5.0184407252740755,-14.981559274725925,14.981559274725925
MCO,DCA,MCO-DCA,12,5,0,6,134.0,759.0,127.0,134.0,130.34354728585765,-3.656452714142347,-3.343547285857653,3.343547285857653
DCA,CLT,DCA-CLT,12,5,0,10,109.0,331.0,107.0,109.0,94.7912158977178,-14.208784102282195,12.208784102282195,12.208784102282195
TPA,DCA,TPA-DCA,12,5,0,14,134.0,814.0,125.0,134.0,131.32299552478798,-2.6770044752120157,-6.322995524787984,6.322995524787984
DCA,MIA,DCA-MIA,12,5,0,17,177.0,919.0,165.0,177.0,164.61144856023074,-12.388551439769259,0.3885514397692589,0.3885514397692589
RIC,DFW,RIC-DFW,12,5,0,6,223.0,1158.0,220.0,223.0,216.36582951175498,-6.634170488245019,3.6341704882450188,3.6341704882450188
MIA,DCA,MIA-DCA,12,5,0,18,153.0,919.0,145.0,153.0,151.34112258674062,-1.6588774132593755,-6.3411225867406245,6.3411225867406245
DCA,MCO,DCA-MCO,12,5,0,8,142.0,759.0,148.0,142.0,141.2908233528336,-0.7091766471664016,6.709176647166402,6.709176647166402
DCA,SAT,DCA-SAT,12,5,0,19,231.0,1380.0,213.0,231.0,218.53665924993786,-12.463340750062144,-5.5366592499378555,5.5366592499378555
DFW,DCA,DFW-DCA,12,5,0,14,167.0,1192.0,159.0,167.0,164.80708321901636,-2.192916780983637,-5.807083219016363,5.807083219016363
DCA,TPA,DCA-TPA,12,6,1,8,159.0,814.0,142.0,159.0,148.40854980952392,-10.591450190476081,-6.408549809523919,6.408549809523919
TPA,DCA,TPA-DCA,12,6,1,11,135.0,814.0,129.0,135.0,127.86051603308913,-7.139483966910873,1.1394839669108734,1.1394839669108734
DCA,CLT,DCA-CLT,12,6,1,19,108.0,331.0,90.0,108.0,94.95030056170617,-13.049699438293828,-4.950300561706172,4.950300561706172
CLT,DCA,CLT-DCA,12,6,1,9,90.0,331.0,84.0,90.0,89.12593025709033,-0.8740697429096684,-5.125930257090332,5.125930257090332
DCA,ORD,DCA-ORD,12,6,1,11,133.0,612.0,134.0,133.0,124.88068201394377,-8.119317986056231,9.119317986056231,9.119317986056231
ORD,DCA,ORD-DCA,12,6,1,15,122.0,612.0,103.0,122.0,116.04703283561163,-5.952967164388369,-13.047032835611631,13.047032835611631
RIC,DFW,RIC-DFW,12,6,1,6,223.0,1158.0,213.0,223.0,216.00470464768225,-6.995295352317754,-3.004704647682246,3.004704647682246
DCA,CLT,DCA-CLT,12,6,1,8,94.0,331.0,99.0,94.0,86.49881483956919,-7.501185160430808,12.501185160430808,12.501185160430808
DCA,DFW,DCA-DFW,12,6,1,12,222.0,1192.0,204.0,222.0,211.66019229873712,-10.339807701262885,-7.660192298737115,7.660192298737115
DFW,DCA,DFW-DCA,12,6,1,8,170.0,1192.0,158.0,170.0,166.44797374562833,-3.5520262543716683,-8.447973745628332,8.447973745628332
DCA,MIA,DCA-MIA,12,6,1,9,165.0,919.0,158.0,165.0,157.88534234375905,-7.114657656240951,0.1146576562409507,0.1146576562409507
MCO,DCA,MCO-DCA,12,6,1,20,132.0,759.0,116.0,132.0,126.78677551225246,-5.213224487747539,-10.786775512252461,10.786775512252461
DCA,MIA,DCA-MIA,12,6,1,8,167.0,919.0,155.0,167.0,157.9147500476588,-9.0852499523412,-2.9147500476587993,2.9147500476587993
MIA,DCA,MIA-DCA,12,6,1,21,165.0,919.0,155.0,165.0,156.46479227684452,-8.53520772315548,-1.4647922768445198,1.4647922768445198
DCA,MIA,DCA-MIA,12,6,1,17,167.0,919.0,174.0,167.0,159.69351350575562,-7.306486494244382,14.306486494244382,14.306486494244382
MIA,DCA,MIA-DCA,12,6,1,14,147.0,919.0,144.0,147.0,143.89977854613232,-3.1002214538676753,0.10022145386767534,0.10022145386767534
MIA,ORF,MIA-ORF,12,6,1,21,144.0,802.0,144.0,144.0,131.18903146714464,-12.810968532855355,12.810968532855355,12.810968532855355
CLT,ORF,CLT-ORF,12,6,1,7,73.0,290.0,61.0,73.0,65.2024256101095,-7.7975743898904994,-4.2024256101095006,4.2024256101095006
ORF,CLT,ORF-CLT,12,6,1,9,91.0,290.0,74.0,91.0,79.59966646341874,-11.400333536581257,-5.5996664634187425,5.5996664634187425
ORF,CLT,ORF-CLT,12,6,1,5,88.0,290.0,122.0,88.0,76.6298256067772,-11.370174393222797,45.3701743932228,45.3701743932228
MIA,DCA,MIA-DCA,12,6,1,20,152.0,919.0,138.0,152.0,146.45234774919405,-5.547652250805953,-8.452347749194047,8.452347749194047
IAD,DFW,IAD-DFW,12,6,1,6,223.0,1172.0,212.0,223.0,205.36748549683597,-17.632514503164032,6.632514503164032,6.632514503164032
DCA,MIA,DCA-MIA,12,6,1,5,160.0,919.0,149.0,160.0,150.77607761091895,-9.223922389081054,-1.7760776109189464,1.7760776109189464
TPA,DCA,TPA-DCA,12,6,1,13,134.0,814.0,138.0,134.0,128.7961981329149,-5.2038018670851045,9.203801867085105,9.203801867085105
DCA,DFW,DCA-DFW,12,6,1,16,226.0,1192.0,212.0,226.0,214.8867179594885,-11.113282040511507,-2.886717959488493,2.886717959488493
DCA,ORD,DCA-ORD,12,6,1,6,139.0,612.0,144.0,139.0,131.46472336057434,-7.5352766394256605,12.53527663942566,12.53527663942566
DCA,PHX,DCA-PHX,12,6,1,10,316.0,1979.0,307.0,316.0,305.27357400149924,-10.726425998500758,1.7264259985007584,1.7264259985007584
PHX,DCA,PHX-DCA,12,6,1,14,249.0,1979.0,238.0,249.0,243.44725580209382,-5.552744197906179,-5.447255802093821,5.447255802093821
LAS,DCA,LAS-DCA,12,6,1,13,269.0,2089.0,252.0,269.0,263.8203607051309,-5.179639294869105,-11.820360705130895,11.820360705130895
LAX,DCA,LAX-DCA,12,6,1,12,294.0,2311.0,278.0,294.0,282.22254178394223,-11.777458216057767,-4.2225417839422335,4.2225417839422335
DCA,LAS,DCA-LAS,12,6,1,7,330.0,2089.0,314.0,330.0,318.1763088416925,-11.823691158307497,-4.176308841692503,4.176308841692503
PHX,DCA,PHX-DCA,12,6,1,0,243.0,1979.0,232.0,243.0,236.18039401905375,-6.81960598094625,-4.18039401905375,4.18039401905375
DCA,LAX,DCA-LAX,12,6,1,8,366.0,2311.0,346.0,366.0,349.7992737571861,-16.200726242813914,-3.7992737571860857,3.7992737571860857
DCA,LAX,DCA-LAX,12,6,1,17,356.0,2311.0,335.0,356.0,344.8050508374236,-11.194949162576393,-9.805050837423607,9.805050837423607
LAX,DCA,LAX-DCA,12,6,1,7,296.0,2311.0,276.0,296.0,285.01459662269275,-10.98540337730725,-9.01459662269275,9.01459662269275
DCA,PHX,DCA-PHX,12,6,1,16,306.0,1979.0,311.0,306.0,296.0814381898371,-9.918561810162885,14.918561810162885,14.918561810162885
PHX,DCA,PHX-DCA,12,6,1,9,257.0,1979.0,265.0,257.0,246.81006353143337,-10.189936468566628,18.18993646856663,18.18993646856663
DCA,PHX,DCA-PHX,12,6,1,7,322.0,1979.0,306.0,322.0,306.4166143573573,-15.583385642642725,-0.41661435735727537,0.41661435735727537
CLT,IAD,CLT-IAD,12,6,1,11,88.0,322.0,67.0,88.0,75.05763604370183,-12.942363956298166,-8.057636043701834,8.057636043701834
IAD,CLT,IAD-CLT,12,6,1,14,93.0,322.0,82.0,93.0,81.64007814719159,-11.359921852808412,0.35992185280841227,0.35992185280841227
CLT,DCA,CLT-DCA,12,6,1,18,89.0,331.0,83.0,89.0,89.68502632343709,0.6850263234370857,-6.685026323437086,6.685026323437086
CLT,IAD,CLT-IAD,12,6,1,22,81.0,322.0,73.0,81.0,72.84578197008976,-8.15421802991024,0.1542180299102398,0.1542180299102398
CLT,DCA,CLT-DCA,12,6,1,20,86.0,331.0,76.0,86.0,88.52493812593484,2.5249381259348382,-12.524938125934838,12.524938125934838
DCA,BOS,DCA-BOS,12,6,1,18,84.0,399.0,79.0,84.0,89.14429078275512,5.144290782755121,-10.144290782755121,10.144290782755121
ORD,DCA,ORD-DCA,12,6,1,11,113.0,612.0,109.0,113.0,111.2068839781892,-1.7931160218108033,-2.2068839781891967,2.2068839781891967
PWM,DCA,PWM-DCA,12,6,1,5,120.0,482.0,119.0,120.0,109.76961833848229,-10.230381661517711,9.230381661517711,9.230381661517711
DCA,SYR,DCA-SYR,12,6,1,10,88.0,298.0,90.0,88.0,75.44393046716837,-12.556069532831629,14.556069532831629,14.556069532831629
SYR,DCA,SYR-DCA,12,6,1,12,91.0,298.0,116.0,91.0,80.82991681044099,-10.170083189559008,35.17008318955901,35.17008318955901
DCA,PWM,DCA-PWM,12,6,1,14,91.0,482.0,84.0,91.0,89.69168441690043,-1.3083155830995707,-5.691684416900429,5.691684416900429
PWM,DCA,PWM-DCA,12,6,1,17,117.0,482.0,119.0,117.0,107.71701776814217,-9.28298223185783,11.28298223185783,11.28298223185783
DCA,PWM,DCA-PWM,12,6,1,10,93.0,482.0,92.0,93.0,88.80366042473585,-4.1963395752641475,3.1963395752641475,3.1963395752641475
PWM,DCA,PWM-DCA,12,6,1,12,121.0,482.0,144.0,121.0,111.68159746998715,-9.318402530012847,32.31840253001285,32.31840253001285
BNA,DCA,BNA-DCA,12,6,1,6,109.0,562.0,95.0,109.0,104.63583368901325,-4.364166310986747,-9.635833689013253,9.635833689013253
DCA,BNA,DCA-BNA,12,6,1,20,129.0,562.0,125.0,129.0,119.88346790949066,-9.116532090509338,5.116532090509338,5.116532090509338
DCA,MSY,DCA-MSY,12,6,1,14,169.0,969.0,154.0,169.0,157.80516599209918,-11.194834007900823,-3.8051659920991767,3.8051659920991767
MSY,DCA,MSY-DCA,12,6,1,16,148.0,969.0,139.0,148.0,147.60226342129513,-0.39773657870486545,-8.602263421295135,8.602263421295135
DCA,PBI,DCA-PBI,12,6,1,8,152.0,857.0,145.0,152.0,143.58278080177294,-8.417219198227059,1.417219198227059,1.417219198227059
PBI,DCA,PBI-DCA,12,6,1,11,148.0,857.0,152.0,148.0,142.52807863032677,-5.471921369673225,9.471921369673225,9.471921369673225
DCA,ORD,DCA-ORD,12,6,1,9,134.0,612.0,127.0,134.0,124.4016555758906,-9.5983444241094,2.598344424109399,2.598344424109399
CLT,DCA,CLT-DCA,12,6,1,7,82.0,331.0,88.0,82.0,90.1195365676981,8.119536567698106,-2.1195365676981055,2.1195365676981055
DCA,JAX,DCA-JAX,12,6,1,15,126.0,634.0,123.0,126.0,119.13668718666493,-6.863312813335071,3.863312813335071,3.863312813335071
JAX,DCA,JAX-DCA,12,6,1,18,116.0,634.0,101.0,116.0,112.78627113488679,-3.213728865113211,-11.786271134886789,11.786271134886789
DCA,MSY,DCA-MSY,12,6,1,7,172.0,969.0,172.0,172.0,161.6247831727445,-10.375216827255514,10.375216827255514,10.375216827255514
MSY,DCA,MSY-DCA,12,6,1,10,148.0,969.0,145.0,148.0,144.834097141703,-3.165902858296988,0.16590285829698814,0.16590285829698814
DCA,PVD,DCA-PVD,12,6,1,13,78.0,356.0,69.0,78.0,74.64126099797765,-3.3587390020223467,-5.641260997977653,5.641260997977653
PVD,DCA,PVD-DCA,12,6,1,15,96.0,356.0,157.0,96.0,90.80563649830671,-5.194363501693289,66.19436350169329,66.19436350169329
DCA,JAX,DCA-JAX,12,6,1,19,131.0,634.0,128.0,131.0,125.9586120261157,-5.041387973884298,2.041387973884298,2.041387973884298
BOS,DCA,BOS-DCA,12,6,1,10,107.0,399.0,106.0,107.0,98.83333162077263,-8.166668379227374,7.166668379227374,7.166668379227374
TPA,DCA,TPA-DCA,12,6,1,6,136.0,814.0,147.0,136.0,132.12857193215817,-3.8714280678418334,14.871428067841833,14.871428067841833
DCA,BOS,DCA-BOS,12,6,1,17,98.0,399.0,77.0,98.0,95.58632760573582,-2.4136723942641822,-18.586327605735818,18.586327605735818
DCA,PBI,DCA-PBI,12,6,1,10,156.0,857.0,156.0,156.0,146.2832722479911,-9.716727752008893,9.716727752008893,9.716727752008893
PBI,DCA,PBI-DCA,12,6,1,13,147.0,857.0,135.0,147.0,140.86607932073503,-6.133920679264975,-5.866079320735025,5.866079320735025
DCA,CLT,DCA-CLT,12,6,1,5,89.0,331.0,76.0,89.0,79.59185674156309,-9.408143258436908,-3.5918567415630918,3.5918567415630918
CLT,DCA,CLT-DCA,12,6,1,22,87.0,331.0,60.0,87.0,79.38995945825894,-7.610040541741057,-19.389959458258943,19.389959458258943
DCA,CLT,DCA-CLT,12,6,1,17,102.0,331.0,82.0,102.0,92.76167463030919,-9.238325369690813,-10.761674630309187,10.761674630309187
ORD,DCA,ORD-DCA,12,6,1,6,115.0,612.0,104.0,115.0,112.89391693965113,-2.1060830603488654,-8.893916939651135,8.893916939651135
DCA,FLL,DCA-FLL,12,6,1,9,166.0,899.0,146.0,166.0,153.80299683780353,-12.197003162196467,-7.8029968378035335,7.8029968378035335
FLL,DCA,FLL-DCA,12,6,1,13,153.0,899.0,141.0,153.0,146.12632809801121,-6.873671901988786,-5.126328098011214,5.126328098011214
DCA,TPA,DCA-TPA,12,6,1,13,148.0,814.0,133.0,148.0,143.19867339212698,-4.801326607873023,-10.198673392126977,10.198673392126977
DCA,RSW,DCA-RSW,12,6,1,7,171.0,892.0,151.0,171.0,158.2384915319492,-12.761508468050806,-7.238491531949194,7.238491531949194
RSW,DCA,RSW-DCA,12,6,1,10,147.0,892.0,141.0,147.0,140.24969079618475,-6.750309203815249,0.7503092038152488,0.7503092038152488
MCO,DCA,MCO-DCA,12,6,1,6,134.0,759.0,121.0,134.0,127.87746234079935,-6.1225376592006455,-6.8774623407993545,6.8774623407993545
DCA,CLT,DCA-CLT,12,6,1,10,109.0,331.0,77.0,109.0,93.15426699699883,-15.845733003001172,-16.154266996998828,16.154266996998828
JAX,DCA,JAX-DCA,12,6,1,7,116.0,634.0,109.0,116.0,111.75123303063971,-4.24876696936029,-2.7512330306397104,2.7512330306397104
DCA,RSW,DCA-RSW,12,6,1,9,169.0,892.0,153.0,169.0,156.95720764775595,-12.04279235224405,-3.9572076477559506,3.9572076477559506
RSW,DCA,RSW-DCA,12,6,1,13,147.0,892.0,140.0,147.0,141.85839297360624,-5.141607026393757,-1.858392973606243,1.858392973606243
CLT,RIC,CLT-RIC,12,6,1,8,72.0,257.0,61.0,72.0,65.27377526044815,-6.726224739551853,-4.273775260448147,4.273775260448147
RIC,CLT,RIC-CLT,12,6,1,10,86.0,257.0,81.0,86.0,74.0249580627998,-11.975041937200203,6.975041937200203,6.975041937200203
DFW,IAD,DFW-IAD,12,6,1,18,168.0,1172.0,154.0,168.0,163.62102245605024,-4.378977543949759,-9.621022456050241,9.621022456050241
MIA,RIC,MIA-RIC,12,6,1,21,144.0,826.0,130.0,144.0,135.00009709780932,-8.999902902190684,-5.000097097809316,5.000097097809316
DCA,CLT,DCA-CLT,12,6,1,7,105.0,331.0,97.0,105.0,91.73782987791036,-13.262170122089643,5.262170122089643,5.262170122089643
DCA,PWM,DCA-PWM,12,6,1,20,102.0,482.0,79.0,102.0,94.76806837053407,-7.231931629465933,-15.768068370534067,15.768068370534067
DCA,BOS,DCA-BOS,12,6,1,11,89.0,399.0,75.0,89.0,87.58319277337765,-1.4168072266223533,-12.583192773377647,12.583192773377647
BOS,DCA,BOS-DCA,12,6,1,9,109.0,399.0,106.0,109.0,98.83333162077263,-10.166668379227374,7.166668379227374,7.166668379227374
IAD,CLT,IAD-CLT,12,6,1,6,93.0,322.0,81.0,93.0,84.78120804343527,-8.21879195656473,-3.781208043435271,3.781208043435271
ORF,DFW,ORF-DFW,12,6,1,6,231.0,1212.0,237.0,231.0,220.1513972302414,-10.8486027697586,16.8486027697586,16.8486027697586
BOS,DCA,BOS-DCA,12,6,1,6,109.0,399.0,94.0,109.0,99.83070482874614,-9.169295171253864,-5.830704828746136,5.830704828746136
DCA,VPS,DCA-VPS,12,6,1,8,156.0,789.0,137.0,156.0,146.88919870999615,-9.110801290003849,-9.889198709996151,9.889198709996151
VPS,DCA,VPS-DCA,12,6,1,10,130.0,789.0,119.0,130.0,126.16499171615276,-3.8350082838472446,-7.164991716152755,7.164991716152755
BOS,DCA,BOS-DCA,12,6,1,17,111.0,399.0,128.0,111.0,104.43657455793254,-6.563425442067455,23.563425442067455,23.563425442067455
DCA,BOS,DCA-BOS,12,6,1,14,90.0,399.0,88.0,90.0,88.71758424504111,-1.2824157549588904,-0.7175842450411096,0.7175842450411096
DCA,ORD,DCA-ORD,12,6,1,19,143.0,612.0,131.0,143.0,135.05613835486636,-7.943861645133637,-4.056138354866363,4.056138354866363
DCA,CHS,DCA-CHS,12,6,1,20,115.0,444.0,97.0,115.0,103.75871858581027,-11.241281414189729,-6.758718585810271,6.758718585810271
DCA,PVD,DCA-PVD,12,6,1,9,90.0,356.0,71.0,90.0,78.95400875182804,-11.045991248171958,-7.954008751828042,7.954008751828042
PVD,DCA,PVD-DCA,12,6,1,12,96.0,356.0,157.0,96.0,89.74123380839576,-6.258766191604238,67.25876619160424,67.25876619160424
CHS,DCA,CHS-DCA,12,6,1,7,94.0,444.0,86.0,94.0,90.62442450962747,-3.375575490372526,-4.624424509627474,4.624424509627474
MCO,DCA,MCO-DCA,12,6,1,15,136.0,759.0,123.0,136.0,132.7404905653218,-3.2595094346781934,-9.740490565321807,9.740490565321807
DCA,DFW,DCA-DFW,12,6,1,18,217.0,1192.0,218.0,217.0,212.29988985479042,-4.700110145209578,5.700110145209578,5.700110145209578
DCA,MCO,DCA-MCO,12,6,1,15,156.0,759.0,142.0,156.0,149.90999559750009,-6.090004402499915,-7.909995597500085,7.909995597500085
MCO,DCA,MCO-DCA,12,6,1,19,133.0,759.0,120.0,133.0,128.62502853282666,-4.374971467173339,-8.625028532826661,8.625028532826661
CLT,DCA,CLT-DCA,12,6,1,12,86.0,331.0,97.0,86.0,90.1030110789193,4.103011078919295,6.896988921080705,6.896988921080705
DCA,ORD,DCA-ORD,12,6,1,15,146.0,612.0,137.0,146.0,138.43220718421398,-7.567792815786021,-1.4322071842139792,1.4322071842139792
MCO,DCA,MCO-DCA,12,6,1,11,133.0,759.0,152.0,133.0,127.35911557087894,-5.6408844291210585,24.64088442912106,24.64088442912106
DCA,DFW,DCA-DFW,12,6,1,14,222.0,1192.0,213.0,222.0,211.72090474555193,-10.279095254448066,1.279095254448066,1.279095254448066
DFW,DCA,DFW-DCA,12,6,1,10,169.0,1192.0,163.0,169.0,162.31091028909364,-6.689089710906359,0.6890897109063587,0.6890897109063587
DFW,ORF,DFW-ORF,12,6,1,10,175.0,1212.0,166.0,175.0,166.6258566352544,-8.374143364745606,-0.6258566352543937,0.6258566352543937
ORF,DFW,ORF-DFW,12,6,1,15,228.0,1212.0,208.0,228.0,220.9038068519255,-7.096193148074491,-12.90380685192551,12.90380685192551
DCA,MIA,DCA-MIA,12,6,1,17,177.0,919.0,179.0,177.0,164.11266718648682,-12.887332813513183,14.887332813513183,14.887332813513183
DCA,DFW,DCA-DFW,12,6,1,8,232.0,1192.0,235.0,232.0,218.17737230516974,-13.82262769483026,16.82262769483026,16.82262769483026
DFW,DCA,DFW-DCA,12,6,1,12,174.0,1192.0,161.0,174.0,169.97148972609693,-4.028510273903066,-8.971489726096934,8.971489726096934
DCA,MCO,DCA-MCO,12,6,1,17,157.0,759.0,149.0,157.0,150.12360789025843,-6.876392109741573,-1.1236078902584268,1.1236078902584268
ORD,DCA,ORD-DCA,12,6,1,12,120.0,612.0,101.0,120.0,117.51099748828959,-2.48900251171041,-16.51099748828959,16.51099748828959
MIA,DCA,MIA-DCA,12,6,1,11,155.0,919.0,142.0,155.0,147.64748303396283,-7.352516966037172,-5.647483033962828,5.647483033962828
DCA,MIA,DCA-MIA,12,6,1,14,181.0,919.0,175.0,181.0,166.22381490621927,-14.776185093780725,8.776185093780725,8.776185093780725
CLT,RIC,CLT-RIC,12,6,1,7,73.0,257.0,56.0,73.0,65.12183918927741,-7.878160810722591,-9.12183918927741,9.12183918927741
RIC,CLT,RIC-CLT,12,6,1,9,86.0,257.0,80.0,86.0,74.0249580627998,-11.975041937200203,5.975041937200203,5.975041937200203
DCA,MCO,DCA-MCO,12,6,1,11,148.0,759.0,137.0,148.0,143.4858471632276,-4.514152836772411,-6.485847163227589,6.485847163227589
DFW,DCA,DFW-DCA,12,6,1,7,170.0,1192.0,165.0,170.0,166.29603767445755,-3.7039623255424488,-1.2960376744575512,1.2960376744575512
RIC,MIA,RIC-MIA,12,6,1,6,160.0,826.0,138.0,160.0,148.71762440277942,-11.282375597220579,-10.717624402779421,10.717624402779421
MIA,DCA,MIA-DCA,12,6,1,10,157.0,919.0,139.0,157.0,149.17225854626602,-7.827741453733978,-10.172258546266022,10.172258546266022
DCA,CLT,DCA-CLT,12,6,1,13,91.0,331.0,82.0,91.0,86.05447157798696,-4.945528422013041,-4.054471577986959,4.054471577986959
DFW,IAD,DFW-IAD,12,6,1,12,174.0,1172.0,170.0,174.0,168.29389213292157,-5.70610786707843,1.7061078670784298,1.7061078670784298
IAD,DFW,IAD-DFW,12,6,1,17,222.0,1172.0,202.0,222.0,204.18910346274325,-17.810896537256752,-2.1891034627432475,2.1891034627432475
RIC,CLT,RIC-CLT,12,6,1,5,83.0,257.0,78.0,83.0,73.10673924006903,-9.893260759930968,4.893260759930968,4.893260759930968
BOS,DCA,BOS-DCA,12,6,1,7,118.0,399.0,116.0,118.0,106.61904445387931,-11.380955546120688,9.380955546120688,9.380955546120688
DCA,SAT,DCA-SAT,12,6,1,19,231.0,1380.0,216.0,231.0,218.50040566598685,-12.499594334013153,-2.5004056659868468,2.5004056659868468
DFW,DCA,DFW-DCA,12,6,1,14,167.0,1192.0,164.0,167.0,163.5289450822107,-3.471054917789303,0.47105491778930286,0.47105491778930286
DCA,DFW,DCA-DFW,12,6,1,10,228.0,1192.0,218.0,228.0,216.3734927444171,-11.626507255582908,1.6265072555829079,1.6265072555829079
DFW,DCA,DFW-DCA,12,6,1,5,169.0,1192.0,158.0,169.0,163.46432019814418,-5.535679801855821,-5.464320198144179,5.464320198144179
DCA,TPA,DCA-TPA,12,6,1,10,168.0,814.0,150.0,168.0,152.90517106853122,-15.094828931468783,-2.9051710685312173,2.9051710685312173
DFW,RIC,DFW-RIC,12,6,1,18,162.0,1158.0,153.0,162.0,157.44226643416448,-4.55773356583552,-4.44226643416448,4.44226643416448
DCA,DFW,DCA-DFW,12,6,1,6,224.0,1192.0,220.0,224.0,214.41729943367355,-9.582700566326452,5.5827005663264515,5.5827005663264515
MIA,DCA,MIA-DCA,12,6,1,18,153.0,919.0,146.0,153.0,149.60045666014204,-3.3995433398579564,-3.6004566601420436,3.6004566601420436
DCA,MCO,DCA-MCO,12,6,1,8,159.0,759.0,174.0,159.0,150.5076835814473,-8.49231641855269,23.49231641855269,23.49231641855269
ORF,MIA,ORF-MIA,12,6,1,5,146.0,802.0,157.0,146.0,134.99405472151275,-11.005945278487246,22.005945278487246,22.005945278487246
DCA,MIA,DCA-MIA,12,6,1,6,161.0,919.0,153.0,161.0,153.3004124259009,-7.699587574099098,-0.3004124259009018,0.3004124259009018
DFW,DCA,DFW-DCA,12,6,1,17,165.0,1192.0,154.0,165.0,164.89759635445057,-0.10240364554942971,-10.89759635445057,10.89759635445057
DCA,DFW,DCA-DFW,12,6,1,7,219.0,1192.0,210.0,219.0,212.16551352182077,-6.83448647817923,-2.1655135218207704,2.1655135218207704
CLT,DCA,CLT-DCA,12,6,1,16,86.0,331.0,77.0,86.0,89.73322802918929,3.7332280291892914,-12.733228029189291,12.733228029189291
CLT,RIC,CLT-RIC,12,6,1,21,75.0,257.0,74.0,75.0,64.93454710401626,-10.06545289598374,9.06545289598374,9.06545289598374
MIA,DCA,MIA-DCA,12,6,1,17,153.0,919.0,140.0,153.0,149.60045666014204,-3.3995433398579564,-9.600456660142044,9.600456660142044
CLT,ORF,CLT-ORF,12,6,1,23,73.0,290.0,68.0,73.0,63.10211607145353,-9.89788392854647,4.89788392854647,4.89788392854647
SAT,DCA,SAT-DCA,12,6,1,6,192.0,1380.0,174.0,192.0,183.43572745931652,-8.564272540683476,-9.435727459316524,9.435727459316524
DCA,DFW,DCA-DFW,12,6,1,11,217.0,1192.0,202.0,217.0,210.372385682439,-6.627614317561012,-8.372385682438988,8.372385682438988
RIC,CLT,RIC-CLT,12,6,1,6,87.0,257.0,98.0,87.0,74.85050031145613,-12.14949968854387,23.14949968854387,23.14949968854387
CLT,RIC,CLT-RIC,12,6,1,22,80.0,257.0,57.0,80.0,70.81855664283924,-9.18144335716076,-13.81855664283924,13.81855664283924
DFW,RIC,DFW-RIC,12,6,1,10,170.0,1158.0,156.0,170.0,162.04105867698956,-7.9589413230104356,-6.0410586769895644,6.0410586769895644
RIC,DFW,RIC-DFW,12,6,1,15,219.0,1158.0,203.0,219.0,215.15247867952274,-3.847521320477256,-12.152478679522744,12.152478679522744
DFW,ORF,DFW-ORF,12,6,1,18,167.0,1212.0,159.0,167.0,164.02999961157445,-2.9700003884255466,-5.029999611574453,5.029999611574453
DCA,MCO,DCA-MCO,12,6,1,6,144.0,759.0,143.0,144.0,139.9964307936712,-4.003569206328791,3.003569206328791,3.003569206328791
MIA,RIC,MIA-RIC,12,6,1,16,139.0,826.0,143.0,139.0,135.52887170401968,-3.4711282959803214,7.471128295980321,7.471128295980321
RIC,MIA,RIC-MIA,12,6,1,19,159.0,826.0,162.0,159.0,150.01733976990974,-8.98266023009026,11.98266023009026,11.98266023009026
DCA,BOS,DCA-BOS,12,6,1,20,91.0,399.0,72.0,91.0,91.20528862401763,0.20528862401762638,-19.205288624017626,19.205288624017626
DFW,DCA,DFW-DCA,12,6,1,15,166.0,1192.0,152.0,166.0,164.64574710155128,-1.3542528984487205,-12.64574710155128,12.64574710155128
DFW,DCA,DFW-DCA,12,6,1,19,171.0,1192.0,151.0,171.0,167.33163777967115,-3.668362220328845,-16.331637779671155,16.331637779671155
CLT,RIC,CLT-RIC,12,7,1,18,75.0,257.0,66.0,75.0,72.2562653789763,-2.7437346210237052,-6.256265378976295,6.256265378976295
RIC,CLT,RIC-CLT,12,7,1,20,88.0,257.0,72.0,88.0,80.48933704186625,-7.51066295813375,-8.48933704186625,8.48933704186625
DCA,CLT,DCA-CLT,12,7,1,8,99.0,331.0,173.0,99.0,93.73057954798931,-5.269420452010692,79.26942045201069,79.26942045201069
CLT,DCA,CLT-DCA,12,7,1,18,85.0,331.0,74.0,85.0,93.95593068078014,8.955930680780142,-19.955930680780142,19.955930680780142
DCA,DFW,DCA-DFW,12,7,1,12,222.0,1192.0,195.0,222.0,213.66865509290164,-8.331344907098355,-18.668655092901645,18.668655092901645
DFW,DCA,DFW-DCA,12,7,1,8,170.0,1192.0,160.0,170.0,168.54099290679153,-1.45900709320847,-8.54099290679153,8.54099290679153
DFW,RIC,DFW-RIC,12,7,1,18,159.0,1158.0,174.0,159.0,159.68975959256417,0.6897595925641724,14.310240407435828,14.310240407435828
ORD,DCA,ORD-DCA,12,7,1,20,121.0,612.0,104.0,121.0,117.47190569892126,-3.5280943010787382,-13.471905698921262,13.471905698921262
DCA,MIA,DCA-MIA,12,7,1,5,160.0,919.0,201.0,160.0,153.76365447346828,-6.236345526531721,47.23634552653172,47.23634552653172
DCA,MIA,DCA-MIA,12,7,1,14,173.0,919.0,177.0,173.0,165.18797396730596,-7.812026032694035,11.812026032694035,11.812026032694035
ORF,MIA,ORF-MIA,12,7,1,5,146.0,802.0,146.0,146.0,138.03426222395825,-7.965737776041749,7.965737776041749,7.965737776041749
DCA,MIA,DCA-MIA,12,7,1,19,177.0,919.0,150.0,177.0,167.0348468944092,-9.965153105590787,-17.034846894409213,17.034846894409213
DFW,DCA,DFW-DCA,12,7,1,15,165.0,1192.0,176.0,165.0,167.35318301317287,2.353183013172867,8.646816986827133,8.646816986827133
CLT,ORF,CLT-ORF,12,7,1,13,74.0,290.0,77.0,74.0,69.89019639018785,-4.109803609812147,7.109803609812147,7.109803609812147
ORF,CLT,ORF-CLT,12,7,1,15,92.0,290.0,102.0,92.0,87.77888316558462,-4.221116834415383,14.221116834415383,14.221116834415383
DCA,ORD,DCA-ORD,12,7,1,15,146.0,612.0,126.0,146.0,142.07450249405233,-3.925497505947675,-16.074502494052325,16.074502494052325
CLT,ORF,CLT-ORF,12,7,1,7,73.0,290.0,64.0,73.0,68.75602664955349,-4.24397335044651,-4.75602664955349,4.75602664955349
ORF,CLT,ORF-CLT,12,7,1,9,91.0,290.0,81.0,91.0,84.20949679108767,-6.790503208912327,-3.2094967910876733,3.2094967910876733
CLT,DCA,CLT-DCA,12,7,1,12,86.0,331.0,78.0,86.0,94.13649072490709,8.136490724907091,-16.13649072490709,16.13649072490709
DCA,MIA,DCA-MIA,12,7,1,5,162.0,919.0,192.0,162.0,154.7831041924217,-7.216895807578311,37.21689580757831,37.21689580757831
MCO,DCA,MCO-DCA,12,7,1,20,132.0,759.0,170.0,132.0,131.22209768110545,-0.7779023188945473,38.77790231889455,38.77790231889455
MIA,DCA,MIA-DCA,12,7,1,21,165.0,919.0,158.0,165.0,158.94505172563655,-6.054948274363454,-0.9450517256365458,0.9450517256365458
MIA,DCA,MIA-DCA,12,7,1,20,152.0,919.0,173.0,152.0,148.61355859294457,-3.386441407055429,24.38644140705543,24.38644140705543
MIA,ORF,MIA-ORF,12,7,1,21,144.0,802.0,139.0,144.0,135.06875148833825,-8.93124851166175,3.9312485116617495,3.9312485116617495
DCA,PHX,DCA-PHX,12,7,1,10,316.0,1979.0,337.0,316.0,307.50973311898167,-8.490266881018329,29.49026688101833,29.49026688101833
DCA,PHX,DCA-PHX,12,7,1,7,322.0,1979.0,323.0,322.0,308.6527734748397,-13.347226525160295,14.347226525160295,14.347226525160295
DCA,LAX,DCA-LAX,12,7,1,17,356.0,2311.0,322.0,356.0,346.68398204438586,-9.316017955614143,-24.683982044385857,24.683982044385857
LAX,DCA,LAX-DCA,12,7,1,7,296.0,2311.0,286.0,296.0,287.3218710536945,-8.678128946305492,-1.3218710536945082,1.3218710536945082
DCA,LAS,DCA-LAS,12,7,1,7,330.0,2089.0,356.0,330.0,320.34639659913597,-9.653603400864029,35.65360340086403,35.65360340086403
LAX,DCA,LAX-DCA,12,7,1,12,294.0,2311.0,290.0,294.0,284.6677755450587,-9.332224454941297,5.332224454941297,5.332224454941297
PHX,DCA,PHX-DCA,12,7,1,0,243.0,1979.0,247.0,243.0,238.05089748310354,-4.94910251689646,8.94910251689646,8.94910251689646
DCA,LAX,DCA-LAX,12,7,1,8,366.0,2311.0,373.0,366.0,349.9584389263241,-16.041561073675894,23.041561073675894,23.041561073675894
PHX,DCA,PHX-DCA,12,7,1,14,249.0,1979.0,266.0,249.0,245.9227851192439,-3.077214880756088,20.077214880756088,20.077214880756088
LAS,DCA,LAS-DCA,12,7,1,13,269.0,2089.0,260.0,269.0,266.48862504462267,-2.5113749553773346,-6.488625044622665,6.488625044622665
DCA,PHX,DCA-PHX,12,7,1,16,306.0,1979.0,321.0,306.0,298.45555663743426,-7.544443362565744,22.544443362565744,22.544443362565744
PHX,DCA,PHX-DCA,12,7,1,9,257.0,1979.0,254.0,257.0,249.34036854081054,-7.659631459189455,4.659631459189455,4.659631459189455
DCA,CLT,DCA-CLT,12,7,1,19,108.0,331.0,85.0,108.0,99.82163296178307,-8.178367038216933,-14.821632961783067,14.821632961783067
CLT,DCA,CLT-DCA,12,7,1,9,91.0,331.0,72.0,91.0,93.54183494172356,2.5418349417235646,-21.541834941723565,21.541834941723565
DCA,ORD,DCA-ORD,12,7,1,11,133.0,612.0,129.0,133.0,128.59870086489778,-4.401299135102221,0.4012991351022208,0.4012991351022208
ORD,DCA,ORD-DCA,12,7,1,15,122.0,612.0,126.0,122.0,120.24493029310933,-1.7550697068906658,5.755069706890666,5.755069706890666
DCA,PBI,DCA-PBI,12,7,1,15,166.0,857.0,168.0,166.0,159.2859650472456,-6.714034952754389,8.714034952754389,8.714034952754389
PBI,DCA,PBI-DCA,12,7,1,18,148.0,857.0,162.0,148.0,148.75479410641606,0.7547941064160568,13.245205893583943,13.245205893583943
DCA,TPA,DCA-TPA,12,7,1,8,150.0,814.0,224.0,150.0,146.64255775764326,-3.35744224235674,77.35744224235674,77.35744224235674
TPA,DCA,TPA-DCA,12,7,1,11,135.0,814.0,116.0,135.0,131.5785348840429,-3.4214651159570906,-15.57853488404291,15.57853488404291
CLT,IAD,CLT-IAD,12,7,1,11,88.0,322.0,74.0,88.0,77.65042244292675,-10.349577557073246,-3.6504224429267538,3.6504224429267538
IAD,CLT,IAD-CLT,12,7,1,14,93.0,322.0,81.0,93.0,88.5822392637925,-4.417760736207498,-7.582239263792502,7.582239263792502
IAD,CLT,IAD-CLT,12,7,1,6,93.0,322.0,139.0,93.0,88.72197991135894,-4.278020088641057,50.27802008864106,50.27802008864106
DCA,JAX,DCA-JAX,12,7,1,19,131.0,634.0,112.0,131.0,130.3939341949688,-0.6060658050311929,-18.393934194968807,18.393934194968807
BOS,DCA,BOS-DCA,12,7,1,7,127.0,399.0,133.0,127.0,118.52646380580599,-8.473536194194011,14.473536194194011,14.473536194194011
CHS,DCA,CHS-DCA,12,7,1,17,97.0,444.0,79.0,97.0,98.31199391387398,1.3119939138739767,-19.311993913873977,19.311993913873977
DCA,CHS,DCA-CHS,12,7,1,14,98.0,444.0,111.0,98.0,98.95128227723954,0.9512822772395424,12.048717722760458,12.048717722760458
DCA,SYR,DCA-SYR,12,7,1,10,88.0,298.0,77.0,88.0,78.99753150661236,-9.002468493387639,-1.9975315066123613,1.9975315066123613
SYR,DCA,SYR-DCA,12,7,1,12,91.0,298.0,120.0,91.0,85.25056728490847,-5.74943271509153,34.74943271509153,34.74943271509153
BOS,DCA,BOS-DCA,12,7,1,14,111.0,399.0,125.0,111.0,107.40774803416443,-3.5922519658355725,17.592251965835572,17.592251965835572
DCA,BOS,DCA-BOS,12,7,1,17,98.0,399.0,92.0,98.0,100.31616678793843,2.3161667879384282,-8.316166787938428,8.316166787938428
DCA,TPA,DCA-TPA,12,7,1,20,161.0,814.0,138.0,161.0,152.48056289720492,-8.51943710279508,-14.48056289720492,14.48056289720492
DCA,PBI,DCA-PBI,12,7,1,8,152.0,857.0,236.0,152.0,146.9076450956688,-5.092354904331188,89.09235490433119,89.09235490433119
PBI,DCA,PBI-DCA,12,7,1,11,148.0,857.0,134.0,148.0,146.03241461005038,-1.967585389949619,-12.032414610050381,12.032414610050381
BOS,DCA,BOS-DCA,12,7,1,17,111.0,399.0,151.0,111.0,108.87189672678551,-2.128103273214492,42.12810327321449,42.12810327321449
DCA,BOS,DCA-BOS,12,7,1,14,90.0,399.0,81.0,90.0,92.82282788740878,2.8228278874087778,-11.822827887408778,11.822827887408778
DCA,PWM,DCA-PWM,12,7,1,14,91.0,482.0,96.0,91.0,92.72213459785914,1.7221345978591387,3.2778654021408613,3.2778654021408613
PWM,DCA,PWM-DCA,12,7,1,17,117.0,482.0,114.0,117.0,112.15233993699513,-4.8476600630048665,1.8476600630048665,1.8476600630048665
DCA,PWM,DCA-PWM,12,7,1,10,93.0,482.0,85.0,93.0,91.35423199915076,-1.6457680008492446,-6.354231999150755,6.354231999150755
PWM,DCA,PWM-DCA,12,7,1,12,121.0,482.0,152.0,121.0,115.87949492748486,-5.120505072515144,36.120505072515144,36.120505072515144
BNA,DCA,BNA-DCA,12,7,1,6,109.0,562.0,115.0,109.0,108.35385253996715,-0.6461474600328501,6.64614746003285,6.64614746003285
DCA,BNA,DCA-BNA,12,7,1,20,126.0,562.0,112.0,126.0,118.60878843679554,-7.391211563204465,-6.608788436795535,6.608788436795535
DCA,MSY,DCA-MSY,12,7,1,7,186.0,969.0,222.0,186.0,170.5560219705377,-15.4439780294623,51.4439780294623,51.4439780294623
MSY,DCA,MSY-DCA,12,7,1,9,148.0,969.0,139.0,148.0,147.88475245509193,-0.11524754490807254,-8.884752455091927,8.884752455091927
DCA,RSW,DCA-RSW,12,7,1,14,168.0,892.0,154.0,168.0,161.27571608376977,-6.724283916230235,-7.275716083769765,7.275716083769765
RSW,DCA,RSW-DCA,12,7,1,18,149.0,892.0,140.0,149.0,149.35395703222784,0.35395703222783936,-9.35395703222784,9.35395703222784
DCA,CHS,DCA-CHS,12,7,1,19,107.0,444.0,98.0,107.0,104.86758790262942,-2.132412097370576,-6.867587902629424,6.867587902629424
BDL,DCA,BDL-DCA,12,7,1,17,89.0,313.0,102.0,89.0,83.86946845851158,-5.130531541488423,18.130531541488423,18.130531541488423
DCA,BDL,DCA-BDL,12,7,1,15,88.0,313.0,78.0,88.0,81.37567846692242,-6.624321533077577,-3.375678466922423,3.375678466922423
ORD,DCA,ORD-DCA,12,7,1,11,113.0,612.0,134.0,113.0,114.9249028291431,1.9249028291430932,19.075097170856907,19.075097170856907
CLT,RIC,CLT-RIC,12,7,1,7,70.0,257.0,55.0,70.0,68.63638735908249,-1.3636126409175091,-13.636387359082491,13.636387359082491
RIC,CLT,RIC-CLT,12,7,1,8,87.0,257.0,89.0,87.0,78.72786838138803,-8.272131618611965,10.272131618611965,10.272131618611965
DCA,CLT,DCA-CLT,12,7,1,6,91.0,331.0,115.0,91.0,90.0943209485061,-0.9056790514939053,24.905679051493905,24.905679051493905
DCA,PVD,DCA-PVD,12,7,1,13,78.0,356.0,70.0,78.0,78.39723694007179,0.39723694007179233,-8.397236940071792,8.397236940071792
PVD,DCA,PVD-DCA,12,7,1,15,96.0,356.0,120.0,96.0,95.17036790027235,-0.8296320997276467,24.829632099727647,24.829632099727647
BNA,DCA,BNA-DCA,12,7,1,20,108.0,562.0,115.0,108.0,108.82582427738791,0.825824277387909,6.174175722612091,6.174175722612091
DCA,BNA,DCA-BNA,12,7,1,17,120.0,562.0,132.0,120.0,120.19694242495942,0.19694242495941694,11.803057575040583,11.803057575040583
BOS,DCA,BOS-DCA,12,7,1,6,109.0,399.0,130.0,109.0,103.54872367970003,-5.451276320299968,26.451276320299968,26.451276320299968
BOS,DCA,BOS-DCA,12,7,1,10,106.0,399.0,124.0,106.0,99.86542534039759,-6.134574659602407,24.134574659602407,24.134574659602407
DCA,BOS,DCA-BOS,12,7,1,8,101.0,399.0,92.0,101.0,100.76805546781394,-0.2319445321860627,-8.768055467813937,8.768055467813937
DCA,BOS,DCA-BOS,12,7,1,22,89.0,399.0,88.0,89.0,89.05718779665312,0.05718779665312468,-1.0571877966531247,1.0571877966531247
DCA,JAX,DCA-JAX,12,7,1,15,126.0,634.0,136.0,126.0,123.33458464416263,-2.665415355837368,12.665415355837368,12.665415355837368
JAX,DCA,JAX-DCA,12,7,1,18,116.0,634.0,134.0,116.0,117.22159330373975,1.221593303739752,16.778406696260248,16.778406696260248
CLT,DCA,CLT-DCA,12,7,1,20,86.0,331.0,82.0,86.0,92.7958424832779,6.7958424832778945,-10.795842483277895,10.795842483277895
DCA,CLT,DCA-CLT,12,7,1,5,89.0,331.0,117.0,89.0,83.35871499526124,-5.641285004738762,33.64128500473876,33.64128500473876
CLT,RIC,CLT-RIC,12,7,1,8,72.0,257.0,64.0,72.0,68.82737629989214,-3.172623700107863,-4.827376299892137,4.827376299892137
RIC,CLT,RIC-CLT,12,7,1,10,86.0,257.0,86.0,86.0,77.57855910224379,-8.421440897756213,8.421440897756213,8.421440897756213
DCA,ORD,DCA-ORD,12,7,1,9,132.0,612.0,163.0,132.0,127.51457016940665,-4.485429830593347,35.48542983059335,35.48542983059335
TPA,DCA,TPA-DCA,12,7,1,6,136.0,814.0,125.0,136.0,135.63290791188177,-0.3670920881182269,-10.632907911881773,10.632907911881773
MCO,DCA,MCO-DCA,12,7,1,15,136.0,759.0,123.0,136.0,136.38278587516015,0.3827858751601525,-13.382785875160153,13.382785875160153
MIA,DCA,MIA-DCA,12,7,1,8,150.0,919.0,139.0,150.0,148.25759390232838,-1.7424060976716191,-9.25759390232838,9.25759390232838
DCA,MCO,DCA-MCO,12,7,1,11,148.0,759.0,164.0,148.0,146.9901831429512,-1.0098168570488042,17.009816857048804,17.009816857048804
DCA,DFW,DCA-DFW,12,7,1,18,217.0,1192.0,183.0,217.0,214.45739644628924,-2.5426035537107623,-31.457396446289238,31.457396446289238
DCA,TPA,DCA-TPA,12,7,1,13,152.0,814.0,147.0,152.0,147.04591634649256,-4.954083653507439,-0.04591634649256093,0.04591634649256093
TPA,DCA,TPA-DCA,12,7,1,17,134.0,814.0,124.0,134.0,134.5722151824215,0.5722151824215018,-10.572215182421502,10.572215182421502
DCA,RSW,DCA-RSW,12,7,1,7,171.0,892.0,183.0,171.0,158.80520216412958,-12.194797835870418,24.194797835870418,24.194797835870418
RSW,DCA,RSW-DCA,12,7,1,10,147.0,892.0,128.0,147.0,143.36087604884892,-3.6391239511510776,-15.360876048848922,15.360876048848922
DCA,ORD,DCA-ORD,12,7,1,19,143.0,612.0,122.0,143.0,138.93585837605997,-4.064141623940031,-16.93585837605997,16.93585837605997
DFW,DCA,DFW-DCA,12,7,1,10,173.0,1192.0,161.0,173.0,168.32548518689958,-4.674514813100416,-7.325485186899584,7.325485186899584
DCA,MIA,DCA-MIA,12,7,1,17,167.0,919.0,156.0,167.0,163.6862437250384,-3.313756274961605,-7.686243725038395,7.686243725038395
DCA,MCO,DCA-MCO,12,7,1,15,156.0,759.0,159.0,156.0,153.59584979988597,-2.4041502001140316,5.404150200114032,5.404150200114032
MCO,DCA,MCO-DCA,12,7,1,19,133.0,759.0,135.0,133.0,133.06035070167945,0.06035070167945378,1.9396492983205462,1.9396492983205462
IAD,DFW,IAD-DFW,12,7,1,6,223.0,1172.0,280.0,223.0,207.54083337087656,-15.459166629123445,72.45916662912344,72.45916662912344
BOS,DCA,BOS-DCA,12,7,1,20,110.0,399.0,116.0,110.0,105.08808039060882,-4.911919609391177,10.911919609391177,10.911919609391177
DCA,BOS,DCA-BOS,12,7,1,18,84.0,399.0,113.0,84.0,93.48695913647805,9.486959136478049,19.51304086352195,19.51304086352195
JAX,DCA,JAX-DCA,12,7,1,7,116.0,634.0,105.0,116.0,115.4692518815936,-0.5307481184063931,-10.469251881593607,10.469251881593607
DCA,RSW,DCA-RSW,12,7,1,10,166.0,892.0,165.0,166.0,159.55179542908547,-6.448204570914527,5.448204570914527,5.448204570914527
RSW,DCA,RSW-DCA,12,7,1,13,147.0,892.0,142.0,147.0,145.10753755638515,-1.8924624436148463,-3.1075375563851537,3.1075375563851537
RIC,CLT,RIC-CLT,12,7,1,5,83.0,257.0,68.0,83.0,76.66034027951302,-6.339659720486978,-8.660340279513022,8.660340279513022
PWM,DCA,PWM-DCA,12,7,1,5,120.0,482.0,145.0,120.0,113.48763718943619,-6.512362810563815,31.512362810563815,31.512362810563815
DCA,BOS,DCA-BOS,12,7,1,15,90.0,399.0,91.0,90.0,93.65448745780157,3.654487457801565,-2.654487457801565,2.654487457801565
DCA,BOS,DCA-BOS,12,7,1,11,89.0,399.0,77.0,89.0,91.20855780920151,2.2085578092015083,-14.208557809201508,14.208557809201508
BOS,DCA,BOS-DCA,12,7,1,9,109.0,399.0,167.0,109.0,102.55135047172652,-6.448649528273478,64.44864952827348,64.44864952827348
CLT,DCA,CLT-DCA,12,7,1,22,85.0,331.0,141.0,85.0,83.660863815602,-1.3391361843980008,57.339136184398,57.339136184398
CLT,RIC,CLT-RIC,12,7,1,16,78.0,257.0,67.0,78.0,72.20970960254097,-5.790290397459032,-5.209709602540968,5.209709602540968
RIC,CLT,RIC-CLT,12,7,1,18,88.0,257.0,78.0,88.0,81.38754171473356,-6.612458285266442,-3.3875417147335583,3.3875417147335583
MIA,DCA,MIA-DCA,12,7,1,18,153.0,919.0,153.0,153.0,151.98469808226784,-1.0153019177321596,1.0153019177321596,1.0153019177321596
DCA,CLT,DCA-CLT,12,7,1,17,102.0,331.0,85.0,102.0,97.63300703038608,-4.366992969613918,-12.633007030386082,12.633007030386082
ORD,DCA,ORD-DCA,12,7,1,6,115.0,612.0,120.0,115.0,116.61193579060503,1.6119357906050311,3.388064209394969,3.388064209394969
DCA,FLL,DCA-FLL,12,7,1,10,177.0,899.0,174.0,177.0,162.24217461536261,-14.757825384637385,11.757825384637385,11.757825384637385
FLL,DCA,FLL-DCA,12,7,1,13,153.0,899.0,142.0,153.0,149.41903157333766,-3.580968426662338,-7.419031573337662,7.419031573337662
CLT,IAD,CLT-IAD,12,7,1,22,81.0,322.0,83.0,81.0,76.32774158741763,-4.672258412582366,6.672258412582366,6.672258412582366
CLT,DCA,CLT-DCA,12,7,1,7,82.0,331.0,98.0,82.0,93.6731376071421,11.673137607142095,4.326862392857905,4.326862392857905
DCA,PBI,DCA-PBI,12,7,1,10,156.0,857.0,147.0,156.0,149.83116712026225,-6.168832879737749,-2.8311671202622506,2.8311671202622506
PBI,DCA,PBI-DCA,12,7,1,13,147.0,857.0,132.0,147.0,144.50837463057337,-2.491625369426629,-12.508374630573371,12.508374630573371
DCA,PBI,DCA-PBI,12,7,1,16,154.0,857.0,193.0,154.0,150.30330979832084,-3.6966902016791607,42.69669020167916,42.69669020167916
PBI,DCA,PBI-DCA,12,7,1,20,147.0,857.0,153.0,147.0,144.3769802520327,-2.623019747967305,8.623019747967305,8.623019747967305
DCA,SRQ,DCA-SRQ,12,7,1,8,158.0,851.0,180.0,158.0,157.03737315855827,-0.9626268414417325,22.962626841441732,22.962626841441732
SRQ,DCA,SRQ-DCA,12,7,1,11,149.0,851.0,128.0,149.0,167.85800440997568,18.858004409975678,-39.85800440997568,39.85800440997568
DCA,PWM,DCA-PWM,12,7,1,22,90.0,482.0,100.0,90.0,87.1347103171272,-2.865289682872799,12.865289682872799,12.865289682872799
DCA,FLL,DCA-FLL,12,7,1,15,170.0,899.0,166.0,170.0,162.37250951084476,-7.627490489155235,3.6274904891552353,3.6274904891552353
FLL,DCA,FLL-DCA,12,7,1,18,154.0,899.0,140.0,154.0,151.39174668838717,-2.6082533116128275,-11.391746688387173,11.391746688387173
CHS,DCA,CHS-DCA,12,7,1,6,94.0,444.0,82.0,94.0,91.34421504031663,-2.6557849596833734,-9.344215040316627,9.344215040316627
CLT,RIC,CLT-RIC,12,7,1,21,75.0,257.0,73.0,75.0,69.20545146135932,-5.794548538640683,3.794548538640683,3.794548538640683
DCA,DFW,DCA-DFW,12,7,1,7,219.0,1192.0,240.0,219.0,214.03601698587056,-4.96398301412944,25.96398301412944,25.96398301412944
DCA,DFW,DCA-DFW,12,7,1,17,229.0,1192.0,226.0,229.0,220.99259151823298,-8.007408481767015,5.0074084817670155,5.0074084817670155
ORD,DCA,ORD-DCA,12,7,1,12,120.0,612.0,111.0,120.0,121.70889494578729,1.7088949457872928,-10.708894945787293,10.708894945787293
MIA,DCA,MIA-DCA,12,7,1,10,157.0,919.0,141.0,157.0,151.18111592692182,-5.818884073078181,-10.18111592692182,10.18111592692182
DCA,TPA,DCA-TPA,12,7,1,18,148.0,814.0,149.0,148.0,148.4897067683905,0.489706768390505,0.510293231609495,0.510293231609495
CLT,DCA,CLT-DCA,12,7,1,16,86.0,331.0,91.0,86.0,93.76670767517709,7.766707675177088,-2.766707675177088,2.766707675177088
DCA,CLT,DCA-CLT,12,7,1,13,91.0,331.0,96.0,91.0,90.6883792667086,-0.3116207332914058,5.311620733291406,5.311620733291406
MIA,RIC,MIA-RIC,12,7,1,21,144.0,826.0,132.0,144.0,138.87981711900292,-5.120182880997078,-6.879817119002922,6.879817119002922
CLT,RIC,CLT-RIC,12,7,1,22,80.0,257.0,78.0,80.0,75.0894610001823,-4.910538999817703,2.910538999817703,2.910538999817703
DFW,ORF,DFW-ORF,12,7,1,18,168.0,1212.0,216.0,168.0,167.05395661343408,-0.9460433865659184,48.94604338656592,48.94604338656592
DCA,SAT,DCA-SAT,12,7,1,19,231.0,1380.0,215.0,231.0,220.74629317150664,-10.253706828493364,-5.746293171506636,5.746293171506636
DFW,DCA,DFW-DCA,12,7,1,14,169.0,1192.0,174.0,169.0,166.44663121473485,-2.5533687852651497,7.55336878526515,7.55336878526515
TPA,DCA,TPA-DCA,12,7,1,14,134.0,814.0,145.0,134.0,133.05480803722725,-0.9451919627727534,11.945191962772753,11.945191962772753
DFW,IAD,DFW-IAD,12,7,1,18,167.0,1172.0,211.0,167.0,166.6637573709701,-0.336242629029897,44.3362426290299,44.3362426290299
SAT,DCA,SAT-DCA,12,7,1,6,192.0,1380.0,182.0,192.0,185.07357648749172,-6.926423512508279,-3.073576487491721,3.073576487491721
DCA,DFW,DCA-DFW,12,7,1,11,217.0,1192.0,199.0,217.0,212.1545082324678,-4.845491767532195,-13.154508232467805,13.154508232467805
RIC,DFW,RIC-DFW,12,7,1,6,223.0,1158.0,211.0,223.0,218.0776533994672,-4.922346600532791,-7.077653399467209,7.077653399467209
DCA,MIA,DCA-MIA,12,7,1,7,172.0,919.0,214.0,172.0,164.37198890537496,-7.6280110946250375,49.62801109462504,49.62801109462504
DCA,MIA,DCA-MIA,12,7,1,11,164.0,919.0,160.0,164.0,161.35194564436156,-2.648054355638436,-1.3519456443615638,1.3519456443615638
TPA,DCA,TPA-DCA,12,7,1,18,135.0,814.0,157.0,135.0,134.5722151824215,-0.4277848175784982,22.427784817578498,22.427784817578498
DFW,DCA,DFW-DCA,12,7,1,7,169.0,1192.0,163.0,169.0,165.9180695436999,-3.081930456300114,-2.918069543699886,2.918069543699886
DCA,MCO,DCA-MCO,12,7,1,17,157.0,759.0,157.0,157.0,154.04688680399957,-2.95311319600043,2.95311319600043,2.95311319600043
DFW,DCA,DFW-DCA,12,7,1,12,177.0,1192.0,170.0,177.0,171.74729808438687,-5.25270191561313,-1.7472980843868697,1.7472980843868697
CLT,RIC,CLT-RIC,12,7,1,11,78.0,257.0,60.0,78.0,69.42904126413333,-8.570958735866668,-9.429041264133332,9.429041264133332
RIC,CLT,RIC-CLT,12,7,1,14,85.0,257.0,84.0,85.0,79.12504649216106,-5.8749535078389385,4.8749535078389385,4.8749535078389385
DFW,DCA,DFW-DCA,12,7,1,19,170.0,1192.0,180.0,170.0,169.80004098230435,-0.1999590176956474,10.199959017695647,10.199959017695647
MCO,DCA,MCO-DCA,12,7,1,6,134.0,759.0,129.0,134.0,131.59548119175315,-2.4045188082468485,-2.5954811917531515,2.5954811917531515
DCA,MIA,DCA-MIA,12,7,1,10,185.0,919.0,178.0,185.0,168.96150436646235,-16.03849563353765,9.03849563353765,9.03849563353765
DCA,MIA,DCA-MIA,12,7,1,17,177.0,919.0,180.0,177.0,167.58183057623893,-9.418169423761071,12.418169423761071,12.418169423761071
MIA,DCA,MIA-DCA,12,7,1,11,156.0,919.0,149.0,156.0,151.77013552421,-4.229864475790009,-2.7701355242099908,2.7701355242099908
DCA,DFW,DCA-DFW,12,7,1,8,235.0,1192.0,277.0,235.0,220.04787576921953,-14.95212423078047,56.95212423078047,56.95212423078047
DFW,DCA,DFW-DCA,12,7,1,5,168.0,1192.0,169.0,168.0,165.70966908994768,-2.290330910052319,3.290330910052319,3.290330910052319
DCA,TPA,DCA-TPA,12,7,1,10,168.0,814.0,154.0,168.0,156.3079543572519,-11.692045642748099,-2.3079543572519015,2.3079543572519015
DCA,BOS,DCA-BOS,12,7,1,20,91.0,399.0,94.0,91.0,95.93512780622024,4.935127806220237,-1.9351278062202368,1.9351278062202368
MIA,DCA,MIA-DCA,12,7,1,16,151.0,919.0,146.0,151.0,149.90441707365588,-1.0955829263441217,-3.9044170736558783,3.9044170736558783
RIC,DFW,RIC-DFW,12,7,1,15,219.0,1158.0,211.0,219.0,217.2824163492054,-1.7175836507946087,-6.282416349205391,6.282416349205391
BOS,DCA,BOS-DCA,12,7,1,7,115.0,399.0,124.0,115.0,107.86948398704818,-7.130516012951816,16.130516012951816,16.130516012951816
DCA,DFW,DCA-DFW,12,7,1,10,228.0,1192.0,201.0,228.0,218.24399620846688,-9.756003791533118,-17.243996208466882,17.243996208466882
DCA,DFW,DCA-DFW,12,7,1,14,222.0,1192.0,208.0,222.0,213.72936753971646,-8.270632460283537,-5.729367539716463,5.729367539716463
MCO,DCA,MCO-DCA,12,7,1,11,133.0,759.0,117.0,133.0,131.07713442183274,-1.9228655781672614,-14.077134421832739,14.077134421832739
DCA,MCO,DCA-MCO,12,7,1,8,142.0,759.0,197.0,142.0,142.68860912822282,0.6886091282228222,54.31139087177718,54.31139087177718
RIC,CLT,RIC-CLT,12,7,1,6,87.0,257.0,98.0,87.0,78.40410135090012,-8.59589864909988,19.59589864909988,19.59589864909988
CLT,ORF,CLT-ORF,12,7,1,22,81.0,290.0,74.0,81.0,72.3646780116593,-8.635321988340706,1.6353219883407064,1.6353219883407064
CLT,ORF,CLT-ORF,12,7,1,11,75.0,290.0,64.0,75.0,69.06690949714611,-5.9330905028538865,-5.0669094971461135,5.0669094971461135
ORF,CLT,ORF-CLT,12,7,1,13,92.0,290.0,84.0,92.0,85.24851604026819,-6.751483959731814,-1.2485160402681856,1.2485160402681856
DFW,RIC,DFW-RIC,12,7,1,14,161.0,1158.0,170.0,161.0,158.1368670486099,-2.8631329513900994,11.8631329513901,11.8631329513901
RIC,DFW,RIC-DFW,12,7,1,19,217.0,1158.0,179.0,217.0,216.93342613628587,-0.06657386371412599,-37.933426136285874,37.933426136285874
DCA,MIA,DCA-MIA,12,7,1,8,167.0,919.0,246.0,167.0,161.53209622547158,-5.467903774528423,84.46790377452842,84.46790377452842
ORF,DFW,ORF-DFW,12,7,1,6,231.0,1212.0,231.0,231.0,222.0219006942912,-8.97809930570881,8.97809930570881,8.97809930570881
DFW,IAD,DFW-IAD,12,7,1,12,169.0,1172.0,181.0,169.0,165.20721916146272,-3.7927808385372828,15.792780838537283,15.792780838537283
IAD,DFW,IAD-DFW,12,7,1,16,222.0,1172.0,190.0,222.0,206.24856141399928,-15.751438586000717,-16.248561413999283,16.248561413999283
DFW,ORF,DFW-ORF,12,7,1,14,168.0,1212.0,158.0,168.0,164.7146834251523,-3.2853165748477124,-6.7146834251522876,6.7146834251522876
ORF,DFW,ORF-DFW,12,7,1,19,225.0,1212.0,196.0,225.0,219.10615065712705,-5.893849342872954,-23.106150657127046,23.106150657127046
DCA,CLT,DCA-CLT,12,7,1,10,109.0,331.0,93.0,109.0,97.30829607917666,-11.691703920823343,-4.308296079176657,4.308296079176657
MIA,DCA,MIA-DCA,12,7,1,6,149.0,919.0,137.0,149.0,147.90071018663036,-1.0992898133696372,-10.900710186630363,10.900710186630363
RIC,MIA,RIC-MIA,12,7,1,6,160.0,826.0,180.0,160.0,152.3615373017168,-7.638462698283206,27.638462698283206,27.638462698283206
ORF,CLT,ORF-CLT,12,7,1,5,88.0,290.0,77.0,88.0,80.85248510596645,-7.147514894033549,-3.8524851059664513,3.8524851059664513
DFW,DCA,DFW-DCA,12,7,1,17,166.0,1192.0,183.0,166.0,167.84245697742742,1.8424569774274175,15.157543022572582,15.157543022572582
DFW,ORF,DFW-ORF,12,7,1,10,176.0,1212.0,157.0,176.0,168.2637056634296,-7.73629433657041,-11.26370566342959,11.26370566342959
ORF,DFW,ORF-DFW,12,7,1,15,228.0,1212.0,219.0,228.0,222.91226964609004,-5.087730353909961,-3.9122696460900386,3.9122696460900386
MIA,DCA,MIA-DCA,12,7,1,14,147.0,919.0,132.0,147.0,146.00303636435532,-0.9969636356446756,-14.003036364355324,14.003036364355324
DCA,DFW,DCA-DFW,12,7,1,6,224.0,1192.0,243.0,224.0,216.28780289772334,-7.7121971022766616,26.71219710227666,26.71219710227666
CLT,DCA,CLT-DCA,12,1,0,18,83.0,331.0,71.0,83.0,92.2791657486246,9.279165748624607,-21.279165748624607,21.279165748624607
CLT,RIC,CLT-RIC,12,1,0,15,71.0,257.0,77.0,71.0,68.21218115586457,-2.7878188441354297,8.78781884413543,8.78781884413543
RIC,CLT,RIC-CLT,12,1,0,17,86.0,257.0,79.0,86.0,79.39304064859954,-6.606959351400462,-0.3930406485995377,0.3930406485995377
DCA,PBI,DCA-PBI,12,1,0,14,163.0,857.0,170.0,163.0,151.75659543670972,-11.243404563290284,18.243404563290284,18.243404563290284
PBI,DCA,PBI-DCA,12,1,0,18,148.0,857.0,131.0,148.0,146.79194263570764,-1.2080573642923582,-15.791942635707642,15.791942635707642
DCA,TPA,DCA-TPA,12,1,0,8,150.0,814.0,134.0,150.0,145.05509032840484,-4.9449096715951555,-11.055090328404845,11.055090328404845
TPA,DCA,TPA-DCA,12,1,0,11,135.0,814.0,124.0,135.0,130.13691932429822,-4.863080675701781,-6.136919324298219,6.136919324298219
DFW,RIC,DFW-RIC,12,1,0,18,163.0,1158.0,164.0,163.0,158.1264517545027,-4.87354824549729,5.87354824549729,5.87354824549729
DFW,DCA,DFW-DCA,12,1,0,19,171.0,1192.0,173.0,171.0,167.67018609280967,-3.329813907190328,5.329813907190328,5.329813907190328
RIC,DFW,RIC-DFW,12,1,0,6,223.0,1158.0,218.0,223.0,216.65121085597673,-6.3487891440232715,1.3487891440232715,1.3487891440232715
MIA,DCA,MIA-DCA,12,1,0,17,153.0,919.0,137.0,153.0,151.15144093289143,-1.8485590671085674,-14.151440932891433,14.151440932891433
DCA,MIA,DCA-MIA,12,1,0,5,160.0,919.0,150.0,160.0,152.18342149981964,-7.816578500180356,-2.1834214998196444,2.1834214998196444
CLT,RIC,CLT-RIC,12,1,0,21,73.0,257.0,68.0,73.0,67.16531917607344,-5.834680823926561,0.8346808239265613,0.8346808239265613
MIA,DCA,MIA-DCA,12,1,0,20,152.0,919.0,152.0,152.0,148.00333202194344,-3.996667978056564,3.996667978056564,3.996667978056564
MIA,DCA,MIA-DCA,12,1,0,21,165.0,919.0,162.0,165.0,158.0157765495939,-6.984223450406091,3.984223450406091,3.984223450406091
DCA,DFW,DCA-DFW,12,1,0,17,229.0,1192.0,201.0,229.0,218.5048523766176,-10.495147623382394,-17.504852376617606,17.504852376617606
ORD,DCA,ORD-DCA,12,1,0,12,120.0,612.0,113.0,120.0,119.78740077949863,-0.21259922050137448,-6.7874007794986255,6.7874007794986255
CLT,RIC,CLT-RIC,12,1,0,13,72.0,257.0,64.0,72.0,67.26954655784988,-4.730453442150122,-3.2695465578498784,3.2695465578498784
RIC,DFW,RIC-DFW,12,1,0,15,219.0,1158.0,215.0,219.0,215.23549832354888,-3.7645016764511183,-0.23549832354888167,0.23549832354888167
CLT,RIC,CLT-RIC,12,1,0,20,81.0,257.0,87.0,81.0,75.68347408438471,-5.316525915615287,11.316525915615287,11.316525915615287
MCO,DCA,MCO-DCA,12,1,0,20,132.0,759.0,133.0,132.0,129.06317880346174,-2.9368211965382613,3.9368211965382613,3.9368211965382613
DCA,ORD,DCA-ORD,12,1,0,6,139.0,612.0,134.0,139.0,133.85607232922555,-5.1439276707744455,0.14392767077444546,0.14392767077444546
ORD,DCA,ORD-DCA,12,1,0,20,121.0,612.0,98.0,121.0,115.31298682127733,-5.687013178722665,-17.312986821277335,17.312986821277335
DCA,MCO,DCA-MCO,12,1,0,6,144.0,759.0,146.0,144.0,141.61947042801773,-2.3805295719822652,4.380529571982265,4.380529571982265
DFW,DCA,DFW-DCA,12,1,0,5,169.0,1192.0,174.0,169.0,164.18183670525835,-4.818163294741652,9.818163294741652,9.818163294741652
DCA,TPA,DCA-TPA,12,1,0,10,168.0,814.0,140.0,168.0,154.36005152354377,-13.639948476456226,-14.360051523543774,14.360051523543774
DCA,MIA,DCA-MIA,12,1,0,5,162.0,919.0,175.0,162.0,153.20287121877305,-8.797128781226945,21.797128781226945,21.797128781226945
DCA,MIA,DCA-MIA,12,1,0,17,167.0,919.0,169.0,167.0,161.10085739465632,-5.899142605343684,7.899142605343684,7.899142605343684
MIA,DCA,MIA-DCA,12,1,0,14,147.0,919.0,143.0,147.0,145.63023450470945,-1.369765495290551,-2.630234504709449,2.630234504709449
ORF,MIA,ORF-MIA,12,1,0,5,146.0,802.0,138.0,146.0,136.8004044029672,-9.199595597032811,1.1995955970328112,1.1995955970328112
DCA,ORD,DCA-ORD,12,1,0,15,146.0,612.0,159.0,146.0,140.8235561528652,-5.176443847134806,18.176443847134806,18.176443847134806
CLT,RIC,CLT-RIC,12,1,0,8,74.0,257.0,58.0,74.0,68.16101147344314,-5.838988526556861,-10.16101147344314,10.16101147344314
RIC,CLT,RIC-CLT,12,1,0,10,86.0,257.0,74.0,86.0,76.30136135400883,-9.698638645991167,-2.301361354008833,2.301361354008833
CLT,DCA,CLT-DCA,12,1,0,12,87.0,331.0,79.0,87.0,92.69715050410682,5.697150504106816,-13.697150504106816,13.697150504106816
DCA,LAX,DCA-LAX,12,1,0,17,356.0,2311.0,320.0,356.0,344.51559530406354,-11.484404695936462,-24.515595304063538,24.515595304063538
LAX,DCA,LAX-DCA,12,1,0,7,296.0,2311.0,289.0,296.0,284.7358134668968,-11.264186533103214,4.264186533103214,4.264186533103214
LAS,DCA,LAS-DCA,12,1,0,13,269.0,2089.0,252.0,269.0,263.43831103245736,-5.561688967542636,-11.438311032457364,11.438311032457364
DCA,PHX,DCA-PHX,12,1,0,7,322.0,1979.0,319.0,322.0,305.8720787030027,-16.127921296997272,13.127921296997272,13.127921296997272
PHX,DCA,PHX-DCA,12,1,0,14,249.0,1979.0,246.0,249.0,243.0652061294205,-5.934793870579512,2.9347938705795116,2.9347938705795116
PHX,DCA,PHX-DCA,12,1,0,0,243.0,1979.0,258.0,243.0,235.79834434638042,-7.201655653619582,22.201655653619582,22.201655653619582
DCA,LAX,DCA-LAX,12,1,0,8,366.0,2311.0,341.0,366.0,347.91243206030254,-18.087567939697465,-6.912432060302535,6.912432060302535
DCA,PHX,DCA-PHX,12,1,0,16,306.0,1979.0,278.0,306.0,295.9278848502873,-10.072115149712715,-17.927884850287285,17.927884850287285
PHX,DCA,PHX-DCA,12,1,0,9,257.0,1979.0,261.0,257.0,246.42801385876004,-10.571986141239961,14.571986141239961,14.571986141239961
DCA,PHX,DCA-PHX,12,1,0,10,316.0,1979.0,284.0,316.0,304.7290383471447,-11.270961652855306,-20.729038347144694,20.729038347144694
LAX,DCA,LAX-DCA,12,1,0,12,294.0,2311.0,285.0,294.0,281.94375862814627,-12.05624137185373,3.05624137185373,3.05624137185373
DCA,LAS,DCA-LAS,12,1,0,7,330.0,2089.0,301.0,330.0,317.9760698281026,-12.023930171897405,-16.976069828102595,16.976069828102595
DCA,DFW,DCA-DFW,12,1,0,12,222.0,1192.0,193.0,222.0,211.41834066264153,-10.581659337358474,-18.418340662641526,18.418340662641526
DFW,DCA,DFW-DCA,12,1,0,8,170.0,1192.0,172.0,170.0,166.78652205876685,-3.213477941233151,5.213477941233151,5.213477941233151
DCA,CLT,DCA-CLT,12,1,0,8,94.0,331.0,84.0,94.0,87.94608208643898,-6.053917913561023,-3.9460820864389774,3.9460820864389774
DCA,CLT,DCA-CLT,12,1,0,19,96.0,331.0,103.0,96.0,89.17510378821653,-6.824896211783468,13.824896211783468,13.824896211783468
CLT,DCA,CLT-DCA,12,1,0,9,85.0,331.0,75.0,85.0,91.72006968227785,6.7200696822778525,-16.720069682277853,16.720069682277853
DCA,ORD,DCA-ORD,12,1,0,11,133.0,612.0,145.0,133.0,127.631565723319,-5.3684342766810005,17.368434276681,17.368434276681
ORD,DCA,ORD-DCA,12,1,0,15,122.0,612.0,104.0,122.0,118.32343612682067,-3.676563873179333,-14.323436126820667,14.323436126820667
CLT,DCA,CLT-DCA,12,1,0,7,82.0,331.0,103.0,82.0,92.71367599288563,10.713675992885626,10.286324007114374,10.286324007114374
DCA,BOS,DCA-BOS,12,1,0,15,90.0,399.0,97.0,90.0,94.02902409961492,4.029024099614915,2.970975900385085,2.970975900385085
DCA,SYR,DCA-SYR,12,1,0,10,88.0,298.0,82.0,88.0,77.72033375837741,-10.279666241622593,4.279666241622593,4.279666241622593
SYR,DCA,SYR-DCA,12,1,0,12,91.0,298.0,143.0,91.0,83.10632010165003,-7.893679898349973,59.89367989834997,59.89367989834997
JAX,DCA,JAX-DCA,12,1,0,7,116.0,634.0,113.0,116.0,114.17691738122936,-1.8230826187706413,-1.1769173812293587,1.1769173812293587
DCA,PBI,DCA-PBI,12,1,0,10,156.0,857.0,154.0,156.0,148.02066911264856,-7.979330887351438,5.979330887351438,5.979330887351438
PBI,DCA,PBI-DCA,12,1,0,13,147.0,857.0,144.0,147.0,142.78294787122022,-4.217052128779784,1.217052128779784,1.217052128779784
DCA,PBI,DCA-PBI,12,1,0,16,154.0,857.0,141.0,154.0,148.3548524605924,-5.6451475394075885,-7.3548524605924115,7.3548524605924115
PBI,DCA,PBI-DCA,12,1,0,20,147.0,857.0,141.0,147.0,142.41412878132428,-4.58587121867572,-1.4141287813242798,1.4141287813242798
DCA,BOS,DCA-BOS,12,1,0,11,89.0,399.0,93.0,89.0,92.06297305755866,3.062973057558665,0.9370269424413351,0.9370269424413351
BOS,DCA,BOS-DCA,12,1,0,9,109.0,399.0,97.0,109.0,101.10973491198166,-7.890265088018339,-4.109734911981661,4.109734911981661
DCA,ORD,DCA-ORD,12,1,0,9,134.0,612.0,130.0,134.0,127.15253928526587,-6.847460714734126,2.847460714734126,2.847460714734126
TPA,DCA,TPA-DCA,12,1,0,6,136.0,814.0,128.0,136.0,134.04544048264336,-1.9545595173566426,-6.045440482643357,6.045440482643357
DCA,JAX,DCA-JAX,12,1,0,19,131.0,634.0,111.0,131.0,128.2350153173251,-2.764984682674907,-17.235015317325093,17.235015317325093
DCA,PBI,DCA-PBI,12,1,0,7,153.0,857.0,135.0,153.0,146.4540759798921,-6.54592402010789,-11.45407597989211,11.45407597989211
PBI,DCA,PBI-DCA,12,1,0,11,148.0,857.0,125.0,148.0,144.44494718081197,-3.5550528191880346,-19.444947180811965,19.444947180811965
CHS,DCA,CHS-DCA,12,1,0,17,97.0,444.0,86.0,97.0,92.00853802876044,-4.991461971239559,-6.008538028760441,6.008538028760441
DCA,CHS,DCA-CHS,12,1,0,14,98.0,444.0,113.0,98.0,97.02978811095088,-0.9702118890491249,15.970211889049125,15.970211889049125
DCA,BOS,DCA-BOS,12,1,0,22,89.0,399.0,100.0,89.0,89.19429972711121,0.1942997271112148,10.805700272888785,10.805700272888785
DCA,SRQ,DCA-SRQ,12,1,0,8,158.0,851.0,134.0,158.0,148.37472944203137,-9.625270557968634,-14.374729442031366,14.374729442031366
SRQ,DCA,SRQ-DCA,12,1,0,11,149.0,851.0,133.0,149.0,144.44494718081197,-4.555052819188035,-11.444947180811965,11.444947180811965
DCA,FLL,DCA-FLL,12,1,0,15,170.0,899.0,167.0,170.0,160.03438890691592,-9.965611093084078,6.965611093084078,6.965611093084078
FLL,DCA,FLL-DCA,12,1,0,18,154.0,899.0,136.0,154.0,149.41260277445485,-4.587397225545146,-13.412602774454854,13.412602774454854
CHS,DCA,CHS-DCA,12,1,0,6,94.0,444.0,84.0,94.0,89.03561921761107,-4.964380782388929,-5.035619217611071,5.035619217611071
CLT,DCA,CLT-DCA,12,1,0,20,84.0,331.0,101.0,84.0,91.11907755112236,7.119077551122359,9.88092244887764,9.88092244887764
DCA,CLT,DCA-CLT,12,1,0,6,98.0,331.0,100.0,98.0,90.3847158720078,-7.615284127992197,9.615284127992197,9.615284127992197
DCA,CHS,DCA-CHS,12,1,0,19,107.0,444.0,99.0,107.0,102.7086690249855,-4.291330975014503,-3.7086690249854968,3.7086690249854968
BOS,DCA,BOS-DCA,12,1,0,6,109.0,399.0,85.0,109.0,102.10710811995517,-6.892891880044829,-17.10710811995517,17.10710811995517
BOS,DCA,BOS-DCA,12,1,0,11,107.0,399.0,93.0,107.0,101.69875450926982,-5.301245490730182,-8.698754509269818,8.698754509269818
DCA,BOS,DCA-BOS,12,1,0,8,101.0,399.0,105.0,101.0,101.23529988769141,0.2352998876914114,3.7647001123085886,3.7647001123085886
BOS,DCA,BOS-DCA,12,1,0,17,111.0,399.0,128.0,111.0,106.71297784914158,-4.287022150858419,21.28702215085842,21.28702215085842
DCA,BOS,DCA-BOS,12,1,0,14,90.0,399.0,87.0,90.0,93.19736452922213,3.1973645292221278,-6.197364529222128,6.197364529222128
DCA,TPA,DCA-TPA,12,1,0,20,153.0,814.0,131.0,153.0,146.45773257767584,-6.542267422324159,-15.457732577675841,15.457732577675841
DCA,TPA,DCA-TPA,12,1,0,13,152.0,814.0,131.0,152.0,145.3204895871394,-6.679510412860594,-14.320489587139406,14.320489587139406
TPA,DCA,TPA-DCA,12,1,0,17,134.0,814.0,121.0,134.0,132.4132963047778,-1.5867036952222122,-11.413296304777788,11.413296304777788
DCA,MSY,DCA-MSY,12,1,0,6,178.0,969.0,156.0,178.0,164.17275238207418,-13.82724761792582,-8.17275238207418,8.17275238207418
MSY,DCA,MSY-DCA,12,1,0,9,148.0,969.0,151.0,148.0,146.7672084703335,-1.232791529666514,4.232791529666514,4.232791529666514
BOS,DCA,BOS-DCA,12,1,0,14,111.0,399.0,97.0,111.0,105.48625386787576,-5.51374613212424,-8.48625386787576,8.48625386787576
DCA,BOS,DCA-BOS,12,1,0,17,97.0,399.0,119.0,97.0,97.84278448415596,0.8427844841559562,21.157215515844044,21.157215515844044
DCA,PWM,DCA-PWM,12,1,0,14,91.0,482.0,94.0,91.0,91.9258292885889,0.9258292885889006,2.0741707114110994,2.0741707114110994
PWM,DCA,PWM-DCA,12,1,0,17,117.0,482.0,101.0,117.0,111.63773053658507,-5.362269463414933,-10.637730536585067,10.637730536585067
DCA,PWM,DCA-PWM,12,1,0,10,93.0,482.0,91.0,93.0,91.03780529642432,-1.9621947035756762,-0.03780529642432384,0.03780529642432384
PWM,DCA,PWM-DCA,12,1,0,12,121.0,482.0,99.0,121.0,113.9760100321535,-7.023989967846504,-14.976010032153496,14.976010032153496
BNA,DCA,BNA-DCA,12,1,0,6,109.0,562.0,126.0,109.0,107.1704256886827,-1.8295743113173017,18.8295743113173,18.8295743113173
DCA,BNA,DCA-BNA,12,1,0,20,126.0,562.0,110.0,126.0,116.47170036413385,-9.528299635866148,-6.471700364133852,6.471700364133852
BDL,DCA,BDL-DCA,12,1,0,17,89.0,313.0,78.0,89.0,81.87496739237756,-7.125032607622444,-3.874967392377556,3.874967392377556
DCA,BDL,DCA-BDL,12,1,0,15,88.0,313.0,92.0,88.0,79.61860211214366,-8.381397887856338,12.381397887856338,12.381397887856338
DCA,ORD,DCA-ORD,12,1,0,19,143.0,612.0,135.0,143.0,137.44748732351758,-5.552512676482422,-2.447487323517578,2.447487323517578
ORD,DCA,ORD-DCA,12,1,0,11,113.0,612.0,110.0,113.0,113.48328726939823,0.4832872693982324,-3.4832872693982324,3.4832872693982324
CLT,IAD,CLT-IAD,12,1,0,21,83.0,322.0,81.0,83.0,76.91854913298927,-6.08145086701073,4.08145086701073,4.08145086701073
CLT,ORF,CLT-ORF,12,1,0,12,74.0,290.0,67.0,74.0,67.97981676478119,-6.020183235218809,-0.9798167647811908,0.9798167647811908
ORF,CLT,ORF-CLT,12,1,0,14,92.0,290.0,81.0,92.0,81.93744423200431,-10.06255576799569,-0.9374442320043102,0.9374442320043102
DFW,IAD,DFW-IAD,12,1,0,12,174.0,1172.0,162.0,174.0,168.5145682866189,-5.485431713381104,-6.514568286618896,6.514568286618896
IAD,DFW,IAD-DFW,12,1,0,17,222.0,1172.0,197.0,222.0,204.40771639369535,-17.592283606304647,-7.4077163936953525,7.4077163936953525
CLT,DCA,CLT-DCA,12,1,0,21,95.0,331.0,89.0,95.0,85.33788106150207,-9.662118938497926,3.662118938497926,3.662118938497926
DCA,CLT,DCA-CLT,12,1,0,17,102.0,331.0,90.0,102.0,94.20894187717897,-7.791058122821028,-4.208941877178972,4.208941877178972
ORD,DCA,ORD-DCA,12,1,0,6,115.0,612.0,116.0,115.0,115.17032023086017,0.17032023086017034,0.8296797691398297,0.8296797691398297
DCA,FLL,DCA-FLL,12,1,0,10,177.0,899.0,153.0,177.0,159.9167835253024,-17.083216474697593,-6.916783525302407,6.916783525302407
FLL,DCA,FLL-DCA,12,1,0,13,153.0,899.0,144.0,153.0,147.6773123707606,-5.322687629239397,-3.6773123707606032,3.6773123707606032
DCA,PVD,DCA-PVD,12,1,0,13,78.0,356.0,74.0,78.0,76.38387691264509,-1.6161230873549073,-2.3838769126450927,2.3838769126450927
PVD,DCA,PVD-DCA,12,1,0,15,96.0,356.0,85.0,96.0,93.08203978951575,-2.917960210484253,-8.082039789515747,8.082039789515747
BOS,DCA,BOS-DCA,12,1,0,20,110.0,399.0,97.0,110.0,102.9291615129649,-7.070838487035104,-5.929161512964896,5.929161512964896
DCA,BOS,DCA-BOS,12,1,0,18,84.0,399.0,87.0,84.0,93.62407106693614,9.62407106693614,-6.624071066936139,6.624071066936139
DCA,RSW,DCA-RSW,12,1,0,6,157.0,892.0,145.0,157.0,150.04964123969904,-6.950358760300958,-5.049641239699042,5.049641239699042
RSW,DCA,RSW-DCA,12,1,0,10,147.0,892.0,134.0,147.0,141.98014675476188,-5.019853245238124,-7.980146754761876,7.980146754761876
DCA,JAX,DCA-JAX,12,1,0,15,126.0,634.0,149.0,126.0,121.41309047787396,-4.586909522126035,27.586909522126035,27.586909522126035
JAX,DCA,JAX-DCA,12,1,0,18,116.0,634.0,122.0,116.0,115.21195548547644,-0.7880445145235626,6.788044514523563,6.788044514523563
BOS,DCA,BOS-DCA,12,1,0,7,124.0,399.0,93.0,124.0,111.03038153592367,-12.969618464076333,-18.030381535923667,18.030381535923667
BNA,DCA,BNA-DCA,12,1,0,20,108.0,562.0,98.0,108.0,106.92509410820439,-1.0749058917956091,-8.92509410820439,8.92509410820439
DCA,BNA,DCA-BNA,12,1,0,17,120.0,562.0,118.0,120.0,118.05985435229773,-1.9401456477022663,-0.059854352297733726,0.059854352297733726
DCA,RSW,DCA-RSW,12,1,0,10,166.0,892.0,174.0,166.0,158.3241464936343,-7.675853506365712,15.675853506365712,15.675853506365712
RSW,DCA,RSW-DCA,12,1,0,13,147.0,892.0,141.0,147.0,143.58884893218337,-3.4111510678166326,-2.5888489321833674,2.5888489321833674
DCA,MCO,DCA-MCO,12,1,0,17,157.0,759.0,163.0,157.0,150.36554193894446,-6.63445806105554,12.63445806105554,12.63445806105554
DFW,DCA,DFW-DCA,12,1,0,12,174.0,1192.0,166.0,174.0,169.72963809000134,-4.270361909998655,-3.7296380900013446,3.7296380900013446
DCA,CLT,DCA-CLT,12,1,0,5,89.0,331.0,75.0,89.0,81.3570738053912,-7.642926194608805,-6.357073805391195,6.357073805391195
DCA,MIA,DCA-MIA,12,1,0,7,172.0,919.0,156.0,172.0,161.99537000078857,-10.004629999211431,-5.995370000788569,5.995370000788569
DFW,ORF,DFW-ORF,12,1,0,10,175.0,1212.0,165.0,175.0,166.47141233787966,-8.528587662120344,-1.4714123378796558,1.4714123378796558
ORF,DFW,ORF-DFW,12,1,0,15,228.0,1212.0,196.0,228.0,219.93446305244757,-8.065536947552431,-23.93446305244757,23.93446305244757
IAD,CLT,IAD-CLT,12,1,0,7,93.0,322.0,95.0,93.0,88.09579749921838,-4.904202500781622,6.904202500781622,6.904202500781622
CLT,IAD,CLT-IAD,12,1,0,12,84.0,322.0,74.0,84.0,78.31507010307273,-5.684929896927272,-4.315070103072728,4.315070103072728
IAD,CLT,IAD-CLT,12,1,0,14,93.0,322.0,72.0,93.0,83.91648143840062,-9.083518561599377,-11.916481438400623,11.916481438400623
SAT,DCA,SAT-DCA,12,1,0,6,192.0,1380.0,188.0,192.0,183.0536777866432,-8.946322213356808,4.946322213356808,4.946322213356808
DCA,DFW,DCA-DFW,12,1,0,11,217.0,1192.0,190.0,217.0,210.1305340463434,-6.869465953656601,-20.1305340463434,20.1305340463434
PWM,DCA,PWM-DCA,12,1,0,5,120.0,482.0,112.0,120.0,112.06403090064863,-7.935969099351368,-0.06403090064863193,0.06403090064863193
DCA,VPS,DCA-VPS,12,1,0,8,156.0,789.0,127.0,156.0,148.6265955746536,-7.3734044253463935,-21.626595574653606,21.626595574653606
VPS,DCA,VPS-DCA,12,1,0,10,130.0,789.0,128.0,130.0,128.44139500736202,-1.5586049926379815,-0.44139500736201853,0.44139500736201853
DCA,PWM,DCA-PWM,12,1,0,22,90.0,482.0,88.0,90.0,86.48815112498139,-3.5118488750186145,1.5118488750186145,1.5118488750186145
DCA,RSW,DCA-RSW,12,1,0,14,168.0,892.0,182.0,168.0,159.92570993667331,-8.074290063326686,22.074290063326686,22.074290063326686
RSW,DCA,RSW-DCA,12,1,0,18,149.0,892.0,140.0,149.0,147.5978436966708,-1.4021563033292068,-7.597843696670793,7.597843696670793
RIC,CLT,RIC-CLT,12,1,0,7,87.0,257.0,83.0,87.0,77.29873456198234,-9.701265438017657,5.701265438017657,5.701265438017657
DCA,SAT,DCA-SAT,12,1,0,19,231.0,1380.0,209.0,231.0,218.11835599331351,-12.881644006686486,-9.118355993313514,9.118355993313514
DFW,DCA,DFW-DCA,12,1,0,14,167.0,1192.0,167.0,167.0,164.61740156516717,-2.382598434832829,2.382598434832829,2.382598434832829
MIA,RIC,MIA-RIC,12,1,0,21,144.0,826.0,136.0,144.0,137.12401044752494,-6.875989552475062,-1.1240104475249382,1.1240104475249382
RIC,CLT,RIC-CLT,12,1,0,6,87.0,257.0,69.0,87.0,77.12690360266517,-9.873096397334834,-8.126903602665166,8.126903602665166
MIA,DCA,MIA-DCA,12,1,0,10,157.0,919.0,139.0,157.0,150.7232428190154,-6.276757180984589,-11.723242819015411,11.723242819015411
DCA,CLT,DCA-CLT,12,1,0,13,91.0,331.0,72.0,91.0,87.50173882485674,-3.4982611751432557,-15.501738824856744,15.501738824856744
TPA,DCA,TPA-DCA,12,1,0,14,134.0,814.0,134.0,134.0,131.1333138709388,-2.8666861290612076,2.8666861290612076,2.8666861290612076
DCA,MIA,DCA-MIA,12,1,0,17,177.0,919.0,171.0,177.0,164.42176690638155,-12.57823309361845,6.578233093618451,6.578233093618451
DFW,IAD,DFW-IAD,12,1,0,19,170.0,1172.0,163.0,170.0,166.5359139951028,-3.4640860048972115,-3.5359139951027885,3.5359139951027885
RIC,MIA,RIC-MIA,12,1,0,6,160.0,826.0,143.0,160.0,150.45502126743688,-9.544978732563123,-7.4550212674368765,7.4550212674368765
CLT,ORF,CLT-ORF,12,1,0,8,74.0,290.0,67.0,74.0,68.19669816013935,-5.8033018398606515,-1.1966981601393485,1.1966981601393485
ORF,CLT,ORF-CLT,12,1,0,10,91.0,290.0,77.0,91.0,81.2887756278231,-9.7112243721769,-4.2887756278230995,4.2887756278230995
ORF,CLT,ORF-CLT,12,1,0,6,89.0,290.0,76.0,89.0,79.48428404664828,-9.515715953351716,-3.484284046648284,3.484284046648284
MCO,DCA,MCO-DCA,12,1,0,15,136.0,759.0,144.0,136.0,134.657359115807,-1.3426408841930026,9.342640884193003,9.342640884193003
DCA,TPA,DCA-TPA,12,1,0,18,148.0,814.0,139.0,148.0,146.5268552976821,-1.47314470231791,-7.52685529768209,7.52685529768209
DCA,DFW,DCA-DFW,12,1,0,14,222.0,1192.0,213.0,222.0,211.47905310945634,-10.520946890543655,1.5209468905436552,1.5209468905436552
DFW,ORF,DFW-ORF,12,1,0,18,167.0,1212.0,165.0,167.0,165.20586343325178,-1.7941365667482216,-0.20586343325177836,0.20586343325177836
MCO,DCA,MCO-DCA,12,1,0,11,133.0,759.0,119.0,133.0,129.63551886208805,-3.3644811379119517,-10.635518862088048,10.635518862088048
DCA,DFW,DCA-DFW,12,1,0,8,232.0,1192.0,195.0,232.0,217.93552066907415,-14.064479330925849,-22.93552066907415,22.93552066907415
IAD,DFW,IAD-DFW,12,1,0,6,223.0,1172.0,182.0,223.0,205.58609842778807,-17.413901572211927,-23.586098427788073,23.586098427788073
DCA,DFW,DCA-DFW,12,1,0,18,217.0,1192.0,185.0,217.0,212.05803821869483,-4.941961781305167,-27.058038218694833,27.058038218694833
CLT,DCA,CLT-DCA,12,1,0,16,86.0,331.0,94.0,86.0,92.32736745437681,6.327367454376812,1.6726325456231876,1.6726325456231876
DCA,MCO,DCA-MCO,12,1,0,8,142.0,759.0,153.0,142.0,140.80731278284574,-1.1926872171542584,12.192687217154258,12.192687217154258
DCA,DFW,DCA-DFW,12,1,0,6,224.0,1192.0,200.0,224.0,214.17544779757796,-9.82455220242204,-14.17544779757796,14.17544779757796
DCA,MCO,DCA-MCO,12,1,0,15,156.0,759.0,157.0,156.0,150.15192964618612,-5.848070353813881,6.848070353813881,6.848070353813881
MIA,DCA,MIA-DCA,12,1,0,11,156.0,919.0,143.0,156.0,151.31226241630358,-4.687737583696418,-8.312262416303582,8.312262416303582
MCO,DCA,MCO-DCA,12,1,0,19,133.0,759.0,126.0,133.0,130.90143182403574,-2.0985681759642603,-4.90143182403574,4.90143182403574
MIA,DCA,MIA-DCA,12,1,0,18,153.0,919.0,146.0,153.0,151.15144093289143,-1.8485590671085674,-5.151440932891433,5.151440932891433
CLT,ORF,CLT-ORF,12,1,0,21,78.0,290.0,69.0,78.0,65.72334135686515,-12.276658643134851,3.2766586431348514,3.2766586431348514
MCO,DCA,MCO-DCA,12,1,0,6,134.0,759.0,124.0,134.0,130.15386563200846,-3.8461343679915387,-6.153865632008461,6.153865632008461
DCA,CLT,DCA-CLT,12,1,0,10,109.0,331.0,86.0,109.0,94.60153424386861,-14.398465756131387,-8.601534243868613,8.601534243868613
DCA,BOS,DCA-BOS,12,1,0,20,91.0,399.0,107.0,91.0,95.68506890819864,4.6850689081986445,11.314931091801355,11.314931091801355
DFW,DCA,DFW-DCA,12,1,0,15,166.0,1192.0,162.0,166.0,165.73420358450775,-0.26579641549224675,-3.7342035845077532,3.7342035845077532
DCA,MIA,DCA-MIA,12,1,0,19,177.0,919.0,161.0,177.0,163.87478322455183,-13.125216775448166,-2.874783224551834,2.874783224551834
MIA,DCA,MIA-DCA,12,1,0,16,151.0,919.0,138.0,151.0,149.53161521401,-1.468384785989997,-11.531615214010003,11.531615214010003
ORF,DFW,ORF-DFW,12,1,0,6,231.0,1212.0,215.0,231.0,219.18205343076346,-11.81794656923654,-4.18205343076346,4.18205343076346
MIA,DCA,MIA-DCA,12,1,0,8,150.0,919.0,143.0,150.0,148.02275137279725,-1.977248627202755,-5.022751372797245,5.022751372797245
DCA,MCO,DCA-MCO,12,1,0,11,148.0,759.0,128.0,148.0,144.03943321841902,-3.9605667815809795,-16.03943321841902,16.03943321841902
MIA,ORF,MIA-ORF,12,1,0,21,144.0,802.0,145.0,144.0,133.1933073563507,-10.806692643649313,11.806692643649313,11.806692643649313
RIC,CLT,RIC-CLT,12,1,0,15,86.0,257.0,76.0,86.0,78.19962970777509,-7.800370292224912,-2.199629707775088,2.199629707775088
DFW,RIC,DFW-RIC,12,1,0,10,170.0,1158.0,173.0,170.0,161.79958212600923,-8.200417873990773,11.200417873990773,11.200417873990773
DFW,DCA,DFW-DCA,12,1,0,17,165.0,1192.0,169.0,165.0,165.98605283740704,0.9860528374070441,3.013947162592956,3.013947162592956
DFW,DCA,DFW-DCA,12,1,0,10,169.0,1192.0,170.0,169.0,163.0284267962078,-5.97157320379219,6.97157320379219,6.97157320379219
DCA,MIA,DCA-MIA,12,1,0,14,173.0,919.0,167.0,173.0,162.67339573260483,-10.326604267395169,4.326604267395169,4.326604267395169
DCA,MIA,DCA-MIA,12,1,0,11,164.0,919.0,157.0,164.0,159.77171267071293,-4.22828732928707,-2.7717126707129296,2.7717126707129296
DFW,DCA,DFW-DCA,12,1,0,7,170.0,1192.0,167.0,170.0,166.63458598759607,-3.3654140124039316,0.36541401240393157,0.36541401240393157
DCA,MIA,DCA-MIA,12,1,0,8,167.0,919.0,170.0,167.0,159.3220939365595,-7.677906063440503,10.677906063440503,10.677906063440503
BOS,DCA,BOS-DCA,12,1,0,6,111.0,399.0,95.0,111.0,105.4170182924758,-5.582981707524198,-10.417018292475802,10.417018292475802
DCA,DFW,DCA-DFW,12,1,0,10,228.0,1192.0,203.0,228.0,216.1316411083215,-11.868358891678497,-13.131641108321503,13.131641108321503
TPA,DCA,TPA-DCA,12,1,0,18,135.0,814.0,126.0,135.0,132.4132963047778,-2.586703695222212,-6.413296304777788,6.413296304777788
MIA,DCA,MIA-DCA,12,1,0,6,149.0,919.0,148.0,149.0,147.66586765709923,-1.334132342900773,0.334132342900773,0.334132342900773
DCA,MIA,DCA-MIA,12,1,0,9,165.0,919.0,161.0,165.0,159.29268623265975,-5.707313767340253,1.7073137673402528,1.7073137673402528
DCA,DFW,DCA-DFW,12,1,0,7,219.0,1192.0,182.0,219.0,211.92366188572518,-7.076338114274819,-29.92366188572518,29.92366188572518
CLT,RIC,CLT-RIC,12,2,0,15,71.0,257.0,66.0,71.0,68.21218115586457,-2.7878188441354297,-2.2121811558645703,2.2121811558645703
RIC,CLT,RIC-CLT,12,2,0,17,86.0,257.0,78.0,86.0,79.39304064859954,-6.606959351400462,-1.3930406485995377,1.3930406485995377
DCA,PBI,DCA-PBI,12,2,0,14,163.0,857.0,137.0,163.0,151.75659543670972,-11.243404563290284,-14.756595436709716,14.756595436709716
PBI,DCA,PBI-DCA,12,2,0,18,148.0,857.0,136.0,148.0,146.79194263570764,-1.2080573642923582,-10.791942635707642,10.791942635707642
DCA,TPA,DCA-TPA,12,2,0,8,150.0,814.0,137.0,150.0,145.05509032840484,-4.9449096715951555,-8.055090328404845,8.055090328404845
TPA,DCA,TPA-DCA,12,2,0,11,135.0,814.0,130.0,135.0,130.13691932429822,-4.863080675701781,-0.13691932429821918,0.13691932429821918
DFW,DCA,DFW-DCA,12,2,0,19,171.0,1192.0,161.0,171.0,167.75860965900708,-3.241390340992922,-6.758609659007078,6.758609659007078
DCA,CLT,DCA-CLT,12,2,0,8,94.0,331.0,96.0,94.0,87.94608208643898,-6.053917913561023,8.053917913561023,8.053917913561023
RIC,DFW,RIC-DFW,12,2,0,6,223.0,1158.0,209.0,223.0,216.40522439315038,-6.594775606849623,-7.405224393150377,7.405224393150377
DCA,DFW,DCA-DFW,12,2,0,6,224.0,1192.0,194.0,224.0,214.26387136377537,-9.736128636224635,-20.263871363775365,20.263871363775365
DCA,CLT,DCA-CLT,12,2,0,19,96.0,331.0,76.0,96.0,89.17510378821653,-6.824896211783468,-13.175103788216532,13.175103788216532
CLT,DCA,CLT-DCA,12,2,0,9,85.0,331.0,90.0,85.0,91.72006968227785,6.7200696822778525,-1.7200696822778525,1.7200696822778525
DCA,ORD,DCA-ORD,12,2,0,11,133.0,612.0,116.0,133.0,127.631565723319,-5.3684342766810005,-11.631565723319,11.631565723319
ORD,DCA,ORD-DCA,12,2,0,15,122.0,612.0,128.0,122.0,118.32343612682067,-3.676563873179333,9.676563873179333,9.676563873179333
DCA,MIA,DCA-MIA,12,2,0,8,167.0,919.0,154.0,167.0,159.3220939365595,-7.677906063440503,-5.322093936559497,5.322093936559497
ORD,DCA,ORD-DCA,12,2,0,20,121.0,612.0,106.0,121.0,115.31298682127733,-5.687013178722665,-9.312986821277335,9.312986821277335
MIA,DCA,MIA-DCA,12,2,0,20,152.0,919.0,151.0,152.0,148.00333202194344,-3.996667978056564,2.996667978056564,2.996667978056564
RIC,CLT,RIC-CLT,12,2,0,6,87.0,257.0,67.0,87.0,77.12690360266517,-9.873096397334834,-10.126903602665166,10.126903602665166
DCA,MIA,DCA-MIA,12,2,0,5,160.0,919.0,145.0,160.0,152.18342149981964,-7.816578500180356,-7.183421499819644,7.183421499819644
DFW,DCA,DFW-DCA,12,2,0,17,165.0,1192.0,154.0,165.0,165.98605283740704,0.9860528374070441,-11.986052837407044,11.986052837407044
DCA,ORD,DCA-ORD,12,2,0,6,139.0,612.0,120.0,139.0,133.85607232922555,-5.1439276707744455,-13.856072329225555,13.856072329225555
CLT,ORF,CLT-ORF,12,2,0,8,74.0,290.0,67.0,74.0,68.19669816013935,-5.8033018398606515,-1.1966981601393485,1.1966981601393485
ORF,CLT,ORF-CLT,12,2,0,10,91.0,290.0,78.0,91.0,81.2887756278231,-9.7112243721769,-3.2887756278230995,3.2887756278230995
MIA,DCA,MIA-DCA,12,2,0,21,165.0,919.0,149.0,165.0,158.0157765495939,-6.984223450406091,-9.015776549593909,9.015776549593909
MIA,ORF,MIA-ORF,12,2,0,21,144.0,802.0,130.0,144.0,133.1933073563507,-10.806692643649313,-3.1933073563506866,3.1933073563506866
RIC,MIA,RIC-MIA,12,2,0,6,160.0,826.0,145.0,160.0,150.45502126743688,-9.544978732563123,-5.4550212674368765,5.4550212674368765
DCA,MCO,DCA-MCO,12,2,0,6,144.0,759.0,139.0,144.0,141.38415019791887,-2.6158498020811294,-2.3841501979188706,2.3841501979188706
DCA,MIA,DCA-MIA,12,2,0,17,167.0,919.0,166.0,167.0,161.10085739465632,-5.899142605343684,4.899142605343684,4.899142605343684
MIA,DCA,MIA-DCA,12,2,0,14,147.0,919.0,147.0,147.0,145.63023450470945,-1.369765495290551,1.369765495290551,1.369765495290551
DCA,MIA,DCA-MIA,12,2,0,5,162.0,919.0,170.0,162.0,153.20287121877305,-8.797128781226945,16.797128781226945,16.797128781226945
MCO,DCA,MCO-DCA,12,2,0,20,132.0,759.0,130.0,132.0,129.06317880346174,-2.9368211965382613,0.9368211965382613,0.9368211965382613
TPA,DCA,TPA-DCA,12,2,0,14,134.0,814.0,138.0,134.0,131.1333138709388,-2.8666861290612076,6.866686129061208,6.866686129061208
DCA,MIA,DCA-MIA,12,2,0,17,177.0,919.0,174.0,177.0,164.42176690638155,-12.57823309361845,9.57823309361845,9.57823309361845
DCA,PHX,DCA-PHX,12,2,0,16,306.0,1979.0,277.0,306.0,296.1565064530625,-9.843493546937509,-19.15650645306249,19.15650645306249
PHX,DCA,PHX-DCA,12,2,0,9,257.0,1979.0,256.0,257.0,246.6566354615352,-10.343364538464812,9.343364538464812,9.343364538464812
DCA,PHX,DCA-PHX,12,2,0,7,322.0,1979.0,307.0,322.0,306.10070030577793,-15.899299694222066,0.8992996942220657,0.8992996942220657
DCA,LAX,DCA-LAX,12,2,0,17,356.0,2311.0,330.0,356.0,344.74421690683874,-11.255783093161256,-14.744216906838744,14.744216906838744
LAX,DCA,LAX-DCA,12,2,0,7,296.0,2311.0,314.0,296.0,284.964435069672,-11.035564930328007,29.035564930328007,29.035564930328007
DCA,PHX,DCA-PHX,12,2,0,10,316.0,1979.0,281.0,316.0,304.9576599499199,-11.0423400500801,-23.9576599499199,23.9576599499199
PHX,DCA,PHX-DCA,12,2,0,14,249.0,1979.0,260.0,249.0,243.29382773219564,-5.706172267804362,16.706172267804362,16.706172267804362
LAS,DCA,LAS-DCA,12,2,0,13,269.0,2089.0,266.0,269.0,263.66693263523257,-5.33306736476743,2.3330673647674303,2.3330673647674303
LAX,DCA,LAX-DCA,12,2,0,12,294.0,2311.0,297.0,294.0,282.1723802309215,-11.827619769078524,14.827619769078524,14.827619769078524
PHX,DCA,PHX-DCA,12,2,0,0,243.0,1979.0,256.0,243.0,236.02696594915557,-6.973034050844433,19.973034050844433,19.973034050844433
DCA,LAX,DCA-LAX,12,2,0,8,366.0,2311.0,328.0,366.0,348.14105366307774,-17.85894633692226,-20.14105366307774,20.14105366307774
DCA,LAS,DCA-LAS,12,2,0,7,330.0,2089.0,314.0,330.0,318.2046914308778,-11.795308569122199,-4.204691430877801,4.204691430877801
CLT,DCA,CLT-DCA,12,2,0,18,83.0,331.0,87.0,83.0,92.2791657486246,9.279165748624607,-5.279165748624607,5.279165748624607
CLT,IAD,CLT-IAD,12,2,0,21,83.0,322.0,85.0,83.0,76.91854913298927,-6.08145086701073,8.08145086701073,8.08145086701073
CLT,IAD,CLT-IAD,12,2,0,12,84.0,322.0,71.0,84.0,78.31507010307273,-5.684929896927272,-7.315070103072728,7.315070103072728
IAD,CLT,IAD-CLT,12,2,0,14,93.0,322.0,72.0,93.0,83.91648143840062,-9.083518561599377,-11.916481438400623,11.916481438400623
TPA,DCA,TPA-DCA,12,2,0,6,136.0,814.0,130.0,136.0,134.04544048264336,-1.9545595173566426,-4.045440482643357,4.045440482643357
DCA,PWM,DCA-PWM,12,2,0,22,90.0,482.0,88.0,90.0,86.48815112498139,-3.5118488750186145,1.5118488750186145,1.5118488750186145
DCA,SYR,DCA-SYR,12,2,0,10,88.0,298.0,74.0,88.0,77.72033375837741,-10.279666241622593,-3.720333758377407,3.720333758377407
SYR,DCA,SYR-DCA,12,2,0,12,91.0,298.0,73.0,91.0,83.10632010165003,-7.893679898349973,-10.106320101650027,10.106320101650027
DCA,RSW,DCA-RSW,12,2,0,14,168.0,892.0,145.0,168.0,159.92570993667331,-8.074290063326686,-14.925709936673314,14.925709936673314
RSW,DCA,RSW-DCA,12,2,0,18,149.0,892.0,137.0,149.0,147.5978436966708,-1.4021563033292068,-10.597843696670793,10.597843696670793
DCA,CLT,DCA-CLT,12,2,0,5,89.0,331.0,70.0,89.0,80.78671416168316,-8.213285838316835,-10.786714161683165,10.786714161683165
DCA,CLT,DCA-CLT,12,2,0,17,102.0,331.0,100.0,102.0,94.20894187717897,-7.791058122821028,5.791058122821028,5.791058122821028
BOS,DCA,BOS-DCA,12,2,0,14,111.0,399.0,107.0,111.0,105.48625386787576,-5.51374613212424,1.5137461321242398,1.5137461321242398
DCA,BOS,DCA-BOS,12,2,0,11,89.0,399.0,100.0,89.0,92.06297305755866,3.062973057558665,7.937026942441335,7.937026942441335
BOS,DCA,BOS-DCA,12,2,0,9,109.0,399.0,84.0,109.0,101.10973491198166,-7.890265088018339,-17.10973491198166,17.10973491198166
CLT,DCA,CLT-DCA,12,2,0,20,84.0,331.0,88.0,84.0,91.11907755112236,7.119077551122359,-3.119077551122359,3.119077551122359
JAX,DCA,JAX-DCA,12,2,0,7,116.0,634.0,106.0,116.0,114.17691738122936,-1.8230826187706413,-8.176917381229359,8.176917381229359
DCA,PBI,DCA-PBI,12,2,0,10,156.0,857.0,132.0,156.0,148.02066911264856,-7.979330887351438,-16.020669112648562,16.020669112648562
PBI,DCA,PBI-DCA,12,2,0,13,147.0,857.0,152.0,147.0,142.78294787122022,-4.217052128779784,9.217052128779784,9.217052128779784
DCA,PBI,DCA-PBI,12,2,0,16,154.0,857.0,136.0,154.0,148.3548524605924,-5.6451475394075885,-12.354852460592411,12.354852460592411
PBI,DCA,PBI-DCA,12,2,0,20,147.0,857.0,140.0,147.0,142.41412878132428,-4.58587121867572,-2.4141287813242798,2.4141287813242798
BOS,DCA,BOS-DCA,12,2,0,6,109.0,399.0,101.0,109.0,102.10710811995517,-6.892891880044829,-1.1071081199551713,1.1071081199551713
DCA,TPA,DCA-TPA,12,2,0,13,152.0,814.0,141.0,152.0,145.3204895871394,-6.679510412860594,-4.320489587139406,4.320489587139406
TPA,DCA,TPA-DCA,12,2,0,17,134.0,814.0,132.0,134.0,132.4132963047778,-1.5867036952222122,-0.4132963047777878,0.4132963047777878
BOS,DCA,BOS-DCA,12,2,0,11,107.0,399.0,87.0,107.0,101.69875450926982,-5.301245490730182,-14.698754509269818,14.698754509269818
DCA,BOS,DCA-BOS,12,2,0,8,101.0,399.0,107.0,101.0,101.23529988769141,0.2352998876914114,5.764700112308589,5.764700112308589
DCA,BNA,DCA-BNA,12,2,0,20,126.0,562.0,117.0,126.0,116.47170036413385,-9.528299635866148,0.5282996358661478,0.5282996358661478
DCA,CHS,DCA-CHS,12,2,0,19,107.0,444.0,103.0,107.0,102.7086690249855,-4.291330975014503,0.2913309750145032,0.2913309750145032
DCA,PBI,DCA-PBI,12,2,0,7,153.0,857.0,147.0,153.0,146.4540759798921,-6.54592402010789,0.5459240201078899,0.5459240201078899
PBI,DCA,PBI-DCA,12,2,0,11,148.0,857.0,127.0,148.0,144.44494718081197,-3.5550528191880346,-17.444947180811965,17.444947180811965
BOS,DCA,BOS-DCA,12,2,0,17,111.0,399.0,119.0,111.0,106.71297784914158,-4.287022150858419,12.28702215085842,12.28702215085842
DCA,BOS,DCA-BOS,12,2,0,14,90.0,399.0,98.0,90.0,93.19736452922213,3.1973645292221278,4.802635470777872,4.802635470777872
CLT,DCA,CLT-DCA,12,2,0,7,82.0,331.0,98.0,82.0,92.71367599288563,10.713675992885626,5.286324007114374,5.286324007114374
DCA,BOS,DCA-BOS,12,2,0,15,90.0,399.0,101.0,90.0,94.02902409961492,4.029024099614915,6.970975900385085,6.970975900385085
DCA,PWM,DCA-PWM,12,2,0,10,93.0,482.0,99.0,93.0,91.03780529642432,-1.9621947035756762,7.962194703575676,7.962194703575676
PWM,DCA,PWM-DCA,12,2,0,12,121.0,482.0,95.0,121.0,113.9760100321535,-7.023989967846504,-18.976010032153496,18.976010032153496
DCA,SRQ,DCA-SRQ,12,2,0,8,158.0,851.0,145.0,158.0,148.37472944203137,-9.625270557968634,-3.3747294420313665,3.3747294420313665
SRQ,DCA,SRQ-DCA,12,2,0,11,149.0,851.0,141.0,149.0,144.44494718081197,-4.555052819188035,-3.4449471808119654,3.4449471808119654
DCA,BDL,DCA-BDL,12,2,0,15,88.0,313.0,92.0,88.0,79.61860211214366,-8.381397887856338,12.381397887856338,12.381397887856338
CHS,DCA,CHS-DCA,12,2,0,6,94.0,444.0,102.0,94.0,90.38200260964133,-3.617997390358667,11.617997390358667,11.617997390358667
DCA,BOS,DCA-BOS,12,2,0,22,89.0,399.0,91.0,89.0,89.19429972711121,0.1942997271112148,1.8057002728887852,1.8057002728887852
DCA,FLL,DCA-FLL,12,2,0,15,170.0,899.0,160.0,170.0,160.12281247311333,-9.877187526886672,-0.12281247311332777,0.12281247311332777
FLL,DCA,FLL-DCA,12,2,0,18,154.0,899.0,146.0,154.0,149.41260277445485,-4.587397225545146,-3.4126027744548537,3.4126027744548537
ORD,DCA,ORD-DCA,12,2,0,11,113.0,612.0,103.0,113.0,113.48328726939823,0.4832872693982324,-10.483287269398232,10.483287269398232
BOS,DCA,BOS-DCA,12,2,0,6,110.0,399.0,93.0,110.0,103.1744930934432,-6.825506906556797,-10.174493093443203,10.174493093443203
DCA,BOS,DCA-BOS,12,2,0,17,97.0,399.0,108.0,97.0,97.84278448415596,0.8427844841559562,10.157215515844044,10.157215515844044
DCA,FLL,DCA-FLL,12,2,0,10,177.0,899.0,142.0,177.0,160.0052070914998,-16.994792908500187,-18.005207091499813,18.005207091499813
FLL,DCA,FLL-DCA,12,2,0,13,153.0,899.0,157.0,153.0,147.6773123707606,-5.322687629239397,9.322687629239397,9.322687629239397
DCA,TPA,DCA-TPA,12,2,0,20,153.0,814.0,131.0,153.0,146.45773257767584,-6.542267422324159,-15.457732577675841,15.457732577675841
DCA,JAX,DCA-JAX,12,2,0,15,126.0,634.0,115.0,126.0,121.41309047787396,-4.586909522126035,-6.413090477873965,6.413090477873965
JAX,DCA,JAX-DCA,12,2,0,18,116.0,634.0,127.0,116.0,115.21195548547644,-0.7880445145235626,11.788044514523563,11.788044514523563
DCA,RSW,DCA-RSW,12,2,0,10,166.0,892.0,147.0,166.0,158.3241464936343,-7.675853506365712,-11.324146493634288,11.324146493634288
RSW,DCA,RSW-DCA,12,2,0,13,147.0,892.0,143.0,147.0,143.58884893218337,-3.4111510678166326,-0.5888489321833674,0.5888489321833674
BNA,DCA,BNA-DCA,12,2,0,6,109.0,562.0,119.0,109.0,107.1704256886827,-1.8295743113173017,11.829574311317302,11.829574311317302
IAD,CLT,IAD-CLT,12,2,0,7,93.0,322.0,70.0,93.0,88.09579749921838,-4.904202500781622,-18.095797499218378,18.095797499218378
CLT,DCA,CLT-DCA,12,2,0,21,95.0,331.0,70.0,95.0,85.33788106150207,-9.662118938497926,-15.337881061502074,15.337881061502074
CLT,ORF,CLT-ORF,12,2,0,12,74.0,290.0,68.0,74.0,67.97981676478119,-6.020183235218809,0.02018323521880916,0.02018323521880916
ORF,CLT,ORF-CLT,12,2,0,14,92.0,290.0,79.0,92.0,81.93744423200431,-10.06255576799569,-2.93744423200431,2.93744423200431
DFW,DCA,DFW-DCA,12,2,0,5,169.0,1192.0,174.0,169.0,164.27026027145575,-4.729739728544246,9.729739728544246,9.729739728544246
DCA,TPA,DCA-TPA,12,2,0,10,168.0,814.0,140.0,168.0,154.36005152354377,-13.639948476456226,-14.360051523543774,14.360051523543774
DCA,CLT,DCA-CLT,12,2,0,6,91.0,331.0,88.0,91.0,87.13514928644834,-3.864850713551661,0.864850713551661,0.864850713551661
DCA,PVD,DCA-PVD,12,2,0,13,78.0,356.0,76.0,78.0,76.5883854474366,-1.4116145525634067,-0.5883854474365933,0.5883854474365933
PVD,DCA,PVD-DCA,12,2,0,15,96.0,356.0,95.0,96.0,93.08203978951575,-2.917960210484253,1.917960210484253,1.917960210484253
BNA,DCA,BNA-DCA,12,2,0,20,108.0,562.0,118.0,108.0,106.92509410820439,-1.0749058917956091,11.07490589179561,11.07490589179561
DCA,BNA,DCA-BNA,12,2,0,17,120.0,562.0,121.0,120.0,118.05985435229773,-1.9401456477022663,2.9401456477022663,2.9401456477022663
DCA,RSW,DCA-RSW,12,2,0,6,157.0,892.0,152.0,157.0,150.04964123969904,-6.950358760300958,1.9503587603009578,1.9503587603009578
RSW,DCA,RSW-DCA,12,2,0,10,147.0,892.0,137.0,147.0,141.98014675476188,-5.019853245238124,-4.980146754761876,4.980146754761876
SAT,DCA,SAT-DCA,12,2,0,6,192.0,1380.0,191.0,192.0,183.28229938941834,-8.717700610581659,7.717700610581659,7.717700610581659
DCA,DFW,DCA-DFW,12,2,0,11,217.0,1192.0,191.0,217.0,210.2189576125408,-6.781042387459195,-19.218957612540805,19.218957612540805
DCA,PWM,DCA-PWM,12,2,0,14,91.0,482.0,93.0,91.0,91.9258292885889,0.9258292885889006,1.0741707114110994,1.0741707114110994
PWM,DCA,PWM-DCA,12,2,0,17,117.0,482.0,116.0,117.0,111.63773053658507,-5.362269463414933,4.362269463414933,4.362269463414933
DCA,VPS,DCA-VPS,12,2,0,8,156.0,789.0,136.0,156.0,148.6265955746536,-7.3734044253463935,-12.626595574653606,12.626595574653606
VPS,DCA,VPS-DCA,12,2,0,10,130.0,789.0,134.0,130.0,128.44139500736202,-1.5586049926379815,5.5586049926379815,5.5586049926379815
DCA,ORD,DCA-ORD,12,2,0,19,143.0,612.0,135.0,143.0,137.44748732351758,-5.552512676482422,-2.447487323517578,2.447487323517578
DCA,JAX,DCA-JAX,12,2,0,19,131.0,634.0,115.0,131.0,128.2350153173251,-2.764984682674907,-13.235015317325093,13.235015317325093
CHS,DCA,CHS-DCA,12,2,0,17,97.0,444.0,104.0,97.0,96.25365150776976,-0.7463484922302399,7.74634849223024,7.74634849223024
DCA,CHS,DCA-CHS,12,2,0,14,98.0,444.0,91.0,98.0,97.02978811095088,-0.9702118890491249,-6.029788110950875,6.029788110950875
DCA,MSY,DCA-MSY,12,2,0,6,178.0,969.0,150.0,178.0,164.26117594827159,-13.738824051728415,-14.261175948271585,14.261175948271585
MSY,DCA,MSY-DCA,12,2,0,9,148.0,969.0,146.0,148.0,146.7672084703335,-1.232791529666514,-0.767208470333486,0.767208470333486
MCO,DCA,MCO-DCA,12,2,0,6,134.0,759.0,119.0,134.0,130.15386563200846,-3.8461343679915387,-11.153865632008461,11.153865632008461
DCA,MIA,DCA-MIA,12,2,0,9,165.0,919.0,151.0,165.0,159.29268623265975,-5.707313767340253,-8.292686232659747,8.292686232659747
DCA,ORD,DCA-ORD,12,2,0,9,134.0,612.0,122.0,134.0,127.15253928526587,-6.847460714734126,-5.152539285265874,5.152539285265874
ORD,DCA,ORD-DCA,12,2,0,6,115.0,612.0,100.0,115.0,115.17032023086017,0.17032023086017034,-15.17032023086017,15.17032023086017
BOS,DCA,BOS-DCA,12,2,0,7,124.0,399.0,108.0,124.0,111.03038153592367,-12.969618464076333,-3.0303815359236665,3.0303815359236665
DCA,DFW,DCA-DFW,12,2,0,10,228.0,1192.0,188.0,228.0,216.2200646745189,-11.779935325481091,-28.22006467451891,28.22006467451891
DFW,DCA,DFW-DCA,12,2,0,10,169.0,1192.0,169.0,169.0,163.11685036240522,-5.883149637594784,5.883149637594784,5.883149637594784
DCA,MIA,DCA-MIA,12,2,0,14,173.0,919.0,151.0,173.0,162.67339573260483,-10.326604267395169,-11.673395732604831,11.673395732604831
PWM,DCA,PWM-DCA,12,2,0,5,120.0,482.0,121.0,120.0,112.06403090064863,-7.935969099351368,8.935969099351368,8.935969099351368
BOS,DCA,BOS-DCA,12,2,0,20,110.0,399.0,95.0,110.0,102.9291615129649,-7.070838487035104,-7.929161512964896,7.929161512964896
DCA,BOS,DCA-BOS,12,2,0,18,84.0,399.0,107.0,84.0,93.62407106693614,9.62407106693614,13.37592893306386,13.37592893306386
RIC,CLT,RIC-CLT,12,2,0,7,87.0,257.0,64.0,87.0,77.29873456198234,-9.701265438017657,-13.298734561982343,13.298734561982343
MCO,DCA,MCO-DCA,12,2,0,15,136.0,759.0,137.0,136.0,134.657359115807,-1.3426408841930026,2.3426408841930026,2.3426408841930026
DCA,TPA,DCA-TPA,12,2,0,18,148.0,814.0,135.0,148.0,146.5268552976821,-1.47314470231791,-11.52685529768209,11.52685529768209
DCA,SAT,DCA-SAT,12,2,0,19,231.0,1380.0,217.0,231.0,218.34697759608866,-12.653022403911336,-1.3469775960886636,1.3469775960886636
DFW,DCA,DFW-DCA,12,2,0,14,167.0,1192.0,156.0,167.0,164.61740156516717,-2.382598434832829,-8.617401565167171,8.617401565167171
IAD,DFW,IAD-DFW,12,2,0,6,223.0,1172.0,188.0,223.0,205.6765852167307,-17.3234147832693,-17.6765852167307,17.6765852167307
DCA,DFW,DCA-DFW,12,2,0,18,217.0,1192.0,217.0,217.0,212.14646178489224,-4.853538215107761,4.853538215107761,4.853538215107761
CLT,DCA,CLT-DCA,12,2,0,16,86.0,331.0,108.0,86.0,92.32736745437681,6.327367454376812,15.672632545623188,15.672632545623188
DCA,BOS,DCA-BOS,12,2,0,20,91.0,399.0,91.0,91.0,95.68506890819864,4.6850689081986445,-4.6850689081986445,4.6850689081986445
DFW,DCA,DFW-DCA,12,2,0,15,166.0,1192.0,168.0,166.0,165.73420358450775,-0.26579641549224675,2.2657964154922468,2.2657964154922468
MIA,RIC,MIA-RIC,12,2,0,21,144.0,826.0,146.0,144.0,137.12401044752494,-6.875989552475062,8.875989552475062,8.875989552475062
CLT,RIC,CLT-RIC,12,2,0,8,74.0,257.0,83.0,74.0,68.16101147344314,-5.838988526556861,14.83898852655686,14.83898852655686
RIC,CLT,RIC-CLT,12,2,0,10,86.0,257.0,74.0,86.0,76.30136135400883,-9.698638645991167,-2.301361354008833,2.301361354008833
CLT,RIC,CLT-RIC,12,2,0,13,72.0,257.0,63.0,72.0,67.26954655784988,-4.730453442150122,-4.269546557849878,4.269546557849878
RIC,DFW,RIC-DFW,12,2,0,15,219.0,1158.0,206.0,219.0,215.3239218897463,-3.6760781102537123,-9.323921889746288,9.323921889746288
CLT,RIC,CLT-RIC,12,2,0,20,75.0,257.0,71.0,75.0,69.25515610348295,-5.744843896517054,1.7448438965170538,1.7448438965170538
DCA,MIA,DCA-MIA,12,2,0,19,177.0,919.0,160.0,177.0,163.87478322455183,-13.125216775448166,-3.874783224551834,3.874783224551834
MIA,DCA,MIA-DCA,12,2,0,16,151.0,919.0,149.0,151.0,149.53161521401,-1.468384785989997,-0.531615214010003,0.531615214010003
DCA,DFW,DCA-DFW,12,2,0,17,229.0,1192.0,202.0,229.0,218.593275942815,-10.406724057184988,-16.593275942815012,16.593275942815012
ORD,DCA,ORD-DCA,12,2,0,12,120.0,612.0,128.0,120.0,119.78740077949863,-0.21259922050137448,8.212599220501374,8.212599220501374
DCA,DFW,DCA-DFW,12,2,0,14,222.0,1192.0,201.0,222.0,211.56747667565375,-10.43252332434625,-10.56747667565375,10.56747667565375
MCO,DCA,MCO-DCA,12,2,0,11,133.0,759.0,141.0,133.0,129.63551886208805,-3.3644811379119517,11.364481137911952,11.364481137911952
ORF,DFW,ORF-DFW,12,2,0,6,231.0,1212.0,205.0,231.0,219.4106750335386,-11.58932496646139,-14.41067503353861,14.41067503353861
MCO,DCA,MCO-DCA,12,2,0,19,133.0,759.0,125.0,133.0,130.90143182403574,-2.0985681759642603,-5.90143182403574,5.90143182403574
DFW,ORF,DFW-ORF,12,2,0,18,167.0,1212.0,160.0,167.0,165.20586343325178,-1.7941365667482216,-5.205863433251778,5.205863433251778
DFW,RIC,DFW-RIC,12,2,0,18,163.0,1158.0,155.0,163.0,157.77220130174555,-5.227798698254446,-2.772201301745554,2.772201301745554
DCA,DFW,DCA-DFW,12,2,0,7,219.0,1192.0,208.0,219.0,212.0120854519226,-6.987914548077413,-4.012085451922587,4.012085451922587
ORF,CLT,ORF-CLT,12,2,0,6,89.0,290.0,76.0,89.0,79.48428404664828,-9.515715953351716,-3.484284046648284,3.484284046648284
DCA,MCO,DCA-MCO,12,2,0,17,157.0,759.0,151.0,157.0,150.1302217088456,-6.869778291154404,0.8697782911544039,0.8697782911544039
DFW,DCA,DFW-DCA,12,2,0,12,174.0,1192.0,162.0,174.0,169.81806165619875,-4.181938343801249,-7.818061656198751,7.818061656198751
CLT,ORF,CLT-ORF,12,2,0,21,78.0,290.0,76.0,78.0,65.72334135686515,-12.276658643134851,10.276658643134851,10.276658643134851
DCA,CLT,DCA-CLT,12,2,0,10,109.0,331.0,82.0,109.0,94.60153424386861,-14.398465756131387,-12.601534243868613,12.601534243868613
MIA,DCA,MIA-DCA,12,2,0,17,153.0,919.0,159.0,153.0,151.15144093289143,-1.8485590671085674,7.848559067108567,7.848559067108567
DCA,MCO,DCA-MCO,12,2,0,8,142.0,759.0,148.0,142.0,140.57199255274688,-1.4280074472531226,7.428007447253123,7.428007447253123
MIA,DCA,MIA-DCA,12,2,0,6,149.0,919.0,140.0,149.0,147.66586765709923,-1.334132342900773,-7.665867657099227,7.665867657099227
DCA,ORD,DCA-ORD,12,2,0,15,146.0,612.0,153.0,146.0,140.8235561528652,-5.176443847134806,12.176443847134806,12.176443847134806
MIA,DCA,MIA-DCA,12,2,0,11,156.0,919.0,137.0,156.0,151.31226241630358,-4.687737583696418,-14.312262416303582,14.312262416303582
DFW,IAD,DFW-IAD,12,2,0,12,174.0,1172.0,167.0,174.0,168.6029918528163,-5.397008147183698,-1.6029918528163023,1.6029918528163023
IAD,DFW,IAD-DFW,12,2,0,17,228.0,1172.0,198.0,228.0,210.2741254145086,-17.725874585491397,-12.274125414508603,12.274125414508603
MIA,DCA,MIA-DCA,12,2,0,18,153.0,919.0,168.0,153.0,151.15144093289143,-1.8485590671085674,16.848559067108567,16.848559067108567
CLT,RIC,CLT-RIC,12,2,0,21,73.0,257.0,60.0,73.0,67.16531917607344,-5.834680823926561,-7.165319176073439,7.165319176073439
ORF,MIA,ORF-MIA,12,2,0,5,146.0,802.0,158.0,146.0,136.8004044029672,-9.199595597032811,21.19959559703281,21.19959559703281
DCA,MIA,DCA-MIA,12,2,0,7,172.0,919.0,193.0,172.0,161.99537000078857,-10.004629999211431,31.00462999921143,31.00462999921143
DCA,MIA,DCA-MIA,12,2,0,11,164.0,919.0,143.0,164.0,159.77171267071293,-4.22828732928707,-16.77171267071293,16.77171267071293
DFW,DCA,DFW-DCA,12,2,0,7,170.0,1192.0,177.0,170.0,166.72300955379347,-3.2769904462065256,10.276990446206526,10.276990446206526
RIC,CLT,RIC-CLT,12,2,0,15,86.0,257.0,72.0,86.0,78.19962970777509,-7.800370292224912,-6.199629707775088,6.199629707775088
DFW,RIC,DFW-RIC,12,2,0,10,170.0,1158.0,157.0,170.0,161.53375523944948,-8.466244760550524,-4.5337552394494764,4.5337552394494764
MIA,DCA,MIA-DCA,12,2,0,10,157.0,919.0,142.0,157.0,150.7232428190154,-6.276757180984589,-8.723242819015411,8.723242819015411
DCA,CLT,DCA-CLT,12,2,0,13,91.0,331.0,81.0,91.0,87.50173882485674,-3.4982611751432557,-6.501738824856744,6.501738824856744
DFW,IAD,DFW-IAD,12,2,0,19,170.0,1172.0,175.0,170.0,166.6243375613002,-3.3756624386998055,8.375662438699806,8.375662438699806
MIA,DCA,MIA-DCA,12,2,0,8,150.0,919.0,138.0,150.0,148.02275137279725,-1.977248627202755,-10.022751372797245,10.022751372797245
DCA,MCO,DCA-MCO,12,2,0,11,148.0,759.0,134.0,148.0,143.80411298832016,-4.195887011679844,-9.804112988320156,9.804112988320156
DCA,DFW,DCA-DFW,12,2,0,8,232.0,1192.0,195.0,232.0,218.02394423527156,-13.976055764728443,-23.023944235271557,23.023944235271557
DCA,MCO,DCA-MCO,12,2,0,15,156.0,759.0,158.0,156.0,149.91660941608725,-6.083390583912745,8.083390583912745,8.083390583912745
CLT,DCA,CLT-DCA,12,2,0,12,87.0,331.0,82.0,87.0,92.69715050410682,5.697150504106816,-10.697150504106816,10.697150504106816
DFW,ORF,DFW-ORF,12,2,0,10,175.0,1212.0,171.0,175.0,166.55983590407706,-8.440164095922938,4.440164095922938,4.440164095922938
ORF,DFW,ORF-DFW,12,2,0,15,228.0,1212.0,215.0,228.0,220.16308465522272,-7.836915344777282,-5.163084655222718,5.163084655222718
DCA,DFW,DCA-DFW,12,2,0,12,222.0,1192.0,192.0,222.0,211.50676422883893,-10.493235771161068,-19.506764228838932,19.506764228838932
DFW,DCA,DFW-DCA,12,2,0,8,170.0,1192.0,167.0,170.0,166.87494562496425,-3.125054375035745,0.12505437503574512,0.12505437503574512
TPA,DCA,TPA-DCA,12,2,0,18,135.0,814.0,133.0,135.0,132.4132963047778,-2.586703695222212,0.5867036952222122,0.5867036952222122
CLT,DCA,CLT-DCA,12,3,0,18,83.0,331.0,86.0,83.0,92.2791657486246,9.279165748624607,-6.279165748624607,6.279165748624607
DCA,PBI,DCA-PBI,12,3,0,14,163.0,857.0,145.0,163.0,151.75659543670972,-11.243404563290284,-6.756595436709716,6.756595436709716
PBI,DCA,PBI-DCA,12,3,0,18,148.0,857.0,132.0,148.0,146.79194263570764,-1.2080573642923582,-14.791942635707642,14.791942635707642
DCA,TPA,DCA-TPA,12,3,0,8,150.0,814.0,155.0,150.0,145.05509032840484,-4.9449096715951555,9.944909671595155,9.944909671595155
TPA,DCA,TPA-DCA,12,3,0,11,135.0,814.0,130.0,135.0,130.13691932429822,-4.863080675701781,-0.13691932429821918,0.13691932429821918
DCA,DFW,DCA-DFW,12,3,0,6,224.0,1192.0,204.0,224.0,214.26387136377537,-9.736128636224635,-10.263871363775365,10.263871363775365
DCA,CLT,DCA-CLT,12,3,0,19,96.0,331.0,83.0,96.0,89.17510378821653,-6.824896211783468,-6.175103788216532,6.175103788216532
CLT,DCA,CLT-DCA,12,3,0,9,85.0,331.0,81.0,85.0,91.72006968227785,6.7200696822778525,-10.720069682277853,10.720069682277853
DCA,ORD,DCA-ORD,12,3,0,11,133.0,612.0,115.0,133.0,127.631565723319,-5.3684342766810005,-12.631565723319,12.631565723319
ORD,DCA,ORD-DCA,12,3,0,15,122.0,612.0,112.0,122.0,118.32343612682067,-3.676563873179333,-6.323436126820667,6.323436126820667
CLT,IAD,CLT-IAD,12,3,0,21,83.0,322.0,73.0,83.0,76.67406843706044,-6.325931562939559,-3.6740684370604413,3.6740684370604413
DCA,DFW,DCA-DFW,12,3,0,12,222.0,1192.0,234.0,222.0,211.50676422883893,-10.493235771161068,22.493235771161068,22.493235771161068
DFW,DCA,DFW-DCA,12,3,0,8,170.0,1192.0,166.0,170.0,166.87494562496425,-3.125054375035745,-0.8749456249642549,0.8749456249642549
DFW,DCA,DFW-DCA,12,3,0,19,171.0,1192.0,171.0,171.0,167.75860965900708,-3.241390340992922,3.241390340992922,3.241390340992922
MIA,DCA,MIA-DCA,12,3,0,21,161.0,919.0,154.0,161.0,152.62823460383984,-8.371765396160157,1.371765396160157,1.371765396160157
DCA,MIA,DCA-MIA,12,3,0,5,162.0,919.0,145.0,162.0,153.20287121877305,-8.797128781226945,-8.202871218773055,8.202871218773055
DCA,MCO,DCA-MCO,12,3,0,6,144.0,759.0,134.0,144.0,141.94963156421804,-2.0503684357819623,-7.949631564218038,7.949631564218038
DCA,DFW,DCA-DFW,12,3,0,7,219.0,1192.0,199.0,219.0,212.0120854519226,-6.987914548077413,-13.012085451922587,13.012085451922587
MIA,ORF,MIA-ORF,12,3,0,21,144.0,802.0,126.0,144.0,133.1933073563507,-10.806692643649313,-7.193307356350687,7.193307356350687
MCO,DCA,MCO-DCA,12,3,0,20,132.0,759.0,119.0,132.0,129.06317880346174,-2.9368211965382613,-10.063178803461739,10.063178803461739
MIA,DCA,MIA-DCA,12,3,0,20,152.0,919.0,142.0,152.0,148.00333202194344,-3.996667978056564,-6.003332021943436,6.003332021943436
CLT,ORF,CLT-ORF,12,3,0,8,74.0,290.0,80.0,74.0,68.19669816013935,-5.8033018398606515,11.803301839860652,11.803301839860652
ORF,CLT,ORF-CLT,12,3,0,10,91.0,290.0,80.0,91.0,81.2887756278231,-9.7112243721769,-1.2887756278230995,1.2887756278230995
MCO,DCA,MCO-DCA,12,3,0,19,133.0,759.0,126.0,133.0,130.90143182403574,-2.0985681759642603,-4.90143182403574,4.90143182403574
DCA,ORD,DCA-ORD,12,3,0,6,139.0,612.0,133.0,139.0,133.85607232922555,-5.1439276707744455,-0.8560723292255545,0.8560723292255545
ORF,MIA,ORF-MIA,12,3,0,5,146.0,802.0,129.0,146.0,136.8004044029672,-9.199595597032811,-7.800404402967189,7.800404402967189
DCA,MIA,DCA-MIA,12,3,0,8,167.0,919.0,161.0,167.0,159.3220939365595,-7.677906063440503,1.6779060634405027,1.6779060634405027
MIA,DCA,MIA-DCA,12,3,0,18,153.0,919.0,165.0,153.0,151.15144093289143,-1.8485590671085674,13.848559067108567,13.848559067108567
DCA,MIA,DCA-MIA,12,3,0,5,160.0,919.0,143.0,160.0,152.18342149981964,-7.816578500180356,-9.183421499819644,9.183421499819644
DCA,MIA,DCA-MIA,12,3,0,19,177.0,919.0,179.0,177.0,163.87478322455183,-13.125216775448166,15.125216775448166,15.125216775448166
MIA,DCA,MIA-DCA,12,3,0,16,151.0,919.0,144.0,151.0,149.53161521401,-1.468384785989997,-5.531615214010003,5.531615214010003
BOS,DCA,BOS-DCA,12,3,0,14,111.0,399.0,112.0,111.0,105.48625386787576,-5.51374613212424,6.51374613212424,6.51374613212424
DCA,BOS,DCA-BOS,12,3,0,17,97.0,399.0,135.0,97.0,97.45733131374088,0.4573313137408803,37.54266868625912,37.54266868625912
DCA,PHX,DCA-PHX,12,3,0,16,306.0,1979.0,302.0,306.0,296.1565064530625,-9.843493546937509,5.843493546937509,5.843493546937509
PHX,DCA,PHX-DCA,12,3,0,9,257.0,1979.0,241.0,257.0,246.6566354615352,-10.343364538464812,-5.656635461535188,5.656635461535188
PHX,DCA,PHX-DCA,12,3,0,14,249.0,1979.0,251.0,249.0,243.29382773219564,-5.706172267804362,7.706172267804362,7.706172267804362
DCA,PHX,DCA-PHX,12,3,0,10,316.0,1979.0,284.0,316.0,305.3486422647246,-10.651357735275383,-21.348642264724617,21.348642264724617
DCA,PHX,DCA-PHX,12,3,0,7,322.0,1979.0,311.0,322.0,306.49168262058265,-15.508317379417349,4.508317379417349,4.508317379417349
DCA,LAS,DCA-LAS,12,3,0,7,330.0,2089.0,317.0,330.0,318.2046914308778,-11.795308569122199,-1.2046914308778014,1.2046914308778014
LAS,DCA,LAS-DCA,12,3,0,13,269.0,2089.0,260.0,269.0,263.66693263523257,-5.33306736476743,-3.6669326352325697,3.6669326352325697
DCA,LAX,DCA-LAX,12,3,0,17,356.0,2311.0,319.0,356.0,345.13519922164346,-10.864800778356539,-26.13519922164346,26.13519922164346
LAX,DCA,LAX-DCA,12,3,0,7,296.0,2311.0,277.0,296.0,284.964435069672,-11.035564930328007,-7.9644350696719926,7.9644350696719926
LAX,DCA,LAX-DCA,12,3,0,12,294.0,2311.0,282.0,294.0,282.1723802309215,-11.827619769078524,-0.17238023092147614,0.17238023092147614
PHX,DCA,PHX-DCA,12,3,0,0,243.0,1979.0,241.0,243.0,236.02696594915557,-6.973034050844433,4.973034050844433,4.973034050844433
DCA,LAX,DCA-LAX,12,3,0,8,366.0,2311.0,348.0,366.0,348.53203597788246,-17.467964022117542,-0.5320359778824582,0.5320359778824582
DFW,RIC,DFW-RIC,12,3,0,18,163.0,1158.0,155.0,163.0,157.77220130174555,-5.227798698254446,-2.772201301745554,2.772201301745554
DCA,CLT,DCA-CLT,12,3,0,8,94.0,331.0,104.0,94.0,87.94608208643898,-6.053917913561023,16.053917913561023,16.053917913561023
CLT,RIC,CLT-RIC,12,3,0,15,71.0,257.0,58.0,71.0,68.21218115586457,-2.7878188441354297,-10.21218115586457,10.21218115586457
RIC,CLT,RIC-CLT,12,3,0,17,86.0,257.0,85.0,86.0,79.39304064859954,-6.606959351400462,5.606959351400462,5.606959351400462
DCA,ORD,DCA-ORD,12,3,0,9,134.0,612.0,125.0,134.0,127.15253928526587,-6.847460714734126,-2.152539285265874,2.152539285265874
TPA,DCA,TPA-DCA,12,3,0,6,136.0,814.0,137.0,136.0,134.04544048264336,-1.9545595173566426,2.9545595173566426,2.9545595173566426
DCA,JAX,DCA-JAX,12,3,0,19,131.0,634.0,123.0,131.0,128.2350153173251,-2.764984682674907,-5.235015317325093,5.235015317325093
DCA,JAX,DCA-JAX,12,3,0,15,126.0,634.0,120.0,126.0,121.41309047787396,-4.586909522126035,-1.4130904778739648,1.4130904778739648
JAX,DCA,JAX-DCA,12,3,0,18,116.0,634.0,96.0,116.0,115.21195548547644,-0.7880445145235626,-19.211955485476437,19.211955485476437
IAD,CLT,IAD-CLT,12,3,0,7,93.0,322.0,91.0,93.0,88.09579749921838,-4.904202500781622,2.904202500781622,2.904202500781622
ORD,DCA,ORD-DCA,12,3,0,20,120.0,612.0,99.0,120.0,115.31298682127733,-4.687013178722665,-16.312986821277335,16.312986821277335
PWM,DCA,PWM-DCA,12,3,0,5,120.0,482.0,106.0,120.0,112.06403090064863,-7.935969099351368,-6.064030900648632,6.064030900648632
DCA,PWM,DCA-PWM,12,3,0,14,91.0,482.0,99.0,91.0,91.9258292885889,0.9258292885889006,7.074170711411099,7.074170711411099
PWM,DCA,PWM-DCA,12,3,0,17,117.0,482.0,116.0,117.0,111.63773053658507,-5.362269463414933,4.362269463414933,4.362269463414933
DCA,VPS,DCA-VPS,12,3,0,8,157.0,789.0,143.0,157.0,148.6265955746536,-8.373404425346394,-5.6265955746536065,5.6265955746536065
VPS,DCA,VPS-DCA,12,3,0,10,130.0,789.0,125.0,130.0,128.44139500736202,-1.5586049926379815,-3.4413950073620185,3.4413950073620185
DCA,BNA,DCA-BNA,12,3,0,20,126.0,562.0,124.0,126.0,116.47170036413385,-9.528299635866148,7.528299635866148,7.528299635866148
CLT,IAD,CLT-IAD,12,3,0,12,84.0,322.0,87.0,84.0,77.66739829538744,-6.332601704612557,9.332601704612557,9.332601704612557
IAD,CLT,IAD-CLT,12,3,0,14,93.0,322.0,111.0,93.0,83.91648143840062,-9.083518561599377,27.083518561599377,27.083518561599377
DCA,PVD,DCA-PVD,12,3,0,13,78.0,356.0,161.0,78.0,76.39489473322207,-1.605105266777926,84.60510526677793,84.60510526677793
PVD,DCA,PVD-DCA,12,3,0,15,96.0,356.0,87.0,96.0,93.08203978951575,-2.917960210484253,-6.082039789515747,6.082039789515747
BNA,DCA,BNA-DCA,12,3,0,20,108.0,562.0,89.0,108.0,106.92509410820439,-1.0749058917956091,-17.92509410820439,17.92509410820439
DCA,BNA,DCA-BNA,12,3,0,17,120.0,562.0,130.0,120.0,118.05985435229773,-1.9401456477022663,11.940145647702266,11.940145647702266
DCA,RSW,DCA-RSW,12,3,0,6,157.0,892.0,148.0,157.0,150.04964123969904,-6.950358760300958,-2.049641239699042,2.049641239699042
RSW,DCA,RSW-DCA,12,3,0,10,147.0,892.0,139.0,147.0,141.98014675476188,-5.019853245238124,-2.9801467547618756,2.9801467547618756
CLT,ORF,CLT-ORF,12,3,0,12,74.0,290.0,76.0,74.0,67.97981676478119,-6.020183235218809,8.02018323521881,8.02018323521881
ORF,CLT,ORF-CLT,12,3,0,14,92.0,290.0,80.0,92.0,81.93744423200431,-10.06255576799569,-1.9374442320043102,1.9374442320043102
DCA,PBI,DCA-PBI,12,3,0,7,153.0,857.0,134.0,153.0,146.4540759798921,-6.54592402010789,-12.45407597989211,12.45407597989211
PBI,DCA,PBI-DCA,12,3,0,11,148.0,857.0,136.0,148.0,144.44494718081197,-3.5550528191880346,-8.444947180811965,8.444947180811965
DCA,BOS,DCA-BOS,12,3,0,15,90.0,399.0,98.0,90.0,93.64357092919984,3.6435709291998393,4.356429070800161,4.356429070800161
DCA,RSW,DCA-RSW,12,3,0,10,166.0,892.0,176.0,166.0,158.3241464936343,-7.675853506365712,17.675853506365712,17.675853506365712
RSW,DCA,RSW-DCA,12,3,0,13,147.0,892.0,138.0,147.0,143.58884893218337,-3.4111510678166326,-5.588848932183367,5.588848932183367
DCA,PBI,DCA-PBI,12,3,0,16,154.0,857.0,157.0,154.0,148.3548524605924,-5.6451475394075885,8.645147539407589,8.645147539407589
PBI,DCA,PBI-DCA,12,3,0,20,147.0,857.0,129.0,147.0,142.41412878132428,-4.58587121867572,-13.41412878132428,13.41412878132428
BNA,DCA,BNA-DCA,12,3,0,6,109.0,562.0,113.0,109.0,107.1704256886827,-1.8295743113173017,5.829574311317302,5.829574311317302
DCA,SRQ,DCA-SRQ,12,3,0,8,158.0,851.0,140.0,158.0,150.9875252585304,-7.012474741469589,-10.987525258530411,10.987525258530411
SRQ,DCA,SRQ-DCA,12,3,0,11,149.0,851.0,136.0,149.0,144.44494718081197,-4.555052819188035,-8.444947180811965,8.444947180811965
DCA,FLL,DCA-FLL,12,3,0,15,170.0,899.0,147.0,170.0,160.12281247311333,-9.877187526886672,-13.122812473113328,13.122812473113328
FLL,DCA,FLL-DCA,12,3,0,18,154.0,899.0,157.0,154.0,149.41260277445485,-4.587397225545146,7.587397225545146,7.587397225545146
CHS,DCA,CHS-DCA,12,3,0,6,94.0,444.0,84.0,94.0,90.38200260964133,-3.617997390358667,-6.382002609641333,6.382002609641333
CLT,DCA,CLT-DCA,12,3,0,21,95.0,331.0,71.0,95.0,85.33788106150207,-9.662118938497926,-14.337881061502074,14.337881061502074
DCA,BOS,DCA-BOS,12,3,0,11,89.0,399.0,96.0,89.0,91.67751988714359,2.677519887143589,4.322480112856411,4.322480112856411
BOS,DCA,BOS-DCA,12,3,0,9,109.0,399.0,110.0,109.0,101.10973491198166,-7.890265088018339,8.890265088018339,8.890265088018339
BOS,DCA,BOS-DCA,12,3,0,6,110.0,399.0,104.0,110.0,103.1744930934432,-6.825506906556797,0.8255069065567966,0.8255069065567966
DCA,BOS,DCA-BOS,12,3,0,18,88.0,399.0,99.0,88.0,93.23861789652106,5.238617896521063,5.761382103478937,5.761382103478937
DCA,FLL,DCA-FLL,12,3,0,10,177.0,899.0,145.0,177.0,160.0052070914998,-16.994792908500187,-15.005207091499813,15.005207091499813
FLL,DCA,FLL-DCA,12,3,0,13,153.0,899.0,145.0,153.0,147.6773123707606,-5.322687629239397,-2.6773123707606032,2.6773123707606032
DCA,TPA,DCA-TPA,12,3,0,20,153.0,814.0,146.0,153.0,146.45773257767584,-6.542267422324159,-0.4577325776758414,0.4577325776758414
BOS,DCA,BOS-DCA,12,3,0,17,111.0,399.0,120.0,111.0,106.71297784914158,-4.287022150858419,13.28702215085842,13.28702215085842
DCA,BOS,DCA-BOS,12,3,0,14,90.0,399.0,142.0,90.0,92.81191135880705,2.811911358807052,49.18808864119295,49.18808864119295
ORD,DCA,ORD-DCA,12,3,0,11,113.0,612.0,109.0,113.0,113.48328726939823,0.4832872693982324,-4.483287269398232,4.483287269398232
BOS,DCA,BOS-DCA,12,3,0,6,109.0,399.0,92.0,109.0,102.10710811995517,-6.892891880044829,-10.107108119955171,10.107108119955171
DCA,TPA,DCA-TPA,12,3,0,13,152.0,814.0,139.0,152.0,145.3204895871394,-6.679510412860594,-6.320489587139406,6.320489587139406
TPA,DCA,TPA-DCA,12,3,0,17,134.0,814.0,126.0,134.0,132.4132963047778,-1.5867036952222122,-6.413296304777788,6.413296304777788
BOS,DCA,BOS-DCA,12,3,0,11,107.0,399.0,106.0,107.0,101.69875450926982,-5.301245490730182,4.301245490730182,4.301245490730182
DCA,BOS,DCA-BOS,12,3,0,8,101.0,399.0,92.0,101.0,100.84984671727634,-0.15015328272366446,-8.849846717276336,8.849846717276336
DCA,CLT,DCA-CLT,12,3,0,5,89.0,331.0,70.0,89.0,80.78671416168316,-8.213285838316835,-10.786714161683165,10.786714161683165
ORD,DCA,ORD-DCA,12,3,0,6,115.0,612.0,109.0,115.0,115.17032023086017,0.17032023086017034,-6.17032023086017,6.17032023086017
DCA,PWM,DCA-PWM,12,3,0,22,90.0,482.0,87.0,90.0,86.48815112498139,-3.5118488750186145,0.5118488750186145,0.5118488750186145
DCA,SYR,DCA-SYR,12,3,0,10,88.0,298.0,76.0,88.0,77.72033375837741,-10.279666241622593,-1.7203337583774072,1.7203337583774072
SYR,DCA,SYR-DCA,12,3,0,12,91.0,298.0,82.0,91.0,83.10632010165003,-7.893679898349973,-1.1063201016500273,1.1063201016500273
DCA,RSW,DCA-RSW,12,3,0,14,168.0,892.0,155.0,168.0,159.92570993667331,-8.074290063326686,-4.925709936673314,4.925709936673314
RSW,DCA,RSW-DCA,12,3,0,18,149.0,892.0,143.0,149.0,147.5978436966708,-1.4021563033292068,-4.597843696670793,4.597843696670793
CLT,DCA,CLT-DCA,12,3,0,7,82.0,331.0,92.0,82.0,92.71367599288563,10.713675992885626,-0.7136759928856264,0.7136759928856264
DCA,PWM,DCA-PWM,12,3,0,10,93.0,482.0,92.0,93.0,91.03780529642432,-1.9621947035756762,0.9621947035756762,0.9621947035756762
PWM,DCA,PWM-DCA,12,3,0,12,121.0,482.0,110.0,121.0,113.9760100321535,-7.023989967846504,-3.9760100321534964,3.9760100321534964
BDL,DCA,BDL-DCA,12,3,0,17,89.0,313.0,82.0,89.0,81.87496739237756,-7.125032607622444,0.12503260762244395,0.12503260762244395
DCA,BDL,DCA-BDL,12,3,0,15,88.0,313.0,129.0,88.0,79.61860211214366,-8.381397887856338,49.38139788785634,49.38139788785634
DCA,ORD,DCA-ORD,12,3,0,19,143.0,612.0,137.0,143.0,137.44748732351758,-5.552512676482422,-0.4474873235175778,0.4474873235175778
DCA,CHS,DCA-CHS,12,3,0,19,107.0,444.0,111.0,107.0,102.7086690249855,-4.291330975014503,8.291330975014503,8.291330975014503
CHS,DCA,CHS-DCA,12,3,0,17,97.0,444.0,77.0,97.0,96.25365150776976,-0.7463484922302399,-19.25365150776976,19.25365150776976
DCA,CHS,DCA-CHS,12,3,0,14,98.0,444.0,91.0,98.0,97.02978811095088,-0.9702118890491249,-6.029788110950875,6.029788110950875
DCA,MSY,DCA-MSY,12,3,0,6,178.0,969.0,169.0,178.0,164.26117594827159,-13.738824051728415,4.738824051728415,4.738824051728415
MSY,DCA,MSY-DCA,12,3,0,9,148.0,969.0,150.0,148.0,146.7672084703335,-1.232791529666514,3.232791529666514,3.232791529666514
DFW,RIC,DFW-RIC,12,3,0,10,170.0,1158.0,154.0,170.0,161.53375523944948,-8.466244760550524,-7.5337552394494764,7.5337552394494764
RIC,CLT,RIC-CLT,12,3,0,15,86.0,257.0,98.0,86.0,78.19962970777509,-7.800370292224912,19.800370292224912,19.800370292224912
DCA,CLT,DCA-CLT,12,3,0,17,97.0,331.0,98.0,97.0,89.67240298814848,-7.327597011851523,8.327597011851523,8.327597011851523
JAX,DCA,JAX-DCA,12,3,0,7,116.0,634.0,110.0,116.0,114.17691738122936,-1.8230826187706413,-4.176917381229359,4.176917381229359
DCA,PBI,DCA-PBI,12,3,0,10,156.0,857.0,157.0,156.0,148.02066911264856,-7.979330887351438,8.979330887351438,8.979330887351438
PBI,DCA,PBI-DCA,12,3,0,13,147.0,857.0,144.0,147.0,142.78294787122022,-4.217052128779784,1.217052128779784,1.217052128779784
CLT,DCA,CLT-DCA,12,3,0,20,84.0,331.0,71.0,84.0,91.11907755112236,7.119077551122359,-20.11907755112236,20.11907755112236
DCA,BOS,DCA-BOS,12,3,0,20,91.0,399.0,91.0,91.0,95.29961573778357,4.299615737783569,-4.299615737783569,4.299615737783569
DFW,DCA,DFW-DCA,12,3,0,15,166.0,1192.0,165.0,166.0,165.73420358450775,-0.26579641549224675,-0.7342035845077532,0.7342035845077532
DCA,DFW,DCA-DFW,12,3,0,18,217.0,1192.0,196.0,217.0,212.14646178489224,-4.853538215107761,-16.14646178489224,16.14646178489224
CLT,DCA,CLT-DCA,12,3,0,16,86.0,331.0,78.0,86.0,92.32736745437681,6.327367454376812,-14.327367454376812,14.327367454376812
MIA,DCA,MIA-DCA,12,3,0,10,157.0,919.0,149.0,157.0,150.7232428190154,-6.276757180984589,-1.723242819015411,1.723242819015411
DCA,CLT,DCA-CLT,12,3,0,13,91.0,331.0,81.0,91.0,87.50173882485674,-3.4982611751432557,-6.501738824856744,6.501738824856744
DFW,ORF,DFW-ORF,12,3,0,18,167.0,1212.0,171.0,167.0,165.20586343325178,-1.7941365667482216,5.794136566748222,5.794136566748222
MIA,DCA,MIA-DCA,12,3,0,17,153.0,919.0,162.0,153.0,151.15144093289143,-1.8485590671085674,10.848559067108567,10.848559067108567
SAT,DCA,SAT-DCA,12,3,0,6,192.0,1380.0,186.0,192.0,183.28229938941834,-8.717700610581659,2.717700610581659,2.717700610581659
DCA,DFW,DCA-DFW,12,3,0,11,217.0,1192.0,214.0,217.0,210.2189576125408,-6.781042387459195,3.7810423874591947,3.7810423874591947
MCO,DCA,MCO-DCA,12,3,0,15,136.0,759.0,128.0,136.0,134.657359115807,-1.3426408841930026,-6.657359115806997,6.657359115806997
MIA,DCA,MIA-DCA,12,3,0,8,150.0,919.0,149.0,150.0,148.02275137279725,-1.977248627202755,0.977248627202755,0.977248627202755
DCA,MCO,DCA-MCO,12,3,0,11,148.0,759.0,142.0,148.0,145.43904793377442,-2.560952066225582,-3.439047933774418,3.439047933774418
DFW,IAD,DFW-IAD,12,3,0,19,170.0,1172.0,175.0,170.0,166.6243375613002,-3.3756624386998055,8.375662438699806,8.375662438699806
DCA,MCO,DCA-MCO,12,3,0,15,156.0,759.0,159.0,156.0,151.68372468221918,-4.316275317780821,7.316275317780821,7.316275317780821
CLT,DCA,CLT-DCA,12,3,0,12,87.0,331.0,95.0,87.0,92.69715050410682,5.697150504106816,2.3028494958931844,2.3028494958931844
RIC,MIA,RIC-MIA,12,3,0,6,160.0,826.0,132.0,160.0,150.45502126743688,-9.544978732563123,-18.455021267436877,18.455021267436877
DCA,DFW,DCA-DFW,12,3,0,17,229.0,1192.0,214.0,229.0,218.593275942815,-10.406724057184988,-4.593275942815012,4.593275942815012
ORD,DCA,ORD-DCA,12,3,0,12,120.0,612.0,98.0,120.0,119.78740077949863,-0.21259922050137448,-21.787400779498626,21.787400779498626
BOS,DCA,BOS-DCA,12,3,0,7,124.0,399.0,108.0,124.0,111.03038153592367,-12.969618464076333,-3.0303815359236665,3.0303815359236665
DCA,DFW,DCA-DFW,12,3,0,10,228.0,1192.0,203.0,228.0,216.2200646745189,-11.779935325481091,-13.220064674518909,13.220064674518909
RIC,CLT,RIC-CLT,12,3,0,7,87.0,257.0,80.0,87.0,77.29873456198234,-9.701265438017657,2.701265438017657,2.701265438017657
TPA,DCA,TPA-DCA,12,3,0,14,134.0,814.0,144.0,134.0,131.1333138709388,-2.8666861290612076,12.866686129061208,12.866686129061208
DCA,MIA,DCA-MIA,12,3,0,17,177.0,919.0,165.0,177.0,164.42176690638155,-12.57823309361845,0.5782330936184508,0.5782330936184508
RIC,DFW,RIC-DFW,12,3,0,15,219.0,1158.0,224.0,219.0,215.3239218897463,-3.6760781102537123,8.676078110253712,8.676078110253712
MCO,DCA,MCO-DCA,12,3,0,6,134.0,759.0,139.0,134.0,130.15386563200846,-3.8461343679915387,8.846134367991539,8.846134367991539
DCA,CLT,DCA-CLT,12,3,0,10,109.0,331.0,83.0,109.0,94.60153424386861,-14.398465756131387,-11.601534243868613,11.601534243868613
CLT,RIC,CLT-RIC,12,3,0,13,72.0,257.0,58.0,72.0,67.26954655784988,-4.730453442150122,-9.269546557849878,9.269546557849878
DFW,DCA,DFW-DCA,12,3,0,17,165.0,1192.0,163.0,165.0,165.98605283740704,0.9860528374070441,-2.986052837407044,2.986052837407044
CLT,RIC,CLT-RIC,12,3,0,21,73.0,257.0,67.0,73.0,66.95827437684301,-6.041725623156992,0.04172562315699224,0.04172562315699224
DCA,SAT,DCA-SAT,12,3,0,19,231.0,1380.0,240.0,231.0,218.34697759608866,-12.653022403911336,21.653022403911336,21.653022403911336
DFW,DCA,DFW-DCA,12,3,0,14,167.0,1192.0,163.0,167.0,164.61740156516717,-2.382598434832829,-1.617401565167171,1.617401565167171
DCA,ORD,DCA-ORD,12,3,0,15,146.0,612.0,135.0,146.0,140.8235561528652,-5.176443847134806,-5.823556152865194,5.823556152865194
MIA,DCA,MIA-DCA,12,3,0,11,156.0,919.0,141.0,156.0,151.31226241630358,-4.687737583696418,-10.312262416303582,10.312262416303582
DCA,MIA,DCA-MIA,12,3,0,7,172.0,919.0,141.0,172.0,161.99537000078857,-10.004629999211431,-20.99537000078857,20.99537000078857
ORF,DFW,ORF-DFW,12,3,0,6,231.0,1212.0,216.0,231.0,219.4106750335386,-11.58932496646139,-3.4106750335386096,3.4106750335386096
DCA,MCO,DCA-MCO,12,3,0,17,157.0,759.0,150.0,157.0,151.89733697497752,-5.10266302502248,-1.8973369749775202,1.8973369749775202
DFW,DCA,DFW-DCA,12,3,0,12,174.0,1192.0,160.0,174.0,169.81806165619875,-4.181938343801249,-9.81806165619875,9.81806165619875
RIC,DFW,RIC-DFW,12,3,0,6,223.0,1158.0,211.0,223.0,216.40522439315038,-6.594775606849623,-5.405224393150377,5.405224393150377
TPA,DCA,TPA-DCA,12,3,0,18,135.0,814.0,117.0,135.0,132.4132963047778,-2.586703695222212,-15.413296304777788,15.413296304777788
DCA,DFW,DCA-DFW,12,3,0,14,222.0,1192.0,203.0,222.0,211.56747667565375,-10.43252332434625,-8.56747667565375,8.56747667565375
MCO,DCA,MCO-DCA,12,3,0,11,133.0,759.0,124.0,133.0,129.63551886208805,-3.3644811379119517,-5.635518862088048,5.635518862088048
ORF,CLT,ORF-CLT,12,3,0,6,89.0,290.0,82.0,89.0,79.48428404664828,-9.515715953351716,2.515715953351716,2.515715953351716
CLT,RIC,CLT-RIC,12,3,0,20,75.0,257.0,70.0,75.0,69.25515610348295,-5.744843896517054,0.7448438965170538,0.7448438965170538
CLT,ORF,CLT-ORF,12,3,0,21,78.0,290.0,73.0,78.0,65.72334135686515,-12.276658643134851,7.2766586431348514,7.2766586431348514
DFW,DCA,DFW-DCA,12,3,0,10,169.0,1192.0,158.0,169.0,163.11685036240522,-5.883149637594784,-5.116850362405216,5.116850362405216
DCA,MIA,DCA-MIA,12,3,0,14,173.0,919.0,160.0,173.0,162.67339573260483,-10.326604267395169,-2.673395732604831,2.673395732604831
DCA,MCO,DCA-MCO,12,3,0,8,142.0,759.0,147.0,142.0,141.13747391904604,-0.8625260809539554,5.862526080953955,5.862526080953955
CLT,RIC,CLT-RIC,12,3,0,8,74.0,257.0,61.0,74.0,68.16101147344314,-5.838988526556861,-7.161011473443139,7.161011473443139
RIC,CLT,RIC-CLT,12,3,0,10,86.0,257.0,70.0,86.0,76.30136135400883,-9.698638645991167,-6.301361354008833,6.301361354008833
RIC,CLT,RIC-CLT,12,3,0,6,87.0,257.0,61.0,87.0,77.12690360266517,-9.873096397334834,-16.126903602665166,16.126903602665166
DFW,IAD,DFW-IAD,12,3,0,12,174.0,1172.0,157.0,174.0,168.6029918528163,-5.397008147183698,-11.602991852816302,11.602991852816302
IAD,DFW,IAD-DFW,12,3,0,17,221.0,1172.0,209.0,221.0,204.87794882814146,-16.122051171858544,4.122051171858544,4.122051171858544
DFW,ORF,DFW-ORF,12,3,0,10,175.0,1212.0,160.0,175.0,166.55983590407706,-8.440164095922938,-6.559835904077062,6.559835904077062
ORF,DFW,ORF-DFW,12,3,0,15,228.0,1212.0,230.0,228.0,220.16308465522272,-7.836915344777282,9.836915344777282,9.836915344777282
MIA,RIC,MIA-RIC,12,3,0,21,144.0,826.0,142.0,144.0,136.9169656482945,-7.083034351705493,5.083034351705493,5.083034351705493
DCA,MIA,DCA-MIA,12,3,0,17,167.0,919.0,152.0,167.0,161.10085739465632,-5.899142605343684,-9.100857394656316,9.100857394656316
MIA,DCA,MIA-DCA,12,3,0,14,147.0,919.0,146.0,147.0,145.63023450470945,-1.369765495290551,0.3697654952905509,0.3697654952905509
MIA,DCA,MIA-DCA,12,3,0,6,149.0,919.0,149.0,149.0,147.66586765709923,-1.334132342900773,1.334132342900773,1.334132342900773
DCA,MIA,DCA-MIA,12,3,0,9,165.0,919.0,151.0,165.0,159.29268623265975,-5.707313767340253,-8.292686232659747,8.292686232659747
IAD,DFW,IAD-DFW,12,3,0,6,223.0,1172.0,191.0,223.0,205.6765852167307,-17.3234147832693,-14.6765852167307,14.6765852167307
DFW,DCA,DFW-DCA,12,3,0,5,169.0,1192.0,164.0,169.0,164.27026027145575,-4.729739728544246,-0.27026027145575426,0.27026027145575426
DCA,TPA,DCA-TPA,12,3,0,10,168.0,814.0,158.0,168.0,154.36005152354377,-13.639948476456226,3.639948476456226,3.639948476456226
DCA,MIA,DCA-MIA,12,3,0,11,164.0,919.0,148.0,164.0,159.77171267071293,-4.22828732928707,-11.77171267071293,11.77171267071293
DFW,DCA,DFW-DCA,12,3,0,7,170.0,1192.0,159.0,170.0,166.72300955379347,-3.2769904462065256,-7.723009553793474,7.723009553793474
DCA,DFW,DCA-DFW,12,3,0,8,232.0,1192.0,199.0,232.0,218.02394423527156,-13.976055764728443,-19.023944235271557,19.023944235271557
DCA,PBI,DCA-PBI,12,4,0,7,158.0,857.0,154.0,158.0,149.40938089619408,-8.59061910380592,4.5906191038059205,4.5906191038059205
PBI,DCA,PBI-DCA,12,4,0,11,142.0,857.0,128.0,142.0,137.9987464708675,-4.001253529132498,-9.998746470867502,9.998746470867502
DCA,PBI,DCA-PBI,12,4,0,15,162.0,857.0,148.0,162.0,153.15474287238723,-8.845257127612768,-5.1547428723872315,5.1547428723872315
PBI,DCA,PBI-DCA,12,4,0,18,142.0,857.0,126.0,142.0,140.34574192576318,-1.6542580742368216,-14.345741925763178,14.345741925763178
DCA,CLT,DCA-CLT,12,4,0,8,104.0,331.0,132.0,104.0,93.61837861228784,-10.381621387712158,38.38162138771216,38.38162138771216
CLT,RIC,CLT-RIC,12,4,0,15,69.0,257.0,73.0,69.0,66.52328681261055,-2.47671318738945,6.47671318738945,6.47671318738945
RIC,CLT,RIC-CLT,12,4,0,17,87.0,257.0,76.0,87.0,79.6743860649365,-7.325613935063501,-3.674386064936499,3.674386064936499
CLT,DCA,CLT-DCA,12,4,0,19,78.0,331.0,169.0,78.0,83.81745444296962,5.81745444296962,85.18254555703038,85.18254555703038
IAD,CLT,IAD-CLT,12,4,0,6,94.0,322.0,122.0,94.0,88.37714291555534,-5.622857084444661,33.62285708444466,33.62285708444466
DFW,RIC,DFW-RIC,12,4,0,10,175.0,1158.0,156.0,175.0,166.2541712717722,-8.745828728227792,-10.254171271772208,10.254171271772208
RIC,DFW,RIC-DFW,12,4,0,15,214.0,1158.0,200.0,214.0,215.0105168927913,1.010516892791287,-15.010516892791287,15.010516892791287
DFW,DCA,DFW-DCA,12,4,0,19,171.0,1192.0,152.0,171.0,168.039955075344,-2.960044924655989,-16.03995507534401,16.03995507534401
DCA,DFW,DCA-DFW,12,4,0,6,224.0,1192.0,196.0,224.0,214.5452167801123,-9.454783219887702,-18.5452167801123,18.5452167801123
CLT,RIC,CLT-RIC,12,4,0,20,75.0,257.0,78.0,75.0,69.64490505631193,-5.355094943688073,8.355094943688073,8.355094943688073
DCA,MIA,DCA-MIA,12,4,0,6,181.0,919.0,156.0,181.0,166.33099549071235,-14.669004509287646,-10.330995490712354,10.330995490712354
MIA,DCA,MIA-DCA,12,4,0,22,164.0,919.0,145.0,164.0,157.9580319048147,-6.041968095185297,-12.958031904814703,12.958031904814703
MCO,DCA,MCO-DCA,12,4,0,21,126.0,759.0,116.0,126.0,120.9659007577484,-5.0340992422515995,-4.9659007577484005,4.9659007577484005
ORF,MIA,ORF-MIA,12,4,0,5,148.0,802.0,131.0,148.0,141.68424779708522,-6.31575220291478,-10.68424779708522,10.68424779708522
DCA,MIA,DCA-MIA,12,4,0,6,175.0,919.0,162.0,175.0,163.95186680707656,-11.048133192923444,-1.9518668070765557,1.9518668070765557
DCA,MIA,DCA-MIA,12,4,0,5,170.0,919.0,155.0,170.0,159.6861647309802,-10.31383526901979,-4.6861647309802095,4.6861647309802095
DCA,DFW,DCA-DFW,12,4,0,14,223.0,1192.0,206.0,223.0,214.0166075235359,-8.983392476464104,-8.016607523535896,8.016607523535896
DCA,MCO,DCA-MCO,12,4,0,8,160.0,759.0,152.0,160.0,152.5264258624417,-7.473574137558302,-0.5264258624416982,0.5264258624416982
MCO,DCA,MCO-DCA,12,4,0,11,128.0,759.0,128.0,128.0,126.66713814094392,-1.3328618590560808,1.3328618590560808,1.3328618590560808
MIA,DCA,MIA-DCA,12,4,0,7,148.0,919.0,155.0,148.0,147.94721307343616,-0.0527869265638401,7.05278692656384,7.05278692656384
DFW,RIC,DFW-RIC,12,4,0,14,165.0,1158.0,149.0,165.0,162.62488332902387,-2.3751166709761264,-13.624883329023874,13.624883329023874
RIC,DFW,RIC-DFW,12,4,0,19,211.0,1158.0,221.0,211.0,214.71538246386086,3.7153824638608626,6.284617536139137,6.284617536139137
DCA,DFW,DCA-DFW,12,4,0,10,218.0,1192.0,211.0,218.0,210.37927577631834,-7.620724223681663,0.6207242236816626,0.6207242236816626
MIA,DCA,MIA-DCA,12,4,0,21,156.0,919.0,141.0,156.0,151.84260927636265,-4.157390723637349,-10.842609276362651,10.842609276362651
DFW,IAD,DFW-IAD,12,4,0,13,168.0,1172.0,153.0,168.0,163.7896277789701,-4.2103722210299,-10.7896277789701,10.7896277789701
IAD,DFW,IAD-DFW,12,4,0,18,235.0,1172.0,207.0,235.0,210.55547083084554,-24.444529169154464,-3.555470830845536,3.555470830845536
DCA,MCO,DCA-MCO,12,4,0,6,150.0,759.0,146.0,150.0,146.40735554449736,-3.5926444555026364,-0.40735554449736355,0.40735554449736355
MIA,DCA,MIA-DCA,12,4,0,6,148.0,919.0,168.0,148.0,147.94721307343616,-0.0527869265638401,20.05278692656384,20.05278692656384
DCA,MIA,DCA-MIA,12,4,0,9,179.0,919.0,169.0,179.0,161.82319534801042,-17.176804651989585,7.176804651989585,7.176804651989585
DFW,ORF,DFW-ORF,12,4,0,18,176.0,1212.0,203.0,176.0,170.61962791922642,-5.380372080773583,32.38037208077358,32.38037208077358
LAX,DCA,LAX-DCA,12,4,0,12,290.0,2311.0,285.0,290.0,282.45372564725847,-7.546274352741534,2.546274352741534,2.546274352741534
DCA,PHX,DCA-PHX,12,4,0,7,318.0,1979.0,295.0,318.0,307.2819311706435,-10.718068829356525,-12.281931170643475,12.281931170643475
PHX,DCA,PHX-DCA,12,4,0,0,242.0,1979.0,247.0,242.0,236.3083113654925,-5.6916886345075,10.6916886345075,10.6916886345075
DCA,LAX,DCA-LAX,12,4,0,8,366.0,2311.0,344.0,366.0,350.7113313013673,-15.288668698632705,-6.711331301367295,6.711331301367295
PHX,DCA,PHX-DCA,12,4,0,13,249.0,1979.0,244.0,249.0,243.51446070171775,-5.485539298282248,0.48553929828224796,0.48553929828224796
LAS,DCA,LAS-DCA,12,4,0,13,267.0,2089.0,255.0,267.0,255.25932796798898,-11.74067203201102,-0.2593279679889804,0.2593279679889804
LAX,DCA,LAX-DCA,12,4,0,8,291.0,2311.0,283.0,291.0,283.23963635986325,-7.760363640136745,-0.2396363598632547,0.2396363598632547
DCA,PHX,DCA-PHX,12,4,0,17,307.0,1979.0,291.0,307.0,296.68970112229886,-10.310298877701143,-5.689701122298857,5.689701122298857
DCA,LAS,DCA-LAS,12,4,0,7,324.0,2089.0,303.0,324.0,312.72278682224504,-11.277213177754959,-9.722786822245041,9.722786822245041
DCA,PHX,DCA-PHX,12,4,0,10,309.0,1979.0,290.0,309.0,294.5039973202103,-14.496002679789683,-4.503997320210317,4.503997320210317
DCA,LAX,DCA-LAX,12,4,0,16,352.0,2311.0,341.0,352.0,345.48256663216404,-6.517433367835963,-4.482566632164037,4.482566632164037
PHX,DCA,PHX-DCA,12,4,0,9,254.0,1979.0,246.0,254.0,246.93798087787212,-7.062019122127879,-0.9379808778721213,0.9379808778721213
RIC,DFW,RIC-DFW,12,4,0,6,218.0,1158.0,202.0,218.0,215.12501396851755,-2.8749860314824502,-13.12501396851755,13.12501396851755
CLT,RIC,CLT-RIC,12,4,0,11,80.0,257.0,63.0,80.0,74.4187887253178,-5.581211274682204,-11.418788725317796,11.418788725317796
RIC,CLT,RIC-CLT,12,4,0,13,81.0,257.0,68.0,81.0,75.34931434509501,-5.65068565490499,-7.34931434509501,7.34931434509501
DCA,CLT,DCA-CLT,12,4,0,19,97.0,331.0,114.0,97.0,89.4564492045535,-7.543550795446507,24.543550795446507,24.543550795446507
CLT,DCA,CLT-DCA,12,4,0,9,88.0,331.0,81.0,88.0,92.00141509861481,4.001415098614814,-11.001415098614814,11.001415098614814
DCA,ORD,DCA-ORD,12,4,0,11,139.0,612.0,110.0,139.0,133.14459055747605,-5.85540944252395,-23.14459055747605,23.14459055747605
ORD,DCA,ORD-DCA,12,4,0,16,110.0,612.0,122.0,110.0,110.44620405856544,0.4462040585654421,11.553795941434558,11.553795941434558
CLT,ORF,CLT-ORF,12,4,0,7,70.0,290.0,60.0,70.0,67.56781817738869,-2.4321818226113123,-7.567818177388688,7.567818177388688
ORF,CLT,ORF-CLT,12,4,0,9,86.0,290.0,102.0,86.0,79.00583729097347,-6.994162709026526,22.994162709026526,22.994162709026526
DCA,CLT,DCA-CLT,12,4,0,17,96.0,331.0,110.0,96.0,89.95374840448544,-6.046251595514562,20.046251595514562,20.046251595514562
JAX,DCA,JAX-DCA,12,4,0,7,110.0,634.0,105.0,110.0,110.78777718837652,0.7877771883765234,-5.787777188376523,5.787777188376523
DCA,FLL,DCA-FLL,12,4,0,10,172.0,899.0,156.0,172.0,158.8038241846634,-13.196175815336602,-2.803824184663398,2.803824184663398
FLL,DCA,FLL-DCA,12,4,0,13,153.0,899.0,138.0,153.0,147.95865778709754,-5.041342212902464,-9.958657787097536,9.958657787097536
DCA,MIA,DCA-MIA,12,4,0,19,180.0,919.0,181.0,180.0,167.58777187032797,-12.41222812967203,13.41222812967203,13.41222812967203
MIA,DCA,MIA-DCA,12,4,0,15,150.0,919.0,138.0,150.0,149.81296063034694,-0.1870393696530641,-11.812960630346936,11.812960630346936
DCA,TPA,DCA-TPA,12,4,0,13,155.0,814.0,144.0,155.0,147.4478337784825,-7.552166221517496,-3.4478337784825044,3.4478337784825044
TPA,DCA,TPA-DCA,12,4,0,17,131.0,814.0,121.0,131.0,132.08953746367686,1.0895374636768622,-11.089537463676862,11.089537463676862
DCA,RSW,DCA-RSW,12,4,0,6,164.0,892.0,158.0,164.0,156.82803527849362,-7.171964721506384,1.1719647215063844,1.1719647215063844
RSW,DCA,RSW-DCA,12,4,0,10,142.0,892.0,133.0,142.0,138.13162745423492,-3.8683725457650837,-5.131627454234916,5.131627454234916
BOS,DCA,BOS-DCA,12,4,0,17,102.0,399.0,87.0,102.0,100.99848796162898,-1.0015120383710183,-13.998487961628982,13.998487961628982
DCA,BOS,DCA-BOS,12,4,0,14,89.0,399.0,91.0,89.0,92.18625507625852,3.1862550762585187,-1.1862550762585187,1.1862550762585187
DCA,TPA,DCA-TPA,12,4,0,8,157.0,814.0,161.0,157.0,149.2962296293393,-7.703770370660692,11.703770370660692,11.703770370660692
TPA,DCA,TPA-DCA,12,4,0,11,132.0,814.0,122.0,132.0,129.8131604831973,-2.1868395168027064,-7.813160483197294,7.813160483197294
DCA,ORD,DCA-ORD,12,4,0,19,144.0,612.0,136.0,144.0,137.2543523216885,-6.745647678311514,-1.2543523216884864,1.2543523216884864
BOS,DCA,BOS-DCA,12,4,0,8,104.0,399.0,122.0,104.0,99.85446447613394,-4.145535523866059,22.14553552386606,22.14553552386606
DCA,PBI,DCA-PBI,12,4,0,10,157.0,857.0,177.0,157.0,148.3020145289855,-8.697985471014505,28.697985471014505,28.697985471014505
PBI,DCA,PBI-DCA,12,4,0,13,141.0,857.0,147.0,141.0,137.9810248083861,-3.0189751916138903,9.01897519161389,9.01897519161389
DCA,PBI,DCA-PBI,12,4,0,17,162.0,857.0,169.0,162.0,153.40659212528652,-8.593407874713478,15.593407874713478,15.593407874713478
PBI,DCA,PBI-DCA,12,4,0,20,142.0,857.0,127.0,142.0,138.56560948079732,-3.4343905192026796,-11.56560948079732,11.56560948079732
CLT,DCA,CLT-DCA,12,4,0,8,78.0,331.0,99.0,78.0,87.16135768731087,9.161357687310868,11.838642312689132,11.838642312689132
DCA,SYR,DCA-SYR,12,4,0,10,80.0,298.0,70.0,80.0,75.79120592763459,-4.208794072365407,-5.791205927634593,5.791205927634593
SYR,DCA,SYR-DCA,12,4,0,12,86.0,298.0,118.0,86.0,80.82338176480042,-5.176618235199584,37.176618235199584,37.176618235199584
DCA,CHS,DCA-CHS,12,4,0,19,103.0,444.0,107.0,103.0,100.30408930999353,-2.695910690006471,6.695910690006471,6.695910690006471
CHS,DCA,CHS-DCA,12,4,0,17,91.0,444.0,85.0,91.0,95.53736954565166,4.537369545651657,-10.537369545651657,10.537369545651657
DCA,CHS,DCA-CHS,12,4,0,14,103.0,444.0,87.0,103.0,99.62434901055745,-3.3756509894425477,-12.624349010557452,12.624349010557452
BOS,DCA,BOS-DCA,12,4,0,19,102.0,399.0,101.0,102.0,100.45150427979924,-1.548495720200762,0.5484957202007621,0.5484957202007621
DCA,BOS,DCA-BOS,12,4,0,6,92.0,399.0,87.0,92.0,92.93518498163407,0.935184981634066,-5.935184981634066,5.935184981634066
DCA,BOS,DCA-BOS,12,4,0,11,91.0,399.0,80.0,91.0,94.92975192893796,3.9297519289379608,-14.92975192893796,14.92975192893796
BOS,DCA,BOS-DCA,12,4,0,9,101.0,399.0,89.0,101.0,98.7051551969897,-2.2948448030103066,-9.705155196989693,9.705155196989693
DCA,RDU,DCA-RDU,12,4,0,20,71.0,227.0,64.0,71.0,71.10051464349284,0.10051464349284345,-7.1005146434928434,7.1005146434928434
DCA,MSY,DCA-MSY,12,4,0,7,176.0,969.0,158.0,176.0,164.3455498319152,-11.654450168084793,-6.345549831915207,6.345549831915207
MSY,DCA,MSY-DCA,12,4,0,10,145.0,969.0,131.0,145.0,144.24821710719957,-0.7517828928004349,-13.248217107199565,13.248217107199565
DCA,FLL,DCA-FLL,12,4,0,14,163.0,899.0,156.0,163.0,152.59972313987927,-10.400276860120726,3.4002768601207265,3.4002768601207265
FLL,DCA,FLL-DCA,12,4,0,17,147.0,899.0,144.0,147.0,145.28150770359022,-1.718492296409778,-1.281507703590222,1.281507703590222
DCA,BOS,DCA-BOS,12,4,0,18,90.0,399.0,89.0,90.0,93.92656618512883,3.9265661851288343,-4.926566185128834,4.926566185128834
BOS,DCA,BOS-DCA,12,4,0,15,99.0,399.0,101.0,99.0,98.43342322545999,-0.5665767745400103,2.5665767745400103,2.5665767745400103
DCA,JAX,DCA-JAX,12,4,0,15,130.0,634.0,127.0,130.0,128.81149516259245,-1.1885048374075495,-1.8114951625924505,1.8114951625924505
JAX,DCA,JAX-DCA,12,4,0,19,112.0,634.0,97.0,112.0,113.51835680982646,1.5183568098264573,-16.518356809826457,16.518356809826457
DCA,PWM,DCA-PWM,12,4,0,22,94.0,482.0,87.0,94.0,88.98719948078691,-5.012800519213087,-1.9871994807869129,1.9871994807869129
DCA,ORD,DCA-ORD,12,4,0,6,147.0,612.0,121.0,147.0,139.40203660048113,-7.597963399518875,-18.402036600481125,18.402036600481125
MIA,RIC,MIA-RIC,12,4,0,16,144.0,826.0,126.0,144.0,139.33632022706257,-4.663679772937428,-13.336320227062572,13.336320227062572
RIC,MIA,RIC-MIA,12,4,0,19,155.0,826.0,156.0,155.0,148.85531619749864,-6.144683802501362,7.144683802501362,7.144683802501362
DCA,ORD,DCA-ORD,12,4,0,9,134.0,612.0,115.0,134.0,126.9594042834368,-7.040595716563203,-11.959404283436797,11.959404283436797
ORD,DCA,ORD-DCA,12,4,0,6,111.0,612.0,129.0,111.0,114.17298629642055,3.1729862964205466,14.827013703579453,14.827013703579453
DCA,RSW,DCA-RSW,12,4,0,15,167.0,892.0,159.0,167.0,161.13232108086206,-5.867678919137944,-2.132321080862056,2.132321080862056
RSW,DCA,RSW-DCA,12,4,0,18,138.0,892.0,130.0,138.0,139.41290246321182,1.4129024632118217,-9.412902463211822,9.412902463211822
DCA,VPS,DCA-VPS,12,4,0,8,165.0,789.0,160.0,165.0,155.4265453979236,-9.573454602076396,4.573454602076396,4.573454602076396
VPS,DCA,VPS-DCA,12,4,0,10,127.0,789.0,118.0,127.0,126.07811854365576,-0.9218814563442379,-8.078118543655762,8.078118543655762
PWM,DCA,PWM-DCA,12,4,0,6,109.0,482.0,109.0,109.0,104.61571189808659,-4.384288101913413,4.384288101913413,4.384288101913413
DCA,SRQ,DCA-SRQ,12,4,0,9,158.0,851.0,156.0,158.0,150.08185751475025,-7.918142485249746,5.918142485249746,5.918142485249746
SRQ,DCA,SRQ-DCA,12,4,0,12,144.0,851.0,128.0,144.0,138.93442857069326,-5.065571429306743,-10.934428570693257,10.934428570693257
BNA,DCA,BNA-DCA,12,4,0,6,97.0,562.0,113.0,97.0,100.22930708466023,3.2293070846602348,12.770692915339765,12.770692915339765
DCA,BOS,DCA-BOS,12,4,0,16,92.0,399.0,94.0,92.0,96.23900068541606,4.239000685416059,-2.239000685416059,2.239000685416059
MIA,DCA,MIA-DCA,12,4,0,9,165.0,919.0,137.0,165.0,157.6331858015204,-7.366814198479602,-20.633185801520398,20.633185801520398
CLT,RIC,CLT-RIC,12,4,0,23,80.0,257.0,71.0,80.0,73.37630535038524,-6.623694649614762,-2.3763053503852376,2.3763053503852376
DCA,CLT,DCA-CLT,12,4,0,13,90.0,331.0,87.0,90.0,85.21880048800712,-4.781199511992881,1.781199511992881,1.781199511992881
CHS,DCA,CHS-DCA,12,4,0,7,93.0,444.0,85.0,93.0,92.7540743378749,-0.24592566212510292,-7.754074337874897,7.754074337874897
DCA,RSW,DCA-RSW,12,4,0,10,165.0,892.0,164.0,165.0,158.5839361254958,-6.416063874504204,5.416063874504204,5.416063874504204
RSW,DCA,RSW-DCA,12,4,0,13,143.0,892.0,130.0,143.0,139.7403296316564,-3.259670368343592,-9.740329631656408,9.740329631656408
DCA,FLL,DCA-FLL,12,4,0,17,168.0,899.0,165.0,168.0,158.37417621837437,-9.625823781625627,6.625823781625627,6.625823781625627
FLL,DCA,FLL-DCA,12,4,0,20,148.0,899.0,142.0,148.0,146.09905666804187,-1.900943331958132,-4.099056668041868,4.099056668041868
DCA,BOS,DCA-BOS,12,4,0,21,90.0,399.0,86.0,90.0,90.0411032873827,0.04110328738269686,-4.041103287382697,4.041103287382697
MIA,DCA,MIA-DCA,12,4,0,17,156.0,919.0,143.0,156.0,154.1067458491934,-1.893254150806598,-11.106745849193402,11.106745849193402
ORD,DCA,ORD-DCA,12,4,0,20,115.0,612.0,107.0,115.0,111.08167814592929,-3.9183218540707117,-4.081678145929288,4.081678145929288
MIA,RIC,MIA-RIC,12,4,0,21,149.0,826.0,134.0,149.0,143.92585719091284,-5.074142809087164,-9.925857190912836,9.925857190912836
CLT,DCA,CLT-DCA,12,4,0,20,85.0,331.0,94.0,85.0,91.40042296745932,6.4004229674593205,2.5995770325406795,2.5995770325406795
DCA,CLT,DCA-CLT,12,4,0,6,95.0,331.0,88.0,95.0,88.44273788258388,-6.557262117416116,-0.44273788258388436,0.44273788258388436
DFW,DCA,DFW-DCA,12,4,0,12,173.0,1192.0,167.0,173.0,168.42425568258463,-4.575744317415371,-1.4242556825846293,1.4242556825846293
DCA,MCO,DCA-MCO,12,4,0,17,156.0,759.0,155.0,156.0,152.14235017125282,-3.857649828747185,2.857649828747185,2.857649828747185
DCA,JAX,DCA-JAX,12,4,0,20,127.0,634.0,122.0,127.0,124.63859009048277,-2.361409909517235,-2.638590090482765,2.638590090482765
DCA,PWM,DCA-PWM,12,4,0,15,99.0,482.0,84.0,99.0,96.2597850595346,-2.740214940465407,-12.259785059534593,12.259785059534593
PWM,DCA,PWM-DCA,12,4,0,17,114.0,482.0,104.0,114.0,106.69588660106385,-7.304113398936153,-2.6958866010638474,2.6958866010638474
ORD,DCA,ORD-DCA,12,4,0,11,108.0,612.0,126.0,108.0,110.45472251321456,2.4547225132145627,15.545277486785437,15.545277486785437
CLT,RIC,CLT-RIC,12,4,0,7,71.0,257.0,69.0,71.0,67.6405350271845,-3.359464972815502,1.359464972815502,1.359464972815502
RIC,CLT,RIC-CLT,12,4,0,9,83.0,257.0,101.0,83.0,76.5827067703458,-6.417293229654206,24.417293229654206,24.417293229654206
TPA,DCA,TPA-DCA,12,4,0,19,134.0,814.0,118.0,134.0,132.147658039285,-1.8523419607149947,-14.147658039285005,14.147658039285005
DCA,MIA,DCA-MIA,12,4,0,20,174.0,919.0,166.0,174.0,164.30834121808394,-9.691658781916061,1.6916587819160611,1.6916587819160611
DFW,DCA,DFW-DCA,12,4,0,16,164.0,1192.0,169.0,164.0,166.0155490008447,2.015549000844686,2.984450999155314,2.984450999155314
MIA,ORF,MIA-ORF,12,4,0,22,141.0,802.0,139.0,141.0,132.3081426766909,-8.691857323309108,6.691857323309108,6.691857323309108
DFW,DCA,DFW-DCA,12,4,0,7,171.0,1192.0,158.0,171.0,167.0043549701304,-3.9956450298695927,-9.004354970130407,9.004354970130407
DCA,DFW,DCA-DFW,12,4,0,11,216.0,1192.0,215.0,216.0,210.50030302887774,-5.499696971122262,4.499696971122262,4.499696971122262
DCA,TPA,DCA-TPA,12,4,0,18,154.0,814.0,172.0,154.0,148.62295979180308,-5.377040208196917,23.377040208196917,23.377040208196917
SAT,DCA,SAT-DCA,12,4,0,6,189.0,1380.0,174.0,189.0,183.56364480575527,-5.436355194244726,-9.563644805755274,9.563644805755274
DCA,MCO,DCA-MCO,12,4,0,11,154.0,759.0,151.0,154.0,147.92228763442998,-6.077712365570022,3.0777123655700223,3.0777123655700223
MCO,DCA,MCO-DCA,12,4,0,15,130.0,759.0,140.0,130.0,130.87280741186524,0.8728074118652387,9.127192588134761,9.127192588134761
ORF,DFW,ORF-DFW,12,4,0,6,225.0,1212.0,216.0,225.0,216.08388364955013,-8.916116350449869,-0.08388364955013117,0.08388364955013117
DCA,MIA,DCA-MIA,12,4,0,14,175.0,919.0,150.0,175.0,164.62989253889282,-10.370107461107182,-14.629892538892818,14.629892538892818
DFW,DCA,DFW-DCA,12,4,0,9,174.0,1192.0,157.0,174.0,168.8218743287512,-5.178125671248807,-11.821874328751193,11.821874328751193
DCA,DFW,DCA-DFW,12,4,0,8,227.0,1192.0,221.0,227.0,214.69715285128308,-12.302847148716921,6.302847148716921,6.302847148716921
DCA,MIA,DCA-MIA,12,4,0,8,185.0,919.0,190.0,185.0,167.7962562980804,-17.203743701919592,22.203743701919592,22.203743701919592
IAD,DFW,IAD-DFW,12,4,0,6,217.0,1172.0,215.0,217.0,209.9229994922539,-7.0770005077461065,5.0770005077461065,5.0770005077461065
CLT,DCA,CLT-DCA,12,4,0,22,76.0,331.0,83.0,76.0,73.09039348108504,-2.9096065189149556,9.909606518914956,9.909606518914956
DCA,DFW,DCA-DFW,12,4,0,13,220.0,1192.0,211.0,220.0,211.78810964517587,-8.211890354824135,-0.7881096451758651,0.7881096451758651
DFW,DCA,DFW-DCA,12,4,0,8,175.0,1192.0,157.0,175.0,170.0499673131847,-4.950032686815291,-13.049967313184709,13.049967313184709
DCA,DFW,DCA-DFW,12,4,0,7,219.0,1192.0,190.0,219.0,212.29343086825952,-6.70656913174048,-22.29343086825952,22.29343086825952
CLT,DCA,CLT-DCA,12,4,0,16,80.0,331.0,95.0,80.0,90.39823962363403,10.398239623634026,4.601760376365974,4.601760376365974
RIC,CLT,RIC-CLT,12,4,0,5,75.0,257.0,64.0,75.0,67.02569671963352,-7.974303280366485,-3.0256967196335154,3.0256967196335154
DCA,DFW,DCA-DFW,12,4,0,18,216.0,1192.0,219.0,216.0,212.42780720122917,-3.5721927987708284,6.572192798770828,6.572192798770828
DFW,RIC,DFW-RIC,12,4,0,7,167.0,1158.0,157.0,167.0,161.95967234489464,-5.040327655105358,-4.959672344894642,4.959672344894642
RIC,DFW,RIC-DFW,12,4,0,11,211.0,1158.0,219.0,211.0,213.17890362475782,2.1789036247578224,5.821096375242178,5.821096375242178
DFW,IAD,DFW-IAD,12,4,0,18,167.0,1172.0,187.0,167.0,165.1331261560371,-1.8668738439629067,21.866873843962907,21.866873843962907
DFW,ORF,DFW-ORF,12,4,0,10,184.0,1212.0,171.0,184.0,171.95204921881245,-12.047950781187552,-0.9520492188124479,0.9520492188124479
ORF,DFW,ORF-DFW,12,4,0,15,224.0,1212.0,256.0,224.0,216.83629327123424,-7.16370672876576,39.16370672876576,39.16370672876576
DCA,SAT,DCA-SAT,12,4,0,19,239.0,1380.0,229.0,239.0,218.6283230124256,-20.371676987574403,10.371676987574403,10.371676987574403
DFW,DCA,DFW-DCA,12,4,0,14,167.0,1192.0,167.0,167.0,164.8987469815041,-2.101253018495896,2.101253018495896,2.101253018495896
DFW,RIC,DFW-RIC,12,4,0,18,164.0,1158.0,158.0,164.0,163.94035116162289,-0.059648838377114544,-5.9403511616228855,5.9403511616228855
CLT,ORF,CLT-ORF,12,4,0,18,74.0,290.0,129.0,74.0,70.45149629255761,-3.548503707442393,58.54850370744239,58.54850370744239
ORF,CLT,ORF-CLT,12,4,0,20,90.0,290.0,85.0,90.0,81.16500447550281,-8.834995524497188,3.834995524497188,3.834995524497188
DCA,TPA,DCA-TPA,12,4,0,10,162.0,814.0,168.0,162.0,150.18743937109235,-11.812560628907647,17.812560628907647,17.812560628907647
TPA,DCA,TPA-DCA,12,4,0,13,131.0,814.0,123.0,131.0,130.74884258302305,-0.2511574169769517,-7.748842583023048,7.748842583023048
DCA,DFW,DCA-DFW,12,4,0,17,219.0,1192.0,229.0,219.0,213.09869912728132,-5.901300872718679,15.901300872718679,15.901300872718679
DFW,ORF,DFW-ORF,12,4,0,14,169.0,1212.0,167.0,169.0,163.5060680316034,-5.493931968396595,3.493931968396595,3.493931968396595
ORF,DFW,ORF-DFW,12,4,0,19,218.0,1212.0,207.0,218.0,214.0302013583728,-3.969798641627193,-7.030201358372807,7.030201358372807
RIC,MIA,RIC-MIA,12,4,0,5,157.0,826.0,139.0,157.0,147.9392201092245,-9.060779890775507,-8.939220109224493,8.939220109224493
ORF,CLT,ORF-CLT,12,4,0,5,89.0,290.0,66.0,89.0,78.60028018751852,-10.399719812481479,-12.600280187518521,12.600280187518521
DCA,MCO,DCA-MCO,12,4,0,15,154.0,759.0,150.0,154.0,149.49661334580412,-4.503386654195879,0.5033866541958787,0.5033866541958787
MIA,DCA,MIA-DCA,12,4,0,11,160.0,919.0,141.0,160.0,152.7246702938195,-7.275329706180486,-11.724670293819514,11.724670293819514
MIA,DCA,MIA-DCA,12,4,0,19,156.0,919.0,144.0,156.0,153.5597621673637,-2.4402378326363134,-9.559762167363687,9.559762167363687
MCO,DCA,MCO-DCA,12,4,0,19,129.0,759.0,123.0,129.0,129.1487845511194,0.14878455111940525,-6.148784551119405,6.148784551119405
RIC,CLT,RIC-CLT,12,4,0,6,81.0,257.0,67.0,81.0,75.19777577192238,-5.80222422807762,-8.19777577192238,8.19777577192238
DFW,DCA,DFW-DCA,12,4,0,17,164.0,1192.0,159.0,164.0,166.26739825374398,2.267398253743977,-7.267398253743977,7.267398253743977
CLT,DCA,CLT-DCA,12,4,0,13,79.0,331.0,110.0,79.0,89.1530190757032,10.153019075703199,20.8469809242968,20.8469809242968
DFW,DCA,DFW-DCA,12,4,0,5,168.0,1192.0,173.0,168.0,164.46860760830603,-3.53139239169397,8.53139239169397,8.53139239169397
DCA,ORD,DCA-ORD,12,4,0,15,142.0,612.0,122.0,142.0,136.5005564341722,-5.499443565827789,-14.50055643417221,14.50055643417221
DCA,CLT,DCA-CLT,12,4,0,10,101.0,331.0,82.0,101.0,92.19695452887665,-8.803045471123355,-10.196954528876645,10.196954528876645
DCA,MIA,DCA-MIA,12,4,0,17,184.0,919.0,172.0,184.0,169.44808028835496,-14.551919711645041,2.5519197116450414,2.5519197116450414
ORD,DCA,ORD-DCA,12,4,0,13,111.0,612.0,129.0,111.0,114.152693910276,3.1526939102759997,14.847306089724,14.847306089724
DCA,MIA,DCA-MIA,12,4,0,18,175.0,919.0,198.0,175.0,165.95038804859956,-9.049611951400436,32.049611951400436,32.049611951400436
MIA,DCA,MIA-DCA,12,4,0,14,154.0,919.0,147.0,154.0,150.2418783268983,-3.758121673101698,-3.241878326898302,3.241878326898302
DCA,PBI,DCA-PBI,12,5,0,15,162.0,857.0,147.0,162.0,153.0630791098995,-8.93692089010051,-6.0630791098994905,6.0630791098994905
PBI,DCA,PBI-DCA,12,5,0,18,142.0,857.0,128.0,142.0,140.25407816327544,-1.7459218367245626,-12.254078163275437,12.254078163275437
DCA,TPA,DCA-TPA,12,5,0,8,157.0,814.0,146.0,157.0,149.20456586685157,-7.795434133148433,-3.204565866851567,3.204565866851567
TPA,DCA,TPA-DCA,12,5,0,11,132.0,814.0,126.0,132.0,129.72149672070955,-2.2785032792904474,-3.7214967207095526,3.7214967207095526
CLT,RIC,CLT-RIC,12,5,0,15,68.0,257.0,63.0,68.0,66.43162305012278,-1.5683769498772193,-3.4316230501227807,3.4316230501227807
RIC,CLT,RIC-CLT,12,5,0,17,87.0,257.0,71.0,87.0,79.58272230244873,-7.41727769755127,-8.58272230244873,8.58272230244873
CLT,DCA,CLT-DCA,12,5,0,19,78.0,331.0,69.0,78.0,83.72579068048185,5.72579068048185,-14.72579068048185,14.72579068048185
CLT,ORF,CLT-ORF,12,5,0,7,70.0,290.0,58.0,70.0,67.47615441490092,-2.5238455850990817,-9.476154414900918,9.476154414900918
ORF,CLT,ORF-CLT,12,5,0,9,86.0,290.0,95.0,86.0,78.9141735284857,-7.085826471514295,16.085826471514295,16.085826471514295
DFW,IAD,DFW-IAD,12,5,0,13,168.0,1172.0,155.0,168.0,163.69796401648236,-4.302035983517641,-8.69796401648236,8.69796401648236
IAD,DFW,IAD-DFW,12,5,0,18,235.0,1172.0,197.0,235.0,210.4638070683578,-24.536192931642205,-13.463807068357795,13.463807068357795
DCA,CLT,DCA-CLT,12,5,0,8,104.0,331.0,115.0,104.0,93.52671484980007,-10.473285150199928,21.473285150199928,21.473285150199928
DCA,CLT,DCA-CLT,12,5,0,19,97.0,331.0,86.0,97.0,89.36478544206572,-7.635214557934276,-3.364785442065724,3.364785442065724
CLT,DCA,CLT-DCA,12,5,0,9,88.0,331.0,99.0,88.0,91.90975133612704,3.9097513361270444,7.090248663872956,7.090248663872956
DCA,ORD,DCA-ORD,12,5,0,11,139.0,612.0,143.0,139.0,133.0529267949883,-5.947073205011691,9.94707320501169,9.94707320501169
ORD,DCA,ORD-DCA,12,5,0,16,110.0,612.0,111.0,110.0,110.35454029607767,0.3545402960776727,0.6454597039223273,0.6454597039223273
DFW,DCA,DFW-DCA,12,5,0,19,171.0,1192.0,157.0,171.0,167.94829131285627,-3.05170868714373,-10.94829131285627,10.94829131285627
DFW,RIC,DFW-RIC,12,5,0,10,179.0,1158.0,152.0,179.0,166.16250750928447,-12.837492490715533,-14.162507509284467,14.162507509284467
RIC,DFW,RIC-DFW,12,5,0,15,214.0,1158.0,205.0,214.0,214.91885313030355,0.9188531303035461,-9.918853130303546,9.918853130303546
DFW,RIC,DFW-RIC,12,5,0,18,164.0,1158.0,149.0,164.0,163.84868739913514,-0.15131260086485554,-14.848687399135144,14.848687399135144
DCA,DFW,DCA-DFW,12,5,0,6,224.0,1192.0,253.0,224.0,214.45355301762456,-9.546446982375443,38.54644698237544,38.54644698237544
RIC,CLT,RIC-CLT,12,5,0,6,88.0,257.0,90.0,88.0,77.31658525651436,-10.683414743485642,12.683414743485642,12.683414743485642
CLT,DCA,CLT-DCA,12,5,0,22,76.0,331.0,65.0,76.0,72.99872971859727,-3.001270281402725,-7.998729718597275,7.998729718597275
MCO,DCA,MCO-DCA,12,5,0,21,126.0,759.0,118.0,126.0,120.87423699526063,-5.125763004739369,-2.874236995260631,2.874236995260631
DFW,DCA,DFW-DCA,12,5,0,7,171.0,1192.0,157.0,171.0,166.91269120764267,-4.087308792357334,-9.912691207642666,9.912691207642666
DCA,DFW,DCA-DFW,12,5,0,11,216.0,1192.0,236.0,216.0,210.40863926639,-5.591360733610003,25.591360733610003,25.591360733610003
DCA,MIA,DCA-MIA,12,5,0,6,175.0,919.0,186.0,175.0,163.86020304458881,-11.139796955411185,22.139796955411185,22.139796955411185
DCA,SAT,DCA-SAT,12,5,0,19,239.0,1380.0,210.0,239.0,218.53665924993786,-20.463340750062144,-8.536659249937856,8.536659249937856
DFW,DCA,DFW-DCA,12,5,0,14,167.0,1192.0,189.0,167.0,164.80708321901636,-2.192916780983637,24.192916780983637,24.192916780983637
DCA,MCO,DCA-MCO,12,5,0,6,150.0,759.0,152.0,150.0,146.31569178200962,-3.6843082179903774,5.684308217990377,5.684308217990377
MIA,DCA,MIA-DCA,12,5,0,21,156.0,919.0,146.0,156.0,151.7509455138749,-4.24905448612509,-5.75094551387491,5.75094551387491
DCA,BOS,DCA-BOS,12,5,0,21,90.0,399.0,84.0,90.0,90.0411032873827,0.04110328738269686,-6.041103287382697,6.041103287382697
DFW,DCA,DFW-DCA,12,5,0,17,164.0,1192.0,167.0,164.0,166.17573449125624,2.175734491256236,0.824265508743764,0.824265508743764
DCA,MIA,DCA-MIA,12,5,0,5,170.0,919.0,159.0,170.0,159.59450096849247,-10.405499031507532,-0.5945009684924685,0.5945009684924685
MIA,DCA,MIA-DCA,12,5,0,17,156.0,919.0,165.0,156.0,154.01508208670566,-1.984917913294339,10.984917913294339,10.984917913294339
MIA,DCA,MIA-DCA,12,5,0,6,148.0,919.0,149.0,148.0,147.85554931094842,-0.1444506890515811,1.144450689051581,1.144450689051581
DCA,MIA,DCA-MIA,12,5,0,9,179.0,919.0,173.0,179.0,161.73153158552267,-17.268468414477326,11.268468414477326,11.268468414477326
MIA,DCA,MIA-DCA,12,5,0,19,156.0,919.0,146.0,156.0,153.46809840487595,-2.5319015951240544,-7.468098404875946,7.468098404875946
MIA,DCA,MIA-DCA,12,5,0,9,165.0,919.0,144.0,165.0,157.54152203903266,-7.458477960967343,-13.541522039032657,13.541522039032657
DCA,CLT,DCA-CLT,12,5,0,13,90.0,331.0,104.0,90.0,85.12713672551935,-4.87286327448065,18.87286327448065,18.87286327448065
ORF,DFW,ORF-DFW,12,5,0,6,225.0,1212.0,238.0,225.0,215.9922198870624,-9.00778011293761,22.00778011293761,22.00778011293761
PHX,DCA,PHX-DCA,12,5,0,9,254.0,1979.0,259.0,254.0,246.84631711538438,-7.15368288461562,12.15368288461562,12.15368288461562
DCA,LAS,DCA-LAS,12,5,0,7,324.0,2089.0,309.0,324.0,312.6311230597572,-11.368876940242785,-3.631123059757215,3.631123059757215
LAS,DCA,LAS-DCA,12,5,0,13,267.0,2089.0,268.0,267.0,255.16766420550124,-11.83233579449876,12.83233579449876,12.83233579449876
DCA,PHX,DCA-PHX,12,5,0,7,318.0,1979.0,297.0,318.0,307.19026740815565,-10.809732591844352,-10.190267408155648,10.190267408155648
LAX,DCA,LAX-DCA,12,5,0,8,291.0,2311.0,281.0,291.0,283.14797259737543,-7.8520274026245716,-2.1479725973754284,2.1479725973754284
DCA,PHX,DCA-PHX,12,5,0,17,307.0,1979.0,295.0,307.0,296.59803735981103,-10.40196264018897,-1.5980373598110305,1.5980373598110305
PHX,DCA,PHX-DCA,12,5,0,13,249.0,1979.0,238.0,249.0,243.42279693923,-5.577203060769989,-5.422796939230011,5.422796939230011
DCA,PHX,DCA-PHX,12,5,0,10,309.0,1979.0,294.0,309.0,294.4123335577225,-14.58766644227751,-0.4123335577224907,0.4123335577224907
LAX,DCA,LAX-DCA,12,5,0,12,290.0,2311.0,294.0,290.0,282.36206188477064,-7.63793811522936,11.63793811522936,11.63793811522936
PHX,DCA,PHX-DCA,12,5,0,0,242.0,1979.0,242.0,242.0,236.21664760300476,-5.783352396995241,5.783352396995241,5.783352396995241
DCA,LAX,DCA-LAX,12,5,0,8,366.0,2311.0,396.0,366.0,350.0640236742606,-15.935976325739375,45.935976325739375,45.935976325739375
DCA,DFW,DCA-DFW,12,5,0,13,219.0,1192.0,199.0,219.0,211.69644588268812,-7.303554117311876,-12.696445882688124,12.696445882688124
DFW,DCA,DFW-DCA,12,5,0,8,169.0,1192.0,165.0,169.0,164.73728037074127,-4.262719629258726,0.2627196292587257,0.2627196292587257
CLT,RIC,CLT-RIC,12,5,0,11,80.0,257.0,54.0,80.0,74.32712496283003,-5.672875037169973,-20.327124962830027,20.327124962830027
RIC,CLT,RIC-CLT,12,5,0,13,81.0,257.0,78.0,81.0,75.25765058260724,-5.742349417392759,2.7423494173927594,2.7423494173927594
DCA,PWM,DCA-PWM,12,5,0,22,94.0,482.0,92.0,94.0,88.89553571829914,-5.1044642817008565,3.1044642817008565,3.1044642817008565
BOS,DCA,BOS-DCA,12,5,0,19,102.0,399.0,108.0,102.0,100.35984051731147,-1.6401594826885315,7.6401594826885315,7.6401594826885315
DCA,RSW,DCA-RSW,12,5,0,15,167.0,892.0,142.0,167.0,159.2311725377473,-7.768827462252688,-17.231172537747312,17.231172537747312
RSW,DCA,RSW-DCA,12,5,0,18,138.0,892.0,137.0,138.0,139.32123870072408,1.3212387007240807,-2.3212387007240807,2.3212387007240807
ORD,DCA,ORD-DCA,12,5,0,11,108.0,612.0,108.0,108.0,110.3630587507268,2.3630587507267933,-2.3630587507267933,2.3630587507267933
DCA,ORD,DCA-ORD,12,5,0,6,147.0,612.0,168.0,147.0,139.31037283799338,-7.689627162006616,28.689627162006616,28.689627162006616
CLT,DCA,CLT-DCA,12,5,0,20,85.0,331.0,81.0,85.0,91.30875920497155,6.308759204971551,-10.308759204971551,10.308759204971551
DCA,TPA,DCA-TPA,12,5,0,13,155.0,814.0,145.0,155.0,147.35617001599476,-7.643829984005237,-2.3561700159947634,2.3561700159947634
TPA,DCA,TPA-DCA,12,5,0,17,131.0,814.0,127.0,131.0,131.99787370118912,0.9978737011891212,-4.997873701189121,4.997873701189121
DCA,JAX,DCA-JAX,12,5,0,20,127.0,634.0,117.0,127.0,124.546926327995,-2.4530736720050044,-7.546926327994996,7.546926327994996
DCA,RSW,DCA-RSW,12,5,0,6,164.0,892.0,165.0,164.0,155.28896581847232,-8.71103418152768,9.71103418152768,9.71103418152768
RSW,DCA,RSW-DCA,12,5,0,10,142.0,892.0,119.0,142.0,138.03996369174718,-3.9600363082528247,-19.039963691747175,19.039963691747175
CHS,DCA,CHS-DCA,12,5,0,7,93.0,444.0,104.0,93.0,92.95377388609072,-0.04622611390928455,11.046226113909285,11.046226113909285
DCA,RSW,DCA-RSW,12,5,0,10,165.0,892.0,156.0,165.0,156.68278758238105,-8.317212417618947,-0.682787582381053,0.682787582381053
RSW,DCA,RSW-DCA,12,5,0,13,143.0,892.0,148.0,143.0,139.64866586916867,-3.351334130831333,8.351334130831333,8.351334130831333
DCA,FLL,DCA-FLL,12,5,0,17,168.0,899.0,141.0,168.0,158.50944508109788,-9.49055491890212,-17.50944508109788,17.50944508109788
FLL,DCA,FLL-DCA,12,5,0,20,148.0,899.0,146.0,148.0,146.00739290555413,-1.992607094445873,-0.007392905554127083,0.007392905554127083
DCA,RDU,DCA-RDU,12,5,0,20,71.0,227.0,67.0,71.0,71.00885088100507,0.00885088100507403,-4.008850881005074,4.008850881005074
DCA,MSY,DCA-MSY,12,5,0,7,176.0,969.0,169.0,176.0,164.25388606942747,-11.746113930572534,4.746113930572534,4.746113930572534
MSY,DCA,MSY-DCA,12,5,0,10,145.0,969.0,144.0,145.0,144.15655334471182,-0.8434466552881759,-0.15655334471182414,0.15655334471182414
DCA,FLL,DCA-FLL,12,5,0,14,163.0,899.0,176.0,163.0,152.73499200260278,-10.26500799739722,23.26500799739722,23.26500799739722
FLL,DCA,FLL-DCA,12,5,0,17,147.0,899.0,139.0,147.0,145.18984394110248,-1.810156058897519,-6.189843941102481,6.189843941102481
DCA,SRQ,DCA-SRQ,12,5,0,9,158.0,851.0,152.0,158.0,149.9901937522625,-8.009806247737487,2.0098062477374867,2.0098062477374867
SRQ,DCA,SRQ-DCA,12,5,0,12,144.0,851.0,132.0,144.0,138.84276480820552,-5.157235191794484,-6.842764808205516,6.842764808205516
BOS,DCA,BOS-DCA,12,5,0,8,104.0,399.0,109.0,104.0,99.76280071364617,-4.237199286353828,9.237199286353828,9.237199286353828
DCA,PBI,DCA-PBI,12,5,0,17,162.0,857.0,140.0,162.0,153.31492836279878,-8.685071637201219,-13.314928362798781,13.314928362798781
PBI,DCA,PBI-DCA,12,5,0,20,142.0,857.0,140.0,142.0,138.47394571830958,-3.5260542816904206,1.5260542816904206,1.5260542816904206
DCA,ORD,DCA-ORD,12,5,0,9,134.0,612.0,128.0,134.0,126.86774052094904,-7.132259479050958,1.1322594790509584,1.1322594790509584
PWM,DCA,PWM-DCA,12,5,0,6,109.0,482.0,111.0,109.0,104.52404813559882,-4.475951864401182,6.475951864401182,6.475951864401182
CLT,DCA,CLT-DCA,12,5,0,8,78.0,331.0,65.0,78.0,87.0696939248231,9.069693924823099,-22.0696939248231,22.0696939248231
DCA,SYR,DCA-SYR,12,5,0,10,80.0,298.0,71.0,80.0,75.69954216514682,-4.300457834853177,-4.699542165146823,4.699542165146823
SYR,DCA,SYR-DCA,12,5,0,12,86.0,298.0,81.0,86.0,80.73171800231265,-5.268281997687353,0.26828199768735317,0.26828199768735317
DCA,CHS,DCA-CHS,12,5,0,19,103.0,444.0,95.0,103.0,100.21242554750576,-2.7875744524942405,-5.2124255475057595,5.2124255475057595
CHS,DCA,CHS-DCA,12,5,0,17,91.0,444.0,81.0,91.0,95.44570578316389,4.445705783163888,-14.445705783163888,14.445705783163888
DCA,CHS,DCA-CHS,12,5,0,14,103.0,444.0,109.0,103.0,99.53268524806968,-3.467314751930317,9.467314751930317,9.467314751930317
MIA,RIC,MIA-RIC,12,5,0,16,144.0,826.0,138.0,144.0,139.24465646457483,-4.755343535425169,-1.244656464574831,1.244656464574831
RIC,MIA,RIC-MIA,12,5,0,19,155.0,826.0,179.0,155.0,148.7636524350109,-6.236347564989103,30.236347564989103,30.236347564989103
MIA,DCA,MIA-DCA,12,5,0,15,150.0,919.0,145.0,150.0,149.7212968678592,-0.2787031321408051,-4.721296867859195,4.721296867859195
DCA,BOS,DCA-BOS,12,5,0,19,92.0,399.0,98.0,92.0,95.94386625648569,3.9438662564856912,2.0561337435143088,2.0561337435143088
BOS,DCA,BOS-DCA,12,5,0,15,99.0,399.0,87.0,99.0,98.34175946297222,-0.6582405370277797,-11.34175946297222,11.34175946297222
ORD,DCA,ORD-DCA,12,5,0,6,111.0,612.0,114.0,111.0,114.08132253393278,3.081322533932777,-0.08132253393277722,0.08132253393277722
DCA,FLL,DCA-FLL,12,5,0,10,172.0,899.0,174.0,172.0,158.9390930473869,-13.060906952613095,15.060906952613095,15.060906952613095
FLL,DCA,FLL-DCA,12,5,0,13,153.0,899.0,134.0,153.0,147.8669940246098,-5.133005975390205,-13.866994024609795,13.866994024609795
DCA,BOS,DCA-BOS,12,5,0,16,92.0,399.0,80.0,92.0,96.23900068541606,4.239000685416059,-16.23900068541606,16.23900068541606
DCA,BOS,DCA-BOS,12,5,0,6,92.0,399.0,85.0,92.0,92.93518498163407,0.935184981634066,-7.935184981634066,7.935184981634066
DCA,BOS,DCA-BOS,12,5,0,11,91.0,399.0,106.0,91.0,94.92975192893796,3.9297519289379608,11.07024807106204,11.07024807106204
BOS,DCA,BOS-DCA,12,5,0,9,101.0,399.0,104.0,101.0,98.61349143450192,-2.386508565498076,5.386508565498076,5.386508565498076
RDU,DCA,RDU-DCA,12,5,0,5,67.0,227.0,63.0,67.0,66.13634645591364,-0.8636535440863611,-3.136346455913639,3.136346455913639
DCA,VPS,DCA-VPS,12,5,0,8,165.0,789.0,166.0,165.0,155.33488163543586,-9.665118364564137,10.665118364564137,10.665118364564137
VPS,DCA,VPS-DCA,12,5,0,10,127.0,789.0,123.0,127.0,125.98645478116799,-1.0135452188320073,-2.9864547811679927,2.9864547811679927
DCA,BNA,DCA-BNA,12,5,0,20,122.0,562.0,123.0,122.0,115.07935269618392,-6.920647303816082,7.920647303816082,7.920647303816082
DCA,PWM,DCA-PWM,12,5,0,15,99.0,482.0,88.0,99.0,96.16812129704682,-2.8318787029531762,-8.168121297046824,8.168121297046824
PWM,DCA,PWM-DCA,12,5,0,17,114.0,482.0,116.0,114.0,106.60422283857608,-7.395777161423922,9.395777161423922,9.395777161423922
RIC,CLT,RIC-CLT,12,5,0,5,75.0,257.0,76.0,75.0,66.93403295714575,-8.065967042854254,9.065967042854254,9.065967042854254
DFW,RIC,DFW-RIC,12,5,0,7,169.0,1158.0,154.0,169.0,162.1156557091704,-6.884344290829603,-8.115655709170397,8.115655709170397
RIC,DFW,RIC-DFW,12,5,0,11,211.0,1158.0,202.0,211.0,213.08723986227008,2.0872398622700814,-11.087239862270081,11.087239862270081
CLT,RIC,CLT-RIC,12,5,0,23,80.0,257.0,61.0,80.0,73.28464158789747,-6.715358412102532,-12.284641587897468,12.284641587897468
BOS,DCA,BOS-DCA,12,5,0,17,102.0,399.0,109.0,102.0,100.90682419914121,-1.0931758008587877,8.093175800858788,8.093175800858788
DCA,BOS,DCA-BOS,12,5,0,14,89.0,399.0,116.0,89.0,92.18625507625852,3.1862550762585187,23.81374492374148,23.81374492374148
DCA,MIA,DCA-MIA,12,5,0,19,180.0,919.0,173.0,180.0,167.49610810784023,-12.503891892159771,5.503891892159771,5.503891892159771
DCA,PBI,DCA-PBI,12,5,0,7,158.0,857.0,158.0,158.0,149.31771713370634,-8.682282866293662,8.682282866293662,8.682282866293662
PBI,DCA,PBI-DCA,12,5,0,11,142.0,857.0,139.0,142.0,137.90708270837976,-4.092917291620239,1.092917291620239,1.092917291620239
DCA,CLT,DCA-CLT,12,5,0,6,95.0,331.0,98.0,95.0,88.35107412009611,-6.648925879903885,9.648925879903885,9.648925879903885
ORD,DCA,ORD-DCA,12,5,0,20,115.0,612.0,135.0,115.0,110.99001438344152,-4.009985616558481,24.00998561655848,24.00998561655848
DCA,MIA,DCA-MIA,12,5,0,14,175.0,919.0,169.0,175.0,164.53822877640508,-10.461771223594923,4.461771223594923,4.461771223594923
DFW,DCA,DFW-DCA,12,5,0,9,174.0,1192.0,158.0,174.0,168.73021056626345,-5.269789433736548,-10.730210566263452,10.730210566263452
MCO,DCA,MCO-DCA,12,5,0,19,129.0,759.0,136.0,129.0,129.05712078863166,0.057120788631664254,6.942879211368336,6.942879211368336
RIC,MIA,RIC-MIA,12,5,0,5,157.0,826.0,145.0,157.0,147.84755634673675,-9.152443653263248,-2.847556346736752,2.847556346736752
DCA,JAX,DCA-JAX,12,5,0,15,130.0,634.0,128.0,130.0,128.7198314001047,-1.2801685998952905,-0.7198314001047095,0.7198314001047095
JAX,DCA,JAX-DCA,12,5,0,19,112.0,634.0,110.0,112.0,113.42669304733869,1.4266930473386878,-3.426693047338688,3.426693047338688
DCA,ORD,DCA-ORD,12,5,0,19,144.0,612.0,131.0,144.0,137.16268855920075,-6.837311440799255,-6.162688559200745,6.162688559200745
BOS,DCA,BOS-DCA,12,5,0,6,110.0,399.0,102.0,110.0,103.3641747472924,-6.635825252707605,-1.3641747472923953,1.3641747472923953
DCA,DFW,DCA-DFW,12,5,0,8,227.0,1192.0,220.0,227.0,214.60548908879534,-12.394510911204662,5.394510911204662,5.394510911204662
DCA,CLT,DCA-CLT,12,5,0,17,96.0,331.0,75.0,96.0,89.86208464199767,-6.137915358002331,-14.862084641997669,14.862084641997669
JAX,DCA,JAX-DCA,12,5,0,7,110.0,634.0,102.0,110.0,110.69611342588875,0.696113425888754,-8.696113425888754,8.696113425888754
DCA,PBI,DCA-PBI,12,5,0,10,157.0,857.0,190.0,157.0,148.21035076649775,-8.789649233502246,41.789649233502246,41.789649233502246
PBI,DCA,PBI-DCA,12,5,0,13,141.0,857.0,131.0,141.0,137.88936104589837,-3.1106389541016313,-6.889361045898369,6.889361045898369
DFW,ORF,DFW-ORF,12,5,0,18,176.0,1212.0,161.0,176.0,170.52796415673868,-5.472035843261324,-9.527964156738676,9.527964156738676
CLT,RIC,CLT-RIC,12,5,0,20,80.0,257.0,58.0,80.0,75.98155927472592,-4.0184407252740755,-17.981559274725925,17.981559274725925
DCA,MIA,DCA-MIA,12,5,0,8,185.0,919.0,211.0,185.0,167.70459253559267,-17.295407464407333,43.29540746440733,43.29540746440733
DFW,IAD,DFW-IAD,12,5,0,18,167.0,1172.0,157.0,167.0,165.04146239354935,-1.9585376064506477,-8.041462393549352,8.041462393549352
MCO,DCA,MCO-DCA,12,5,0,7,139.0,759.0,118.0,139.0,136.04970712184368,-2.9502928781563185,-18.04970712184368,18.04970712184368
DCA,TPA,DCA-TPA,12,5,0,10,162.0,814.0,152.0,162.0,150.0957756086046,-11.904224391395388,1.9042243913953882,1.9042243913953882
TPA,DCA,TPA-DCA,12,5,0,13,131.0,814.0,122.0,131.0,130.6571788205353,-0.3428211794646927,-8.657178820535307,8.657178820535307
DCA,DFW,DCA-DFW,12,5,0,17,219.0,1192.0,213.0,219.0,213.00703536479358,-5.99296463520642,-0.0070353647935803565,0.0070353647935803565
CLT,RIC,CLT-RIC,12,5,0,7,71.0,257.0,67.0,71.0,67.54887126469673,-3.4511287353032714,-0.5488712646967286,0.5488712646967286
RIC,CLT,RIC-CLT,12,5,0,9,83.0,257.0,87.0,83.0,76.49104300785802,-6.508956992141975,10.508956992141975,10.508956992141975
ORF,MIA,ORF-MIA,12,5,0,5,150.0,802.0,158.0,150.0,142.03864466556482,-7.961355334435183,15.961355334435183,15.961355334435183
TPA,DCA,TPA-DCA,12,5,0,19,134.0,814.0,137.0,134.0,132.05599427679726,-1.9440057232027357,4.944005723202736,4.944005723202736
DCA,MIA,DCA-MIA,12,5,0,20,174.0,919.0,174.0,174.0,164.2166774555962,-9.783322544403802,9.783322544403802,9.783322544403802
DFW,DCA,DFW-DCA,12,5,0,16,164.0,1192.0,153.0,164.0,165.92388523835695,1.9238852383569451,-12.923885238356945,12.923885238356945
DCA,CLT,DCA-CLT,12,5,0,5,93.0,331.0,85.0,93.0,83.54067956871894,-9.459320431281057,1.459320431281057,1.459320431281057
MIA,ORF,MIA-ORF,12,5,0,22,141.0,802.0,160.0,141.0,132.21647891420315,-8.783521085796849,27.78352108579685,27.78352108579685
DCA,MIA,DCA-MIA,12,5,0,18,175.0,919.0,158.0,175.0,165.85872428611182,-9.141275713888177,-7.858724286111823,7.858724286111823
MIA,DCA,MIA-DCA,12,5,0,14,154.0,919.0,150.0,154.0,150.15021456441056,-3.849785435589439,-0.15021456441056102,0.15021456441056102
IAD,DFW,IAD-DFW,12,5,0,6,221.0,1172.0,194.0,221.0,203.9942266042306,-17.00577339576941,-9.99422660423059,9.99422660423059
DCA,TPA,DCA-TPA,12,5,0,18,154.0,814.0,155.0,154.0,148.53129602931534,-5.468703970684658,6.468703970684658,6.468703970684658
SAT,DCA,SAT-DCA,12,5,0,6,189.0,1380.0,196.0,189.0,183.47198104326753,-5.528018956732467,12.528018956732467,12.528018956732467
DCA,MCO,DCA-MCO,12,5,0,11,154.0,759.0,147.0,154.0,147.83062387194224,-6.169376128057763,-0.8306238719422367,0.8306238719422367
MCO,DCA,MCO-DCA,12,5,0,15,130.0,759.0,121.0,130.0,130.7811436493775,0.7811436493774977,-9.781143649377498,9.781143649377498
RIC,DFW,RIC-DFW,12,5,0,6,218.0,1158.0,221.0,218.0,215.0333502060298,-2.9666497939701912,5.966649793970191,5.966649793970191
CLT,DCA,CLT-DCA,12,5,0,16,80.0,331.0,68.0,80.0,90.30657586114626,10.306575861146257,-22.306575861146257,22.306575861146257
DCA,DFW,DCA-DFW,12,5,0,18,216.0,1192.0,213.0,216.0,212.33614343874143,-3.6638565612585694,0.6638565612585694,0.6638565612585694
DFW,ORF,DFW-ORF,12,5,0,14,169.0,1212.0,160.0,169.0,163.41440426911566,-5.585595730884336,-3.414404269115664,3.414404269115664
ORF,DFW,ORF-DFW,12,5,0,19,218.0,1212.0,210.0,218.0,213.93853759588507,-4.061462404114934,-3.938537595885066,3.938537595885066
DCA,MIA,DCA-MIA,12,5,0,6,181.0,919.0,166.0,181.0,166.2393317282246,-14.760668271775387,-0.23933172822461302,0.23933172822461302
DFW,ORF,DFW-ORF,12,5,0,10,184.0,1212.0,183.0,184.0,171.8603854563247,-12.139614543675293,11.139614543675293,11.139614543675293
ORF,DFW,ORF-DFW,12,5,0,15,224.0,1212.0,232.0,224.0,216.7446295087465,-7.255370491253501,15.255370491253501,15.255370491253501
DCA,MIA,DCA-MIA,12,5,0,17,184.0,919.0,159.0,184.0,169.35641652586722,-14.643583474132782,-10.356416525867218,10.356416525867218
MIA,RIC,MIA-RIC,12,5,0,21,149.0,826.0,140.0,149.0,143.8341934284251,-5.165806571574905,-3.8341934284250954,3.8341934284250954
ORD,DCA,ORD-DCA,12,5,0,13,111.0,612.0,129.0,111.0,114.06103014778823,3.0610301477882302,14.93896985221177,14.93896985221177
DCA,DFW,DCA-DFW,12,5,0,14,223.0,1192.0,208.0,223.0,213.92494376104816,-9.075056238951845,-5.924943761048155,5.924943761048155
DCA,MCO,DCA-MCO,12,5,0,8,160.0,759.0,156.0,160.0,152.43476209995396,-7.565237900046043,3.565237900046043,3.565237900046043
MCO,DCA,MCO-DCA,12,5,0,11,128.0,759.0,117.0,128.0,126.57547437845615,-1.4245256215438502,-9.57547437845615,9.57547437845615
MIA,DCA,MIA-DCA,12,5,0,7,148.0,919.0,137.0,148.0,147.85554931094842,-0.1444506890515811,-10.855549310948419,10.855549310948419
DCA,DFW,DCA-DFW,12,5,0,10,218.0,1192.0,198.0,218.0,210.2876120138306,-7.712387986169404,-12.287612013830596,12.287612013830596
MIA,DCA,MIA-DCA,12,5,0,22,156.0,919.0,154.0,156.0,151.41185545275877,-4.588144547241228,2.588144547241228,2.588144547241228
DCA,DFW,DCA-DFW,12,5,0,7,219.0,1192.0,209.0,219.0,212.20176710577178,-6.798232894228221,-3.201767105771779,3.201767105771779
DFW,DCA,DFW-DCA,12,5,0,5,168.0,1192.0,155.0,168.0,164.3769438458183,-3.623056154181711,-9.376943845818289,9.376943845818289
DCA,CLT,DCA-CLT,12,5,0,10,101.0,331.0,91.0,101.0,92.10529076638888,-8.894709233611124,-1.105290766388876,1.105290766388876
DCA,MCO,DCA-MCO,12,5,0,15,154.0,759.0,157.0,154.0,149.40494958331638,-4.59505041668362,7.59505041668362,7.59505041668362
MIA,DCA,MIA-DCA,12,5,0,11,160.0,919.0,144.0,160.0,152.63300653133177,-7.366993468668227,-8.633006531331773,8.633006531331773
DFW,RIC,DFW-RIC,12,5,0,14,165.0,1158.0,162.0,165.0,162.53321956653613,-2.4667804334638674,-0.5332195665361326,0.5332195665361326
RIC,DFW,RIC-DFW,12,5,0,19,211.0,1158.0,197.0,211.0,214.62371870137312,3.6237187013731216,-17.62371870137312,17.62371870137312
CLT,DCA,CLT-DCA,12,5,0,13,79.0,331.0,80.0,79.0,89.06135531321543,10.06135531321543,-9.06135531321543,9.06135531321543
DCA,ORD,DCA-ORD,12,5,0,15,142.0,612.0,124.0,142.0,136.40889267168447,-5.59110732831553,-12.40889267168447,12.40889267168447
CLT,RIC,CLT-RIC,12,5,0,18,72.0,257.0,77.0,72.0,69.73220950841349,-2.26779049158651,7.26779049158651,7.26779049158651
RIC,CLT,RIC-CLT,12,5,0,20,88.0,257.0,89.0,88.0,78.68451762958142,-9.315482370418579,10.315482370418579,10.315482370418579
DFW,DCA,DFW-DCA,12,5,0,12,173.0,1192.0,161.0,173.0,168.3325919200969,-4.667408079903112,-7.332591920096888,7.332591920096888
DCA,MCO,DCA-MCO,12,5,0,17,156.0,759.0,145.0,156.0,152.05068640876507,-3.949313591234926,-7.050686408765074,7.050686408765074
CLT,DCA,CLT-DCA,12,6,1,19,76.0,331.0,79.0,76.0,80.49925141362583,4.499251413625828,-1.499251413625828,1.499251413625828
DCA,PWM,DCA-PWM,12,6,1,22,93.0,482.0,103.0,93.0,86.47170919276148,-6.52829080723852,16.52829080723852,16.52829080723852
DCA,CLT,DCA-CLT,12,6,1,19,97.0,331.0,83.0,97.0,87.72783654134675,-9.272163458653253,-4.727836541346747,4.727836541346747
CLT,DCA,CLT-DCA,12,6,1,9,88.0,331.0,85.0,88.0,89.12593025709033,1.1259302570903316,-4.125930257090332,4.125930257090332
DCA,ORD,DCA-ORD,12,6,1,11,139.0,612.0,125.0,139.0,130.94637659065393,-8.053623409346073,-5.9463765906539265,5.9463765906539265
ORD,DCA,ORD-DCA,12,6,1,16,110.0,612.0,110.0,110.0,107.88845535101945,-2.111544648980555,2.111544648980555,2.111544648980555
DCA,DFW,DCA-DFW,12,6,1,6,220.0,1192.0,207.0,220.0,212.16551352182077,-7.83448647817923,-5.16551352182077,5.16551352182077
DCA,CLT,DCA-CLT,12,6,1,8,104.0,331.0,103.0,104.0,91.8897659490811,-12.110234050918905,11.110234050918905,11.110234050918905
CLT,ORF,CLT-ORF,12,6,1,7,70.0,290.0,57.0,70.0,65.16337274047059,-4.836627259529408,-8.163372740470592,8.163372740470592
ORF,CLT,ORF-CLT,12,6,1,9,86.0,290.0,78.0,86.0,77.03538271023216,-8.964617289767844,0.964617289767844,0.964617289767844
DCA,DFW,DCA-DFW,12,6,1,13,219.0,1192.0,201.0,219.0,211.66019229873712,-7.339807701262885,-10.660192298737115,10.660192298737115
DFW,DCA,DFW-DCA,12,6,1,8,169.0,1192.0,154.0,169.0,163.7416586435805,-5.258341356419493,-9.741658643580507,9.741658643580507
DCA,PBI,DCA-PBI,12,6,1,14,160.0,857.0,131.0,160.0,148.99974885309885,-11.00025114690115,-17.99974885309885,17.99974885309885
PBI,DCA,PBI-DCA,12,6,1,18,142.0,857.0,132.0,142.0,138.14752795894105,-3.8524720410589453,-6.147527958941055,6.147527958941055
DCA,TPA,DCA-TPA,12,6,1,8,157.0,814.0,146.0,157.0,147.27748734834492,-9.72251265165508,-1.2774873483449198,1.2774873483449198
TPA,DCA,TPA-DCA,12,6,1,11,132.0,814.0,120.0,132.0,127.25541177565121,-4.744588224348789,-7.255411775651211,7.255411775651211
RIC,DFW,RIC-DFW,12,6,1,6,218.0,1158.0,207.0,218.0,214.67222534195707,-3.3277746580429266,-7.672225341957073,7.672225341957073
CLT,RIC,CLT-RIC,12,6,1,7,70.0,257.0,61.0,70.0,65.0827863196385,-4.917213680361499,-4.082786319638501,4.082786319638501
RIC,CLT,RIC-CLT,12,6,1,9,85.0,257.0,81.0,85.0,74.0249580627998,-10.975041937200203,6.975041937200203,6.975041937200203
DCA,CLT,DCA-CLT,12,6,1,5,93.0,331.0,86.0,93.0,82.15614049474968,-10.843859505250322,3.8438595052503217,3.8438595052503217
DCA,MIA,DCA-MIA,12,6,1,5,170.0,919.0,145.0,170.0,158.51531964551444,-11.484680354485562,-13.515319645514438,13.515319645514438
DCA,TPA,DCA-TPA,12,6,1,18,154.0,814.0,137.0,154.0,146.6042175108087,-7.395782489191305,-9.604217510808695,9.604217510808695
SAT,DCA,SAT-DCA,12,6,1,6,189.0,1380.0,179.0,189.0,183.43572745931652,-5.564272540683476,-4.435727459316524,4.435727459316524
DCA,MCO,DCA-MCO,12,6,1,11,154.0,759.0,146.0,154.0,145.9035453534356,-8.09645464656441,0.0964546465644105,0.0964546465644105
MCO,DCA,MCO-DCA,12,6,1,15,130.0,759.0,134.0,130.0,128.31505870431923,-1.6849412956807726,5.6849412956807726,5.6849412956807726
MCO,DCA,MCO-DCA,12,6,1,21,130.0,759.0,124.0,130.0,125.5252113185836,-4.474788681416399,-1.525211318583601,1.525211318583601
DCA,MCO,DCA-MCO,12,6,1,6,150.0,759.0,130.0,150.0,144.38861326350298,-5.611386736497025,-14.388613263502975,14.388613263502975
DFW,DCA,DFW-DCA,12,6,1,12,173.0,1192.0,165.0,173.0,168.29633833614588,-4.70366166385412,-3.2963383361458796,3.2963383361458796
BOS,DCA,BOS-DCA,12,6,1,6,110.0,399.0,110.0,110.0,100.89808980223417,-9.101910197765832,9.101910197765832,9.101910197765832
DCA,MCO,DCA-MCO,12,6,1,17,156.0,759.0,146.0,156.0,150.12360789025843,-5.876392109741573,-4.123607890258427,4.123607890258427
DCA,DFW,DCA-DFW,12,6,1,8,227.0,1192.0,209.0,227.0,214.56923550484433,-12.430764495155671,-5.569235504844329,5.569235504844329
DCA,MIA,DCA-MIA,12,6,1,7,180.0,919.0,143.0,180.0,165.7405503544807,-14.259449645519311,-22.74055035448069,22.74055035448069
MIA,DCA,MIA-DCA,12,6,1,22,164.0,919.0,140.0,164.0,156.12570221572838,-7.874297784271619,-16.12570221572838,16.12570221572838
MIA,RIC,MIA-RIC,12,6,1,21,149.0,826.0,145.0,149.0,141.7276432240907,-7.272356775909287,3.2723567759092873,3.2723567759092873
DCA,MIA,DCA-MIA,12,6,1,5,171.0,919.0,154.0,171.0,158.51531964551444,-12.484680354485562,-4.515319645514438,4.515319645514438
LAS,DCA,LAS-DCA,12,6,1,13,269.0,2089.0,236.0,269.0,263.8203607051309,-5.179639294869105,-27.820360705130895,27.820360705130895
DCA,PHX,DCA-PHX,12,6,1,7,318.0,1979.0,301.0,318.0,306.9255174910811,-11.07448250891889,-5.925517491081109,5.925517491081109
DCA,LAX,DCA-LAX,12,6,1,16,352.0,2311.0,347.0,352.0,344.5705090879828,-7.429490912017172,2.4294909120171724,2.4294909120171724
PHX,DCA,PHX-DCA,12,6,1,9,255.0,1979.0,227.0,255.0,246.81006353143337,-8.189936468566628,-19.81006353143337,19.81006353143337
LAX,DCA,LAX-DCA,12,6,1,7,295.0,2311.0,263.0,295.0,282.85651642537636,-12.143483574623644,-19.856516425376356,19.856516425376356
DCA,PHX,DCA-PHX,12,6,1,17,307.0,1979.0,299.0,307.0,296.3332874427365,-10.666712557263509,2.6667125572635086,2.6667125572635086
DCA,PHX,DCA-PHX,12,6,1,10,309.0,1979.0,318.0,309.0,294.14758364064795,-14.852416359352048,23.85241635935205,23.85241635935205
LAX,DCA,LAX-DCA,12,6,1,12,290.0,2311.0,257.0,290.0,282.22254178394223,-7.7774582160577665,-25.222541783942233,25.222541783942233
PHX,DCA,PHX-DCA,12,6,1,0,242.0,1979.0,235.0,242.0,236.18039401905375,-5.81960598094625,-1.1803940190537503,1.1803940190537503
DCA,LAX,DCA-LAX,12,6,1,8,366.0,2311.0,341.0,366.0,349.7992737571861,-16.200726242813914,-8.799273757186086,8.799273757186086
DCA,LAS,DCA-LAS,12,6,1,7,324.0,2089.0,320.0,324.0,312.41305881672275,-11.586941183277247,7.586941183277247,7.586941183277247
PHX,DCA,PHX-DCA,12,6,1,13,249.0,1979.0,235.0,249.0,243.386543355279,-5.613456644720998,-8.386543355279002,8.386543355279002
CLT,RIC,CLT-RIC,12,6,1,14,70.0,257.0,64.0,70.0,65.26570527039561,-4.734294729604386,-1.265705270395614,1.265705270395614
RIC,CLT,RIC-CLT,12,6,1,17,87.0,257.0,91.0,87.0,77.1166373573905,-9.883362642609498,13.883362642609498,13.883362642609498
CLT,RIC,CLT-RIC,12,6,1,20,75.0,257.0,71.0,75.0,67.08715634876593,-7.91284365123407,3.91284365123407,3.91284365123407
DCA,PBI,DCA-PBI,12,6,1,8,172.0,857.0,148.0,172.0,158.10515495189276,-13.894845048107243,-10.105154951892757,10.105154951892757
PBI,DCA,PBI-DCA,12,6,1,12,143.0,857.0,142.0,143.0,136.73621460387113,-6.263785396128867,5.263785396128867,5.263785396128867
PWM,DCA,PWM-DCA,12,6,1,6,109.0,482.0,105.0,109.0,102.05796319054059,-6.94203680945941,2.9420368094594096,2.9420368094594096
DCA,BOS,DCA-BOS,12,6,1,15,95.0,399.0,83.0,95.0,93.11115494707556,-1.888845052924438,-10.111154947075562,10.111154947075562
DCA,ORD,DCA-ORD,12,6,1,7,145.0,612.0,140.0,145.0,137.203822633659,-7.796177366340999,2.7961773663409986,2.7961773663409986
BOS,DCA,BOS-DCA,12,6,1,17,99.0,399.0,100.0,99.0,96.12752377081337,-2.8724762291866313,3.8724762291866313,3.8724762291866313
DCA,BOS,DCA-BOS,12,6,1,6,92.0,399.0,82.0,92.0,89.94326421992639,-2.056735780073609,-7.943264219926391,7.943264219926391
DCA,MCI,DCA-MCI,12,6,1,19,171.0,949.0,178.0,171.0,161.16902208528535,-9.830977914714651,16.83097791471465,16.83097791471465
RDU,DCA,RDU-DCA,12,6,1,6,67.0,227.0,55.0,67.0,65.55492490800631,-1.4450750919936866,-10.554924908006313,10.554924908006313
BOS,DCA,BOS-DCA,12,6,1,19,102.0,399.0,104.0,102.0,97.89375557225324,-4.106244427746759,6.106244427746759,6.106244427746759
DCA,BOS,DCA-BOS,12,6,1,11,91.0,399.0,85.0,91.0,90.8042788121424,-0.1957211878576004,-5.8042788121424,5.8042788121424
BOS,DCA,BOS-DCA,12,6,1,9,101.0,399.0,103.0,101.0,96.1474064894437,-4.852593510556304,6.852593510556304,6.852593510556304
DCA,JAX,DCA-JAX,12,6,1,15,130.0,634.0,115.0,130.0,126.25374645504607,-3.7462535449539303,-11.25374645504607,11.25374645504607
JAX,DCA,JAX-DCA,12,6,1,18,112.0,634.0,105.0,112.0,111.5075917841102,-0.492408215889796,-6.507591784110204,6.507591784110204
CLT,DCA,CLT-DCA,12,6,1,21,80.0,331.0,76.0,80.0,79.5608135061132,-0.439186493886794,-3.560813506113206,3.560813506113206
DCA,SRQ,DCA-SRQ,12,6,1,9,158.0,851.0,136.0,158.0,148.06311523375587,-9.936884766244134,-12.063115233755866,12.063115233755866
SRQ,DCA,SRQ-DCA,12,6,1,12,144.0,851.0,132.0,144.0,136.73621460387113,-7.263785396128867,-4.736214603871133,4.736214603871133
JAX,DCA,JAX-DCA,12,6,1,6,112.0,634.0,92.0,112.0,110.47255367986313,-1.5274463201368746,-18.472553679863125,18.472553679863125
DCA,PBI,DCA-PBI,12,6,1,15,158.0,857.0,143.0,158.0,149.0495801286253,-8.950419871374692,-6.049580128625308,6.049580128625308
PBI,DCA,PBI-DCA,12,6,1,20,142.0,857.0,135.0,142.0,136.3673955139752,-5.632604486024803,-1.3673955139751968,1.3673955139751968
DCA,MIA,DCA-MIA,12,6,1,13,177.0,919.0,155.0,177.0,162.73145922996525,-14.268540770034747,-7.731459229965253,7.731459229965253
DCA,RSW,DCA-RSW,12,6,1,7,178.0,892.0,152.0,178.0,161.4022468930521,-16.59775310694789,-9.402246893052109,9.402246893052109
RSW,DCA,RSW-DCA,12,6,1,10,138.0,892.0,139.0,138.0,134.38108555580635,-3.618914444193649,4.618914444193649,4.618914444193649
DFW,RIC,DFW-RIC,12,6,1,7,169.0,1158.0,152.0,169.0,160.3598433806453,-8.640156619354713,-8.359843380645287,8.359843380645287
RIC,DFW,RIC-DFW,12,6,1,11,211.0,1158.0,233.0,211.0,212.72611499819735,1.726114998197346,20.273885001802654,20.273885001802654
CHS,DCA,CHS-DCA,12,6,1,17,91.0,444.0,80.0,91.0,92.97962083810566,1.9796208381056601,-12.97962083810566,12.97962083810566
DCA,CHS,DCA-CHS,12,6,1,14,103.0,444.0,96.0,103.0,97.06660030301146,-5.933399696988545,-1.0666003030114553,1.0666003030114553
DCA,MSY,DCA-MSY,12,6,1,7,170.0,969.0,159.0,170.0,160.36182618024148,-9.63817381975852,-1.3618261802414793,1.3618261802414793
MSY,DCA,MSY-DCA,12,6,1,10,145.0,969.0,150.0,145.0,142.2364157322855,-2.763584267714492,7.763584267714492,7.763584267714492
DCA,ORD,DCA-ORD,12,6,1,19,137.0,612.0,139.0,137.0,133.31739783135185,-3.6826021686481454,5.682602168648145,5.682602168648145
CHS,DCA,CHS-DCA,12,6,1,7,93.0,444.0,86.0,93.0,90.62442450962747,-2.375575490372526,-4.624424509627474,4.624424509627474
DCA,PBI,DCA-PBI,12,6,1,10,164.0,857.0,141.0,164.0,152.80187665492417,-11.198123345075828,-11.801876654924172,11.801876654924172
PBI,DCA,PBI-DCA,12,6,1,13,141.0,857.0,132.0,141.0,135.782810841564,-5.217189158436014,-3.782810841563986,3.782810841563986
DCA,FLL,DCA-FLL,12,6,1,16,165.0,899.0,148.0,165.0,156.47922032214544,-8.520779677854563,-8.479220322145437,8.479220322145437
FLL,DCA,FLL-DCA,12,6,1,20,148.0,899.0,157.0,148.0,144.0872552931278,-3.9127447068721892,12.91274470687219,12.91274470687219
DCA,CLT,DCA-CLT,12,6,1,6,95.0,331.0,102.0,95.0,86.96653504612685,-8.03346495387315,15.03346495387315,15.03346495387315
DCA,RDU,DCA-RDU,12,6,1,20,71.0,227.0,60.0,71.0,68.54276593594685,-2.4572340640531536,-8.542765935946846,8.542765935946846
MIA,DCA,MIA-DCA,12,6,1,17,153.0,919.0,153.0,153.0,149.60045666014204,-3.3995433398579564,3.3995433398579564,3.3995433398579564
CLT,DCA,CLT-DCA,12,6,1,8,78.0,331.0,97.0,78.0,84.28587284578639,6.285872845786386,12.714127154213614,12.714127154213614
DCA,SYR,DCA-SYR,12,6,1,10,80.0,298.0,72.0,80.0,73.2334572200886,-6.766542779911404,-1.2334572200885958,1.2334572200885958
SYR,DCA,SYR-DCA,12,6,1,12,86.0,298.0,79.0,86.0,78.26563305725442,-7.734366942745581,0.7343669427455808,0.7343669427455808
DCA,JAX,DCA-JAX,12,6,1,20,127.0,634.0,114.0,127.0,122.08084138293677,-4.919158617063232,-8.080841382936768,8.080841382936768
DCA,FLL,DCA-FLL,12,6,1,14,162.0,899.0,157.0,162.0,150.9943260760042,-11.0056739239958,6.005673923995801,6.005673923995801
FLL,DCA,FLL-DCA,12,6,1,17,147.0,899.0,143.0,147.0,143.26970632867616,-3.7302936713238353,-0.26970632867616473,0.26970632867616473
DCA,RSW,DCA-RSW,12,6,1,15,167.0,892.0,150.0,167.0,158.94421961276797,-8.055780387232033,-8.944219612767967,8.944219612767967
RSW,DCA,RSW-DCA,12,6,1,18,138.0,892.0,141.0,138.0,137.40110108829776,-0.5988989117022356,3.5988989117022356,3.5988989117022356
ORD,DCA,ORD-DCA,12,6,1,11,108.0,612.0,104.0,108.0,107.89697380566857,-0.10302619433143434,-3.8969738056685657,3.8969738056685657
DFW,ORF,DFW-ORF,12,6,1,18,176.0,1212.0,165.0,176.0,170.40430323406682,-5.595696765933184,-5.404303234066816,5.404303234066816
CLT,RIC,CLT-RIC,12,6,1,23,80.0,257.0,68.0,80.0,70.81855664283924,-9.18144335716076,-2.8185566428392406,2.8185566428392406
DCA,CLT,DCA-CLT,12,6,1,17,96.0,331.0,79.0,96.0,88.22513574127869,-7.774864258721308,-9.225135741278692,9.225135741278692
BNA,DCA,BNA-DCA,12,6,1,6,97.0,562.0,88.0,97.0,97.41336966865383,0.4133696686538286,-9.413369668653829,9.413369668653829
DCA,FLL,DCA-FLL,12,6,1,9,167.0,899.0,148.0,167.0,153.80299683780353,-13.197003162196467,-5.8029968378035335,5.8029968378035335
FLL,DCA,FLL-DCA,12,6,1,13,153.0,899.0,160.0,153.0,146.12632809801121,-6.873671901988786,13.873671901988786,13.873671901988786
DFW,ORF,DFW-ORF,12,6,1,14,169.0,1212.0,159.0,169.0,162.33137520323405,-6.668624796765954,-3.331375203234046,3.331375203234046
ORF,DFW,ORF-DFW,12,6,1,19,218.0,1212.0,221.0,218.0,214.48957813873866,-3.510421861261335,6.510421861261335,6.510421861261335
DCA,BOS,DCA-BOS,12,6,1,21,90.0,399.0,93.0,90.0,85.91563017058714,-4.084369829412864,7.084369829412864,7.084369829412864
MCO,DCA,MCO-DCA,12,6,1,19,130.0,759.0,123.0,130.0,128.0199242753888,-1.980075724611197,-5.019924275388803,5.019924275388803
RIC,MIA,RIC-MIA,12,6,1,5,157.0,826.0,131.0,157.0,145.9204778282301,-11.079522171769895,-14.920477828230105,14.920477828230105
ORD,DCA,ORD-DCA,12,6,1,21,115.0,612.0,90.0,115.0,106.62828785240413,-8.371712147595872,-16.628287852404128,16.628287852404128
DCA,VPS,DCA-VPS,12,6,1,8,164.0,789.0,136.0,164.0,153.40780311692922,-10.592196883070784,-17.407803116929216,17.407803116929216
VPS,DCA,VPS-DCA,12,6,1,10,127.0,789.0,123.0,127.0,123.52036983610977,-3.479630163890235,-0.5203698361097651,0.5203698361097651
DCA,BNA,DCA-BNA,12,6,1,20,125.0,562.0,120.0,125.0,112.61326775112569,-12.38673224887431,7.38673224887431,7.38673224887431
DCA,PWM,DCA-PWM,12,6,1,14,97.0,482.0,84.0,97.0,90.54609663738184,-6.453903362618163,-6.546096637381837,6.546096637381837
PWM,DCA,PWM-DCA,12,6,1,17,114.0,482.0,111.0,114.0,104.13813789351785,-9.86186210648215,6.86186210648215,6.86186210648215
DCA,DFW,DCA-DFW,12,6,1,7,219.0,1192.0,210.0,219.0,212.16551352182077,-6.83448647817923,-2.1655135218207704,2.1655135218207704
DCA,ORD,DCA-ORD,12,6,1,9,134.0,612.0,123.0,134.0,124.4016555758906,-9.5983444241094,-1.4016555758906009,1.4016555758906009
ORD,DCA,ORD-DCA,12,6,1,6,111.0,612.0,99.0,111.0,111.61523758887455,0.6152375888745496,-12.61523758887455,12.61523758887455
TPA,DCA,TPA-DCA,12,6,1,18,134.0,814.0,123.0,134.0,130.1368930135687,-3.8631069864312906,-7.136893013568709,7.136893013568709
MIA,RIC,MIA-RIC,12,6,1,16,144.0,826.0,139.0,144.0,137.13810626024045,-6.861893739759552,1.8618937397595516,1.8618937397595516
RIC,MIA,RIC-MIA,12,6,1,19,155.0,826.0,146.0,155.0,146.83657391650425,-8.16342608349575,-0.8365739165042498,0.8365739165042498
MIA,ORF,MIA-ORF,12,6,1,22,141.0,802.0,147.0,141.0,130.02252137114792,-10.977478628852083,16.977478628852083,16.977478628852083
CLT,RIC,CLT-RIC,12,6,1,11,81.0,257.0,60.0,81.0,71.8610400177718,-9.1389599822282,-11.8610400177718,11.8610400177718
RIC,CLT,RIC-CLT,12,6,1,13,84.0,257.0,69.0,84.0,75.00203888462876,-8.99796111537124,-6.00203888462876,6.00203888462876
ORF,DFW,ORF-DFW,12,6,1,6,225.0,1212.0,218.0,225.0,216.543260429916,-8.456739570084011,1.456739570084011,1.456739570084011
RIC,CLT,RIC-CLT,12,6,1,6,81.0,257.0,114.0,81.0,72.64002706437638,-8.359972935623617,41.35997293562362,41.35997293562362
MIA,DCA,MIA-DCA,12,6,1,15,153.0,919.0,145.0,153.0,149.34860740724275,-3.6513925927572473,-4.348607407242753,4.348607407242753
DCA,MIA,DCA-MIA,12,6,1,19,173.0,919.0,149.0,173.0,163.13780784058713,-9.86219215941287,-14.13780784058713,14.13780784058713
DFW,IAD,DFW-IAD,12,6,1,12,188.0,1172.0,155.0,188.0,173.03886009855805,-14.961139901441953,-18.038860098558047,18.038860098558047
IAD,DFW,IAD-DFW,12,6,1,17,237.0,1172.0,204.0,237.0,209.96502569461387,-27.03497430538613,-5.965025694613871,5.965025694613871
IAD,DFW,IAD-DFW,12,6,1,6,221.0,1172.0,201.0,221.0,203.49544523048667,-17.504554769513334,-2.4954452304866663,2.4954452304866663
MIA,DCA,MIA-DCA,12,6,1,14,154.0,919.0,144.0,154.0,148.40954863781198,-5.59045136218802,-4.40954863781198,4.40954863781198
DCA,DFW,DCA-DFW,12,6,1,16,219.0,1192.0,200.0,219.0,212.71893252794328,-6.281067472056719,-12.71893252794328,12.71893252794328
MIA,DCA,MIA-DCA,12,6,1,21,154.0,919.0,156.0,154.0,147.57815505458598,-6.421844945414023,8.421844945414023,8.421844945414023
DCA,MIA,DCA-MIA,12,6,1,8,185.0,919.0,173.0,185.0,167.20581116184874,-17.794188838151257,5.794188838151257,5.794188838151257
MIA,DCA,MIA-DCA,12,6,1,18,162.0,919.0,161.0,162.0,154.36083662287461,-7.639163377125385,6.639163377125385,6.639163377125385
DFW,IAD,DFW-IAD,12,6,1,18,167.0,1172.0,159.0,167.0,163.30079646695077,-3.6992035330492286,-4.3007964669507714,4.3007964669507714
CLT,DCA,CLT-DCA,12,6,1,22,85.0,331.0,72.0,85.0,79.38995945825894,-5.610040541741057,-7.389959458258943,7.389959458258943
DFW,RIC,DFW-RIC,12,6,1,10,179.0,1158.0,161.0,179.0,165.36606332396912,-13.633936676030885,-4.366063323969115,4.366063323969115
RIC,DFW,RIC-DFW,12,6,1,15,214.0,1158.0,212.0,214.0,214.5577282662308,0.5577282662308107,-2.5577282662308107,2.5577282662308107
DFW,DCA,DFW-DCA,12,6,1,19,171.0,1192.0,162.0,171.0,167.33163777967115,-3.668362220328845,-5.331637779671155,5.331637779671155
DCA,SAT,DCA-SAT,12,6,1,19,239.0,1380.0,210.0,239.0,218.50040566598685,-20.499594334013153,-8.500405665986847,8.500405665986847
DFW,DCA,DFW-DCA,12,6,1,14,167.0,1192.0,152.0,167.0,163.5289450822107,-3.471054917789303,-11.528945082210697,11.528945082210697
DCA,MIA,DCA-MIA,12,6,1,18,175.0,919.0,158.0,175.0,165.3599429123679,-9.640057087632101,-7.359942912367899,7.359942912367899
ORD,DCA,ORD-DCA,12,6,1,13,107.0,612.0,100.0,107.0,108.28503503020937,1.2850350302093716,-8.285035030209372,8.285035030209372
ORF,MIA,ORF-MIA,12,6,1,5,150.0,802.0,134.0,150.0,139.71659658903093,-10.283403410969072,-5.716596589030928,5.716596589030928
MIA,DCA,MIA-DCA,12,6,1,7,148.0,919.0,160.0,148.0,145.9354116985221,-2.0645883014778974,14.064588301477897,14.064588301477897
DFW,RIC,DFW-RIC,12,6,1,14,165.0,1158.0,158.0,165.0,160.49489082836612,-4.505109171633876,-2.494890828366124,2.494890828366124
RIC,DFW,RIC-DFW,12,6,1,19,211.0,1158.0,192.0,211.0,214.2625938373004,3.262593837300386,-22.262593837300386,22.262593837300386
DCA,DFW,DCA-DFW,12,6,1,10,218.0,1192.0,195.0,218.0,210.2513584298796,-7.748641570120412,-15.251358429879588,15.251358429879588
CLT,DCA,CLT-DCA,12,6,1,13,79.0,331.0,76.0,79.0,86.27753423417872,7.277534234178717,-10.277534234178717,10.277534234178717
DCA,ORD,DCA-ORD,12,6,1,15,142.0,612.0,125.0,142.0,134.3023424673501,-7.697657532649913,-9.302342467350087,9.302342467350087
DFW,ORF,DFW-ORF,12,6,1,10,184.0,1212.0,165.0,184.0,171.73672453365285,-12.263275466347153,-6.736724533652847,6.736724533652847
ORF,DFW,ORF-DFW,12,6,1,15,224.0,1212.0,240.0,224.0,217.2956700516001,-6.704329948399902,22.704329948399902,22.704329948399902
DFW,RIC,DFW-RIC,12,6,1,18,171.0,1158.0,152.0,171.0,165.08094809839326,-5.9190519016067356,-13.080948098393264,13.080948098393264
DCA,DFW,DCA-DFW,12,6,1,18,216.0,1192.0,211.0,216.0,212.29988985479042,-3.700110145209578,-1.2998898547904219,1.2998898547904219
DFW,DCA,DFW-DCA,12,6,1,16,164.0,1192.0,162.0,164.0,164.64574710155128,0.6457471015512795,-2.6457471015512795,2.6457471015512795
DCA,MCO,DCA-MCO,12,6,1,15,154.0,759.0,138.0,154.0,147.47787106480973,-6.522128935190267,-9.477871064809733,9.477871064809733
DFW,DCA,DFW-DCA,12,6,1,10,181.0,1192.0,157.0,181.0,171.79443077811464,-9.205569221885355,-14.794430778114645,14.794430778114645
MIA,DCA,MIA-DCA,12,6,1,9,165.0,919.0,155.0,165.0,155.80085611243408,-9.199143887565924,-0.8008561124340758,0.8008561124340758
DCA,CLT,DCA-CLT,12,6,1,13,90.0,331.0,84.0,90.0,83.49018782480037,-6.509812175199627,0.5098121751996274,0.5098121751996274
DFW,DCA,DFW-DCA,12,6,1,7,171.0,1192.0,157.0,171.0,166.29603767445755,-4.703962325542449,-9.296037674457551,9.296037674457551
DCA,DFW,DCA-DFW,12,6,1,11,216.0,1192.0,198.0,216.0,210.372385682439,-5.627614317561012,-12.372385682438988,12.372385682438988
DFW,DCA,DFW-DCA,12,6,1,5,168.0,1192.0,155.0,168.0,163.38132211865752,-4.618677881342478,-8.381322118657522,8.381322118657522
DCA,CLT,DCA-CLT,12,6,1,10,101.0,331.0,81.0,101.0,90.4683418656699,-10.531658134330101,-9.468341865669899,9.468341865669899
CLT,DCA,CLT-DCA,12,6,1,16,80.0,331.0,80.0,80.0,87.52275478210954,7.522754782109544,-7.522754782109544,7.522754782109544
RIC,CLT,RIC-CLT,12,6,1,5,75.0,257.0,65.0,75.0,64.46794801208752,-10.532051987912482,0.5320519879124816,0.5320519879124816
DCA,DFW,DCA-DFW,12,6,1,14,223.0,1192.0,197.0,223.0,213.88869017709715,-9.111309822902854,-16.888690177097146,16.888690177097146
DCA,MCO,DCA-MCO,12,6,1,8,160.0,759.0,139.0,160.0,150.5076835814473,-9.49231641855269,-11.50768358144731,11.50768358144731
MCO,DCA,MCO-DCA,12,6,1,11,128.0,759.0,123.0,128.0,124.10938943339792,-3.890610566602078,-1.1093894333979222,1.1093894333979222
MCO,DCA,MCO-DCA,12,6,1,7,139.0,759.0,127.0,139.0,133.9431569175093,-5.056843082490701,-6.943156917509299,6.943156917509299
DCA,MIA,DCA-MIA,12,6,1,16,180.0,919.0,146.0,180.0,167.29246116302673,-12.70753883697327,-21.29246116302673,21.29246116302673
DCA,TPA,DCA-TPA,12,6,1,10,162.0,814.0,149.0,162.0,148.16869709009796,-13.831302909902035,0.8313029099020355,0.8313029099020355
TPA,DCA,TPA-DCA,12,6,1,13,131.0,814.0,118.0,131.0,128.19109387547704,-2.808906124522963,-10.191093875477037,10.191093875477037
DFW,DCA,DFW-DCA,12,6,1,17,165.0,1192.0,167.0,165.0,164.89759635445057,-0.10240364554942971,2.1024036455494297,2.1024036455494297
PWM,DCA,PWM-DCA,12,7,1,6,109.0,482.0,111.0,109.0,105.77598204149449,-3.224017958505513,5.224017958505513,5.224017958505513
DCA,PBI,DCA-PBI,12,7,1,15,162.0,857.0,156.0,162.0,154.91787282044496,-7.0821271795550444,1.0821271795550444,1.0821271795550444
PBI,DCA,PBI-DCA,12,7,1,18,142.0,857.0,128.0,142.0,142.02724798013466,0.027247980134660565,-14.02724798013466,14.02724798013466
DCA,TPA,DCA-TPA,12,7,1,8,157.0,814.0,166.0,157.0,150.82538222061606,-6.1746177793839365,15.174617779383937,15.174617779383937
TPA,DCA,TPA-DCA,12,7,1,11,132.0,814.0,117.0,132.0,130.97343062660505,-1.026569373394949,-13.973430626605051,13.973430626605051
CLT,ORF,CLT-ORF,12,7,1,7,70.0,290.0,65.0,70.0,68.71697377991458,-1.283026220085418,-3.716973779914582,3.716973779914582
ORF,CLT,ORF-CLT,12,7,1,9,86.0,290.0,85.0,86.0,81.2580422094214,-4.741957790578596,3.7419577905785957,3.7419577905785957
DFW,RIC,DFW-RIC,12,7,1,18,168.0,1158.0,159.0,168.0,165.15639791720102,-2.8436020827989807,-6.156397917201019,6.156397917201019
DCA,CLT,DCA-CLT,12,7,1,8,104.0,331.0,99.0,104.0,96.04379503125892,-7.956204968741076,2.9562049687410763,2.9562049687410763
DCA,DFW,DCA-DFW,12,7,1,13,219.0,1192.0,223.0,219.0,213.66865509290164,-5.331344907098355,9.331344907098355,9.331344907098355
DFW,DCA,DFW-DCA,12,7,1,8,169.0,1192.0,166.0,169.0,166.07000561487067,-2.9299943851293335,-0.07000561487066648,0.07000561487066648
DFW,RIC,DFW-RIC,12,7,1,10,179.0,1158.0,158.0,179.0,167.32599460652057,-11.674005393479433,-9.325994606520567,9.325994606520567
RIC,DFW,RIC-DFW,12,7,1,15,214.0,1158.0,209.0,214.0,216.59928502189248,2.5992850218924843,-7.599285021892484,7.599285021892484
CLT,RIC,CLT-RIC,12,7,1,20,75.0,257.0,63.0,75.0,71.35806070610899,-3.6419392938910136,-8.358060706108986,8.358060706108986
CLT,ORF,CLT-ORF,12,7,1,18,74.0,290.0,79.0,74.0,72.31795521298257,-1.682044787017432,6.682044787017432,6.682044787017432
ORF,CLT,ORF-CLT,12,7,1,20,90.0,290.0,92.0,90.0,84.41849787530568,-5.581502124694325,7.581502124694325,7.581502124694325
DCA,MIA,DCA-MIA,12,7,1,5,170.0,919.0,151.0,170.0,161.65620840298357,-8.343791597016434,-10.656208402983566,10.656208402983566
MIA,DCA,MIA-DCA,12,7,1,22,164.0,919.0,164.0,164.0,158.6059616645204,-5.394038335479593,5.394038335479593,5.394038335479593
CLT,RIC,CLT-RIC,12,7,1,23,80.0,257.0,65.0,80.0,75.0894610001823,-4.910538999817703,-10.089461000182297,10.089461000182297
DCA,MCO,DCA-MCO,12,7,1,6,150.0,759.0,138.0,150.0,147.71347755739885,-2.2865224426011537,-9.713477557398846,9.713477557398846
RIC,CLT,RIC-CLT,12,7,1,5,75.0,257.0,68.0,75.0,68.02154905153151,-6.978450948468492,-0.021549051531508212,0.021549051531508212
DCA,MCO,DCA-MCO,12,7,1,15,154.0,759.0,155.0,154.0,151.16372526719562,-2.836274732804384,3.836274732804384,3.836274732804384
MIA,DCA,MIA-DCA,12,7,1,11,160.0,919.0,143.0,160.0,152.99721601205522,-7.002783987944781,-9.997216012055219,9.997216012055219
MIA,DCA,MIA-DCA,12,7,1,21,156.0,919.0,142.0,156.0,152.39452100940213,-3.6054789905978737,-10.394521009402126,10.394521009402126
DCA,MIA,DCA-MIA,12,7,1,17,184.0,919.0,169.0,184.0,172.3267985418754,-11.673201458124595,-3.326798541875405,3.326798541875405
ORD,DCA,ORD-DCA,12,7,1,13,111.0,612.0,114.0,111.0,115.7928426602277,4.792842660227706,-1.7928426602277057,1.7928426602277057
BOS,DCA,BOS-DCA,12,7,1,6,110.0,399.0,99.0,110.0,104.61610865318806,-5.383891346811936,-5.616108653188064,5.616108653188064
DCA,DFW,DCA-DFW,12,7,1,9,218.0,1192.0,221.0,218.0,212.3646504135454,-5.635349586454595,8.635349586454595,8.635349586454595
MCO,DCA,MCO-DCA,12,7,1,21,126.0,759.0,121.0,126.0,122.84347421905537,-3.1565257809446337,-1.8434742190553663,1.8434742190553663
DCA,PHX,DCA-PHX,12,7,1,10,309.0,1979.0,314.0,309.0,296.3837427581304,-12.616257241869619,17.61625724186962,17.61625724186962
DCA,LAX,DCA-LAX,12,7,1,16,352.0,2311.0,351.0,352.0,346.21201558358985,-5.787984416410154,4.787984416410154,4.787984416410154
PHX,DCA,PHX-DCA,12,7,1,9,254.0,1979.0,244.0,254.0,249.34036854081054,-4.659631459189455,-5.340368540810545,5.340368540810545
LAX,DCA,LAX-DCA,12,7,1,8,291.0,2311.0,266.0,291.0,285.3157269275488,-5.684273072451219,-19.31572692754878,19.31572692754878
DCA,PHX,DCA-PHX,12,7,1,17,307.0,1979.0,317.0,307.0,298.94483060168886,-8.055169398311136,18.055169398311136,18.055169398311136
PHX,DCA,PHX-DCA,12,7,1,13,249.0,1979.0,244.0,249.0,245.8620726724291,-3.1379273275709068,-1.8620726724290932,1.8620726724290932
LAS,DCA,LAS-DCA,12,7,1,13,267.0,2089.0,244.0,267.0,257.7996749610422,-9.200325038957828,-13.799674961042172,13.799674961042172
DCA,LAS,DCA-LAS,12,7,1,7,324.0,2089.0,326.0,324.0,314.5831465741662,-9.416853425833779,11.416853425833779,11.416853425833779
LAX,DCA,LAX-DCA,12,7,1,12,290.0,2311.0,265.0,290.0,284.6677755450587,-5.332224454941297,-19.667775545058703,19.667775545058703
PHX,DCA,PHX-DCA,12,7,1,0,242.0,1979.0,231.0,242.0,238.05089748310354,-3.9491025168964597,-7.05089748310354,7.05089748310354
DCA,LAX,DCA-LAX,12,7,1,8,366.0,2311.0,361.0,366.0,349.9584389263241,-16.041561073675894,11.041561073675894,11.041561073675894
DCA,PHX,DCA-PHX,12,7,1,7,318.0,1979.0,332.0,318.0,309.16167660856354,-8.838323391436461,22.83832339143646,22.83832339143646
RIC,CLT,RIC-CLT,12,7,1,6,88.0,257.0,68.0,88.0,78.40410135090012,-9.59589864909988,-10.40410135090012,10.40410135090012
DFW,IAD,DFW-IAD,12,7,1,13,168.0,1172.0,155.0,168.0,165.12422108197606,-2.87577891802394,-10.12422108197606,10.12422108197606
IAD,DFW,IAD-DFW,12,7,1,18,235.0,1172.0,205.0,235.0,212.51375761012446,-22.486242389875542,-7.513757610124458,7.513757610124458
CLT,RIC,CLT-RIC,12,7,1,12,68.0,257.0,67.0,68.0,67.8640759678559,-0.13592403214410353,-0.8640759678558965,0.8640759678558965
RIC,CLT,RIC-CLT,12,7,1,14,84.0,257.0,86.0,84.0,79.12504649216106,-4.8749535078389385,6.8749535078389385,6.8749535078389385
CLT,DCA,CLT-DCA,12,7,1,22,76.0,331.0,70.0,76.0,74.8035491308821,-1.1964508691178963,-4.803549130882104,4.803549130882104
DCA,CLT,DCA-CLT,12,7,1,19,97.0,331.0,97.0,97.0,92.59916894142364,-4.400831058576358,4.400831058576358,4.400831058576358
CLT,DCA,CLT-DCA,12,7,1,9,88.0,331.0,82.0,88.0,92.67953129653432,4.679531296534321,-10.679531296534321,10.679531296534321
DCA,ORD,DCA-ORD,12,7,1,11,139.0,612.0,128.0,139.0,134.45071257037753,-4.549287429622467,-6.450712570377533,6.450712570377533
ORD,DCA,ORD-DCA,12,7,1,16,110.0,612.0,105.0,110.0,112.08635280851715,2.086352808517148,-7.086352808517148,7.086352808517148
CLT,DCA,CLT-DCA,12,7,1,18,82.0,331.0,79.0,82.0,91.7454574337004,9.745457433700395,-12.745457433700395,12.745457433700395
BOS,DCA,BOS-DCA,12,7,1,8,104.0,399.0,113.0,104.0,101.01473461954184,-2.9852653804581593,11.98526538045816,11.98526538045816
DCA,PBI,DCA-PBI,12,7,1,10,157.0,857.0,164.0,157.0,149.83116712026225,-7.168832879737749,14.16883287973775,14.16883287973775
PBI,DCA,PBI-DCA,12,7,1,13,141.0,857.0,130.0,141.0,139.42510615140233,-1.574893848597668,-9.425106151402332,9.425106151402332
DCA,FLL,DCA-FLL,12,7,1,17,168.0,899.0,164.0,168.0,160.43631216727545,-7.563687832724554,3.563687832724554,3.563687832724554
FLL,DCA,FLL-DCA,12,7,1,20,148.0,899.0,132.0,148.0,147.57382458726198,-0.4261754127380186,-15.573824587261981,15.573824587261981
ORD,DCA,ORD-DCA,12,7,1,20,115.0,612.0,109.0,115.0,112.95925160723625,-2.0407483927637458,-3.9592516072362542,3.9592516072362542
DCA,SYR,DCA-SYR,12,7,1,10,80.0,298.0,65.0,80.0,76.78705825953259,-3.2129417404674143,-11.787058259532586,11.787058259532586
SYR,DCA,SYR-DCA,12,7,1,12,86.0,298.0,77.0,86.0,82.29911270324222,-3.7008872967577844,-5.299112703242216,5.299112703242216
DCA,RDU,DCA-RDU,12,7,1,20,71.0,227.0,58.0,71.0,72.8136702932899,1.8136702932899027,-14.813670293289903,14.813670293289903
MCI,DCA,MCI-DCA,12,7,1,6,134.0,949.0,132.0,134.0,134.6933332750836,0.693333275083603,-2.693333275083603,2.693333275083603
DCA,FLL,DCA-FLL,12,7,1,14,163.0,899.0,158.0,163.0,154.38304757799688,-8.616952422003124,3.6169524220031235,3.6169524220031235
FLL,DCA,FLL-DCA,12,7,1,17,147.0,899.0,134.0,147.0,146.75627562281034,-0.24372437718966466,-12.756275622810335,12.756275622810335
MIA,RIC,MIA-RIC,12,7,1,16,144.0,826.0,136.0,144.0,140.7804015700788,-3.2195984299212057,-4.780401570078794,4.780401570078794
RIC,MIA,RIC-MIA,12,7,1,19,155.0,826.0,166.0,155.0,150.7598528302454,-4.240147169754607,15.240147169754607,15.240147169754607
DCA,ORD,DCA-ORD,12,7,1,7,145.0,612.0,122.0,145.0,140.7081586133826,-4.291841386617392,-18.708158613382608,18.708158613382608
BOS,DCA,BOS-DCA,12,7,1,17,102.0,399.0,96.0,102.0,102.87606142293595,0.8760614229359476,-6.876061422935948,6.876061422935948
DCA,BOS,DCA-BOS,12,7,1,14,92.0,399.0,75.0,92.0,95.77428246907506,3.774282469075061,-20.77428246907506,20.77428246907506
DCA,PBI,DCA-PBI,12,7,1,8,167.0,857.0,155.0,167.0,157.7050919922409,-9.29490800775909,-2.7050919922409093,2.7050919922409093
PBI,DCA,PBI-DCA,12,7,1,11,142.0,857.0,126.0,142.0,139.30486848376898,-2.695131516231015,-13.304868483768985,13.304868483768985
DCA,ORD,DCA-ORD,12,7,1,19,144.0,612.0,133.0,144.0,138.93585837605997,-5.064141623940031,-5.935858376059969,5.935858376059969
DCA,BOS,DCA-BOS,12,7,1,6,92.0,399.0,76.0,92.0,93.95580008422994,1.955800084229935,-17.955800084229935,17.955800084229935
DCA,BOS,DCA-BOS,12,7,1,11,91.0,399.0,75.0,91.0,94.81681467644594,3.8168146764459436,-19.816814676445944,19.816814676445944
BOS,DCA,BOS-DCA,12,7,1,9,101.0,399.0,103.0,101.0,99.86542534039759,-1.134574659602407,3.134574659602407,3.134574659602407
DCA,CLT,DCA-CLT,12,7,1,17,96.0,331.0,90.0,96.0,93.09646814135559,-2.9035318586444134,-3.0964681413555866,3.0964681413555866
BOS,DCA,BOS-DCA,12,7,1,15,99.0,399.0,118.0,99.0,100.0735719754117,1.0735719754116957,17.926428024588304,17.926428024588304
ORD,DCA,ORD-DCA,12,7,1,6,109.0,612.0,109.0,109.0,112.02334626730782,3.023346267307815,-3.023346267307815,3.023346267307815
DCA,MSY,DCA-MSY,12,7,1,7,176.0,969.0,185.0,176.0,165.81105400490122,-10.188945995098777,19.188945995098777,19.188945995098777
MSY,DCA,MSY-DCA,12,7,1,10,145.0,969.0,134.0,145.0,145.08441567562107,0.08441567562107366,-11.084415675621074,11.084415675621074
DCA,RSW,DCA-RSW,12,7,1,15,167.0,892.0,164.0,167.0,162.1811507966688,-4.818849203331212,1.8188492033312116,1.8188492033312116
RSW,DCA,RSW-DCA,12,7,1,18,138.0,892.0,135.0,138.0,140.88767038243193,2.887670382431935,-5.887670382431935,5.887670382431935
DCA,PWM,DCA-PWM,12,7,1,22,94.0,482.0,95.0,94.0,89.73958408507545,-4.26041591492455,5.26041591492455,5.26041591492455
ORD,DCA,ORD-DCA,12,7,1,11,108.0,612.0,111.0,108.0,111.61499265662246,3.614992656622462,-0.6149926566224622,0.6149926566224622
DCA,CLT,DCA-CLT,12,7,1,5,93.0,331.0,82.0,93.0,86.3101695769275,-6.689830423072493,-4.310169576927507,4.310169576927507
CLT,DCA,CLT-DCA,12,7,1,20,85.0,331.0,78.0,85.0,92.7958424832779,7.7958424832778945,-14.795842483277895,14.795842483277895
RDU,DCA,RDU-DCA,12,7,1,5,67.0,227.0,59.0,67.0,68.2009899122647,1.2009899122647028,-9.200989912264703,9.200989912264703
DCA,JAX,DCA-JAX,12,7,1,20,127.0,634.0,123.0,127.0,126.51616355178973,-0.48383644821026905,-3.516163551789731,3.516163551789731
DCA,FLL,DCA-FLL,12,7,1,10,172.0,899.0,172.0,172.0,160.75944629218927,-11.240553707810733,11.240553707810733,11.240553707810733
FLL,DCA,FLL-DCA,12,7,1,13,153.0,899.0,141.0,153.0,149.41903157333766,-3.580968426662338,-8.419031573337662,8.419031573337662
DCA,PWM,DCA-PWM,12,7,1,15,99.0,482.0,91.0,99.0,96.77474495246787,-2.22525504753213,-5.77474495246787,5.77474495246787
PWM,DCA,PWM-DCA,12,7,1,17,114.0,482.0,108.0,114.0,108.57346006237081,-5.426539937629187,-0.5734600623708133,0.5734600623708133
BOS,DCA,BOS-DCA,12,7,1,19,102.0,399.0,99.0,102.0,102.3290777411062,0.3290777411062038,-3.329077741106204,3.329077741106204
DCA,ORD,DCA-ORD,12,7,1,9,134.0,612.0,132.0,134.0,128.1196744268446,-5.880325573155403,3.880325573155403,3.880325573155403
JAX,DCA,JAX-DCA,12,7,1,7,110.0,634.0,101.0,110.0,111.94804733178442,1.948047331784423,-10.948047331784423,10.948047331784423
DCA,CHS,DCA-CHS,12,7,1,19,103.0,444.0,104.0,103.0,102.1816627713005,-0.8183372286995052,1.8183372286995052,1.8183372286995052
DCA,VPS,DCA-VPS,12,7,1,8,165.0,789.0,162.0,165.0,157.0517160158666,-7.948283984133411,4.948283984133411,4.948283984133411
VPS,DCA,VPS-DCA,12,7,1,10,127.0,789.0,116.0,127.0,127.2383886870637,0.2383886870637042,-11.238388687063704,11.238388687063704
CHS,DCA,CHS-DCA,12,7,1,17,91.0,444.0,104.0,91.0,97.31436653541891,6.3143665354189125,6.6856334645810875,6.6856334645810875
DCA,CHS,DCA-CHS,12,7,1,14,103.0,444.0,103.0,103.0,101.26449776050916,-1.7355022394908417,1.7355022394908417,1.7355022394908417
ORF,DFW,ORF-DFW,12,7,1,6,225.0,1212.0,219.0,225.0,218.41376389396578,-6.586236106034221,0.5862361060342209,0.5862361060342209
DCA,MIA,DCA-MIA,12,7,1,20,174.0,919.0,160.0,174.0,166.7789987478034,-7.221001252196601,-6.778998747803399,6.778998747803399
DFW,DCA,DFW-DCA,12,7,1,16,164.0,1192.0,155.0,164.0,167.35318301317287,3.353183013172867,-12.353183013172867,12.353183013172867
RIC,MIA,RIC-MIA,12,7,1,5,157.0,826.0,128.0,157.0,149.46837270050125,-7.531627299498751,-21.46837270050125,21.46837270050125
CLT,DCA,CLT-DCA,12,7,1,8,78.0,331.0,81.0,78.0,87.83947388523038,9.839473885230376,-6.839473885230376,6.839473885230376
DCA,PBI,DCA-PBI,12,7,1,17,162.0,857.0,149.0,162.0,155.4071467846995,-6.592853215300494,-6.407146784699506,6.407146784699506
PBI,DCA,PBI-DCA,12,7,1,20,142.0,857.0,138.0,142.0,140.2471155351688,-1.7528844648311974,-2.2471155351688026,2.2471155351688026
DCA,RSW,DCA-RSW,12,7,1,10,165.0,892.0,169.0,165.0,159.55179542908547,-5.448204570914527,9.448204570914527,9.448204570914527
RSW,DCA,RSW-DCA,12,7,1,13,143.0,892.0,128.0,143.0,140.97767283952126,-2.0223271604787385,-12.977672839521261,12.977672839521261
DCA,TPA,DCA-TPA,12,7,1,13,155.0,814.0,158.0,155.0,149.114945699874,-5.885054300126001,8.885054300126,8.885054300126
TPA,DCA,TPA-DCA,12,7,1,17,131.0,814.0,125.0,131.0,133.96711092498364,2.9671109249836434,-8.967110924983643,8.967110924983643
DCA,RSW,DCA-RSW,12,7,1,6,164.0,892.0,209.0,164.0,156.045180946017,-7.9548190539829875,52.95481905398299,52.95481905398299
RSW,DCA,RSW-DCA,12,7,1,10,142.0,892.0,130.0,142.0,139.23101133198503,-2.76898866801497,-9.23101133198503,9.23101133198503
DCA,BOS,DCA-BOS,12,7,1,18,90.0,399.0,86.0,90.0,94.1437614220562,4.143761422056201,-8.143761422056201,8.143761422056201
DFW,RIC,DFW-RIC,12,7,1,7,169.0,1158.0,153.0,169.0,163.0102726063117,-5.989727393688298,-10.010272606311702,10.010272606311702
RIC,DFW,RIC-DFW,12,7,1,11,211.0,1158.0,215.0,211.0,214.71068283596134,3.710682835961336,0.28931716403866403,0.28931716403866403
DCA,SRQ,DCA-SRQ,12,7,1,9,158.0,851.0,164.0,158.0,155.8880638794139,-2.1119361205861082,8.111936120586108,8.111936120586108
SRQ,DCA,SRQ-DCA,12,7,1,13,144.0,851.0,127.0,144.0,162.20409971363478,18.204099713634776,-35.204099713634776,35.204099713634776
BNA,DCA,BNA-DCA,12,7,1,6,100.0,562.0,109.0,100.0,103.3547119253686,3.354711925368605,5.645288074631395,5.645288074631395
DCA,BOS,DCA-BOS,12,7,1,16,92.0,399.0,80.0,92.0,96.60594203946785,4.605942039467848,-16.60594203946785,16.60594203946785
MIA,DCA,MIA-DCA,12,7,1,7,148.0,919.0,147.0,148.0,147.90071018663036,-0.09928981336963716,-0.9007101866303628,0.9007101866303628
DFW,DCA,DFW-DCA,12,7,1,17,164.0,1192.0,188.0,164.0,167.84245697742742,3.8424569774274175,20.157543022572582,20.157543022572582
DCA,DFW,DCA-DFW,12,7,1,10,218.0,1192.0,215.0,218.0,212.0334809799084,-5.966519020091596,2.966519020091596,2.966519020091596
DCA,DFW,DCA-DFW,12,7,1,7,219.0,1192.0,232.0,219.0,214.03601698587056,-4.96398301412944,17.96398301412944,17.96398301412944
ORF,MIA,ORF-MIA,12,7,1,5,150.0,802.0,146.0,150.0,142.57733240564872,-7.422667594351282,3.4226675943512817,3.4226675943512817
DCA,MIA,DCA-MIA,12,7,1,19,180.0,919.0,164.0,180.0,170.46649012384842,-9.533509876151584,-6.466490123848416,6.466490123848416
MIA,DCA,MIA-DCA,12,7,1,15,150.0,919.0,154.0,150.0,149.90441707365588,-0.09558292634412169,4.095582926344122,4.095582926344122
DCA,JAX,DCA-JAX,12,7,1,15,130.0,634.0,130.0,130.0,130.45164391254397,0.45164391254397174,-0.45164391254397174,0.45164391254397174
JAX,DCA,JAX-DCA,12,7,1,19,112.0,634.0,109.0,112.0,115.39593027113342,3.395930271133423,-6.395930271133423,6.395930271133423
MIA,DCA,MIA-DCA,12,7,1,9,165.0,919.0,136.0,165.0,157.9057315197561,-7.094268480243898,-21.905731519756102,21.905731519756102
CLT,DCA,CLT-DCA,12,7,1,16,80.0,331.0,89.0,80.0,91.55623442809734,11.55623442809734,-2.5562344280973406,2.5562344280973406
DCA,CLT,DCA-CLT,12,7,1,13,90.0,331.0,99.0,90.0,87.73692468504233,-2.2630753149576748,11.263075314957675,11.263075314957675
DCA,DFW,DCA-DFW,12,7,1,18,216.0,1192.0,192.0,216.0,214.45739644628924,-1.5426035537107623,-22.457396446289238,22.457396446289238
DFW,RIC,DFW-RIC,12,7,1,14,165.0,1158.0,160.0,165.0,163.52440899436397,-1.4755910056360335,-3.5244089943639665,3.5244089943639665
RIC,DFW,RIC-DFW,12,7,1,19,211.0,1158.0,211.0,211.0,216.54157530431732,5.54157530431732,-5.54157530431732,5.54157530431732
DCA,MIA,DCA-MIA,12,7,1,5,171.0,919.0,150.0,171.0,161.65620840298357,-9.343791597016434,-11.656208402983566,11.656208402983566
MIA,RIC,MIA-RIC,12,7,1,21,149.0,826.0,144.0,149.0,145.60736324528432,-3.3926367547156815,-1.6073632452843185,1.6073632452843185
DCA,SAT,DCA-SAT,12,7,1,19,239.0,1380.0,210.0,239.0,220.74629317150664,-18.253706828493364,-10.746293171506636,10.746293171506636
DFW,DCA,DFW-DCA,12,7,1,14,167.0,1192.0,157.0,167.0,166.23638099383228,-0.7636190061677155,-9.236380993832285,9.236380993832285
CLT,RIC,CLT-RIC,12,7,1,7,71.0,257.0,59.0,71.0,68.63638735908249,-2.363612640917509,-9.636387359082491,9.636387359082491
RIC,CLT,RIC-CLT,12,7,1,9,83.0,257.0,78.0,83.0,77.57855910224379,-5.421440897756213,0.42144089775621296,0.42144089775621296
DFW,DCA,DFW-DCA,12,7,1,5,168.0,1192.0,161.0,168.0,165.70966908994768,-2.290330910052319,-4.709669089947681,4.709669089947681
DCA,CLT,DCA-CLT,12,7,1,10,101.0,331.0,88.0,101.0,94.62237094784773,-6.3776290521522725,-6.6223709478477275,6.6223709478477275
MIA,ORF,MIA-ORF,12,7,1,22,141.0,802.0,128.0,141.0,133.90224139234152,-7.097758607658477,-5.902241392341523,5.902241392341523
MIA,DCA,MIA-DCA,12,7,1,6,148.0,919.0,144.0,148.0,147.90071018663036,-0.09928981336963716,-3.900710186630363,3.900710186630363
DCA,MIA,DCA-MIA,12,7,1,9,179.0,919.0,151.0,179.0,164.32652956006086,-14.673470439939138,-13.326529560060862,13.326529560060862
DCA,MIA,DCA-MIA,12,7,1,7,180.0,919.0,159.0,180.0,168.8343297027628,-11.165670297237199,-9.834329702762801,9.834329702762801
IAD,DFW,IAD-DFW,12,7,1,6,221.0,1172.0,221.0,221.0,205.66879310452725,-15.331206895472747,15.331206895472747,15.331206895472747
DCA,CLT,DCA-CLT,12,7,1,6,95.0,331.0,102.0,95.0,91.12056412830468,-3.8794358716953212,10.879435871695321,10.879435871695321
DCA,DFW,DCA-DFW,12,7,1,6,224.0,1192.0,244.0,224.0,216.28780289772334,-7.7121971022766616,27.71219710227666,27.71219710227666
DCA,TPA,DCA-TPA,12,7,1,18,154.0,814.0,140.0,154.0,150.52749642454984,-3.472503575450162,-10.527496424549838,10.527496424549838
SAT,DCA,SAT-DCA,12,7,1,6,189.0,1380.0,177.0,189.0,185.07357648749172,-3.926423512508279,-8.07357648749172,8.07357648749172
DCA,MCO,DCA-MCO,12,7,1,11,154.0,759.0,170.0,154.0,149.45144022570673,-4.548559774293267,20.548559774293267,20.548559774293267
MCO,DCA,MCO-DCA,12,7,1,15,130.0,759.0,128.0,130.0,132.51295616181676,2.51295616181676,-4.51295616181676,4.51295616181676
MIA,DCA,MIA-DCA,12,7,1,18,161.0,919.0,145.0,161.0,155.82164635271323,-5.1783536472867695,-10.82164635271323,10.82164635271323
RIC,DFW,RIC-DFW,12,7,1,6,218.0,1158.0,204.0,218.0,216.65679317972106,-1.3432068202789367,-12.656793179721063,12.656793179721063
DFW,IAD,DFW-IAD,12,7,1,19,174.0,1172.0,156.0,174.0,171.5594497583011,-2.440550241698901,-15.559449758301099,15.559449758301099
DFW,DCA,DFW-DCA,12,7,1,7,171.0,1192.0,174.0,171.0,168.38905683562075,-2.6109431643792504,5.6109431643792504,5.6109431643792504
DCA,DFW,DCA-DFW,12,7,1,11,216.0,1192.0,225.0,216.0,212.1545082324678,-3.845491767532195,12.845491767532195,12.845491767532195
MCO,DCA,MCO-DCA,12,7,1,7,139.0,759.0,123.0,139.0,137.4474928972329,-1.5525071027670947,-14.447492897232905,14.447492897232905
DCA,TPA,DCA-TPA,12,7,1,10,162.0,814.0,158.0,162.0,151.81260998903534,-10.187390010964663,6.187390010964663,6.187390010964663
TPA,DCA,TPA-DCA,12,7,1,13,131.0,814.0,154.0,131.0,132.38899133297457,1.3889913329745696,21.61100866702543,21.61100866702543
DCA,DFW,DCA-DFW,12,7,1,17,219.0,1192.0,224.0,219.0,215.21666928636236,-3.783330713637639,8.783330713637639,8.783330713637639
MCO,DCA,MCO-DCA,12,7,1,19,129.0,759.0,126.0,129.0,131.0263580124262,2.0263580124261864,-5.026358012426186,5.026358012426186
DFW,DCA,DFW-DCA,12,7,1,12,173.0,1192.0,170.0,173.0,170.07214669443582,-2.9278533055641844,-0.07214669443581556,0.07214669443581556
DCA,MCO,DCA-MCO,12,7,1,17,156.0,759.0,147.0,156.0,154.04688680399957,-1.9531131960004302,-7.04688680399957,7.04688680399957
DFW,ORF,DFW-ORF,12,7,1,10,184.0,1212.0,174.0,184.0,173.37457356182804,-10.625426438171957,0.6254264381719565,0.6254264381719565
ORF,DFW,ORF-DFW,12,7,1,15,224.0,1212.0,206.0,224.0,219.30413284576463,-4.695867154235373,-13.304132845764627,13.304132845764627
DCA,MIA,DCA-MIA,12,7,1,14,175.0,919.0,156.0,175.0,166.86312535725702,-8.136874642742981,-10.863125357257019,10.863125357257019
DFW,DCA,DFW-DCA,12,7,1,9,174.0,1192.0,158.0,174.0,170.33180601048764,-3.6681939895123605,-12.33180601048764,12.33180601048764
DCA,BOS,DCA-BOS,12,7,1,21,90.0,399.0,86.0,90.0,90.25829852431006,0.2582985243100637,-4.258298524310064,4.258298524310064
MIA,DCA,MIA-DCA,12,7,1,17,156.0,919.0,151.0,156.0,154.65865758223288,-1.3413424177671232,-3.658657582232877,3.658657582232877
DCA,MIA,DCA-MIA,12,7,1,8,185.0,919.0,168.0,185.0,170.29959051013086,-14.700409489869145,-2.299590510130855,2.299590510130855
DFW,ORF,DFW-ORF,12,7,1,14,169.0,1212.0,168.0,169.0,164.79768150463894,-4.202318495361055,3.2023184953610553,3.2023184953610553
ORF,DFW,ORF-DFW,12,7,1,19,218.0,1212.0,232.0,218.0,216.64708473023748,-1.3529152697625193,15.35291526976252,15.35291526976252
DCA,MIA,DCA-MIA,12,7,1,18,175.0,919.0,170.0,175.0,168.42104557831902,-6.578954421680976,1.5789544216809759,1.5789544216809759
MIA,DCA,MIA-DCA,12,7,1,14,154.0,919.0,147.0,154.0,150.55636534858252,-3.443634651417483,-3.556365348582517,3.556365348582517
DFW,DCA,DFW-DCA,12,7,1,19,171.0,1192.0,156.0,171.0,169.80004098230435,-1.1999590176956474,-13.800040982304353,13.800040982304353
CLT,DCA,CLT-DCA,12,7,1,13,79.0,331.0,102.0,79.0,90.31101388016651,11.311013880166513,11.688986119833487,11.688986119833487
DCA,ORD,DCA-ORD,12,7,1,15,142.0,612.0,149.0,142.0,137.94463777718843,-4.055362222811567,11.055362222811567,11.055362222811567
DFW,ORF,DFW-ORF,12,7,1,18,176.0,1212.0,160.0,176.0,172.417536303712,-3.582463696287988,-12.417536303712012,12.417536303712012
TPA,DCA,TPA-DCA,12,7,1,19,134.0,814.0,124.0,134.0,134.0252315005918,0.02523150059178647,-10.025231500591786,10.025231500591786
DCA,DFW,DCA-DFW,12,7,1,14,223.0,1192.0,246.0,223.0,215.89715297126168,-7.102847028738324,30.102847028738324,30.102847028738324
DCA,MCO,DCA-MCO,12,7,1,8,160.0,759.0,137.0,160.0,154.15159648038468,-5.848403519615317,-17.151596480384683,17.151596480384683
MCO,DCA,MCO-DCA,12,7,1,11,128.0,759.0,114.0,128.0,127.82740828435186,-0.1725917156481387,-13.827408284351861,13.827408284351861
CLT,RIC,CLT-RIC,12,7,1,11,80.0,257.0,73.0,80.0,75.41464105721579,-4.585358942784211,-2.414641057215789,2.414641057215789
RIC,CLT,RIC-CLT,12,7,1,13,81.0,257.0,78.0,81.0,76.82504528353681,-4.174954716463191,1.1749547164631906,1.1749547164631906
DCA,CLT,DCA-CLT,12,1,0,8,104.0,331.0,102.0,104.0,93.33703319595088,-10.66296680404912,8.66296680404912,8.66296680404912
RIC,DFW,RIC-DFW,12,1,0,6,220.0,1158.0,243.0,220.0,215.825560295293,-4.174439704706998,27.174439704706998,27.174439704706998
CLT,DCA,CLT-DCA,12,1,0,19,78.0,331.0,80.0,78.0,83.53610902663266,5.5361090266326585,-3.5361090266326585,3.5361090266326585
ORD,DCA,ORD-DCA,12,1,0,20,115.0,612.0,100.0,115.0,110.80033272959233,-4.199667270407673,-10.800332729592327,10.800332729592327
CLT,ORF,CLT-ORF,12,1,0,7,70.0,290.0,61.0,70.0,67.28647276105173,-2.7135272389482736,-6.286472761051726,6.286472761051726
ORF,CLT,ORF-CLT,12,1,0,9,86.0,290.0,76.0,86.0,78.72449187463651,-7.275508125363487,-2.724491874636513,2.724491874636513
DCA,CLT,DCA-CLT,12,1,0,19,97.0,331.0,80.0,97.0,89.17510378821653,-7.824896211783468,-9.175103788216532,9.175103788216532
CLT,DCA,CLT-DCA,12,1,0,9,88.0,331.0,79.0,88.0,91.72006968227785,3.7200696822778525,-12.720069682277853,12.720069682277853
DCA,ORD,DCA-ORD,12,1,0,11,139.0,612.0,128.0,139.0,133.33772555930514,-5.662274440694858,-5.337725559305142,5.337725559305142
ORD,DCA,ORD-DCA,12,1,0,16,110.0,612.0,102.0,110.0,110.16485864222848,0.1648586422284808,-8.16485864222848,8.16485864222848
RIC,CLT,RIC-CLT,12,1,0,6,88.0,257.0,117.0,88.0,77.12690360266517,-10.873096397334834,39.873096397334834,39.873096397334834
CLT,RIC,CLT-RIC,12,1,0,18,72.0,257.0,107.0,72.0,69.43412431807228,-2.5658756819277215,37.56587568192772,37.56587568192772
RIC,CLT,RIC-CLT,12,1,0,20,88.0,257.0,68.0,88.0,78.49483597573223,-9.50516402426777,-10.49483597573223,10.49483597573223
DCA,DFW,DCA-DFW,12,1,0,13,219.0,1192.0,199.0,219.0,211.41834066264153,-7.581659337358474,-12.418340662641526,12.418340662641526
DFW,DCA,DFW-DCA,12,1,0,8,169.0,1192.0,165.0,169.0,164.45917515069468,-4.540824849305324,0.5408248493053236,0.5408248493053236
BOS,DCA,BOS-DCA,12,1,0,6,110.0,399.0,101.0,110.0,103.1744930934432,-6.825506906556797,-2.1744930934432034,2.1744930934432034
DCA,DFW,DCA-DFW,12,1,0,8,227.0,1192.0,216.0,227.0,214.32738386874874,-12.67261613125126,1.6726161312512602,1.6726161312512602
MCO,DCA,MCO-DCA,12,1,0,19,129.0,759.0,124.0,129.0,128.86743913478247,-0.13256086521752763,-4.867439134782472,4.867439134782472
DCA,MIA,DCA-MIA,12,1,0,5,170.0,919.0,156.0,170.0,159.40481931464328,-10.595180685356723,-3.4048193146432766,3.4048193146432766
RIC,CLT,RIC-CLT,12,1,0,5,75.0,257.0,88.0,75.0,66.74435130329655,-8.255648696703446,21.255648696703446,21.255648696703446
MIA,DCA,MIA-DCA,12,1,0,21,156.0,919.0,156.0,156.0,151.56126386002572,-4.4387361399742815,4.4387361399742815,4.4387361399742815
DCA,MIA,DCA-MIA,12,1,0,6,175.0,919.0,144.0,175.0,163.67052139073962,-11.329478609260377,-19.670521390739623,19.670521390739623
MCO,DCA,MCO-DCA,12,1,0,21,126.0,759.0,125.0,126.0,120.68455534141144,-5.315444658588561,4.315444658588561,4.315444658588561
MIA,DCA,MIA-DCA,12,1,0,22,164.0,919.0,159.0,164.0,157.67668648847777,-6.32331351152223,1.3233135115222296,1.3233135115222296
DCA,MIA,DCA-MIA,12,1,0,18,175.0,919.0,146.0,175.0,165.66904263226263,-9.33095736773737,-19.66904263226263,19.66904263226263
MIA,DCA,MIA-DCA,12,1,0,14,154.0,919.0,152.0,154.0,149.96053291056137,-4.039467089438631,2.039467089438631,2.039467089438631
DCA,MCO,DCA-MCO,12,1,0,6,150.0,759.0,134.0,150.0,144.76272763286667,-5.237272367133329,-10.762727632866671,10.762727632866671
LAX,DCA,LAX-DCA,12,1,0,12,290.0,2311.0,270.0,290.0,281.94375862814627,-8.05624137185373,-11.94375862814627,11.94375862814627
PHX,DCA,PHX-DCA,12,1,0,0,242.0,1979.0,234.0,242.0,235.79834434638042,-6.201655653619582,-1.7983443463804178,1.7983443463804178
DCA,LAX,DCA-LAX,12,1,0,8,366.0,2311.0,359.0,366.0,347.91243206030254,-18.087567939697465,11.087567939697465,11.087567939697465
DCA,PHX,DCA-PHX,12,1,0,7,318.0,1979.0,316.0,318.0,306.38098183672656,-11.619018163273438,9.619018163273438,9.619018163273438
DCA,PHX,DCA-PHX,12,1,0,10,309.0,1979.0,294.0,309.0,293.9940303010981,-15.005969698901879,0.005969698901878928,0.005969698901878928
PHX,DCA,PHX-DCA,12,1,0,13,249.0,1979.0,245.0,249.0,243.00449368260567,-5.99550631739433,1.9955063173943302,1.9955063173943302
LAX,DCA,LAX-DCA,12,1,0,8,291.0,2311.0,268.0,291.0,282.72966934075106,-8.270330659248941,-14.729669340751059,14.729669340751059
DCA,PHX,DCA-PHX,12,1,0,17,307.0,1979.0,294.0,307.0,296.17973410318666,-10.82026589681334,-2.179734103186661,2.179734103186661
DCA,LAS,DCA-LAS,12,1,0,7,324.0,2089.0,315.0,324.0,312.21281980313285,-11.787180196867155,2.787180196867155,2.787180196867155
LAS,DCA,LAS-DCA,12,1,0,13,267.0,2089.0,254.0,267.0,254.7493609488769,-12.250639051123102,-0.7493609488768982,0.7493609488768982
DCA,LAX,DCA-LAX,12,1,0,16,352.0,2311.0,329.0,352.0,344.28105355462276,-7.718946445377242,-15.281053554622758,15.281053554622758
PHX,DCA,PHX-DCA,12,1,0,9,254.0,1979.0,250.0,254.0,246.42801385876004,-7.571986141239961,3.571986141239961,3.571986141239961
CLT,RIC,CLT-RIC,12,1,0,11,80.0,257.0,67.0,80.0,74.02903977248882,-5.970960227511185,-7.029039772488815,7.029039772488815
RIC,CLT,RIC-CLT,12,1,0,13,81.0,257.0,76.0,81.0,75.06796892875805,-5.932031071241951,0.9320310712419513,0.9320310712419513
DCA,CLT,DCA-CLT,12,1,0,5,93.0,331.0,71.0,93.0,83.92135755857778,-9.078642441422218,-12.921357558577782,12.921357558577782
CLT,RIC,CLT-RIC,12,1,0,15,68.0,257.0,60.0,68.0,66.13353785978157,-1.866462140218431,-6.133537859781569,6.133537859781569
RIC,CLT,RIC-CLT,12,1,0,17,87.0,257.0,83.0,87.0,79.39304064859954,-7.606959351400462,3.6069593514004623,3.6069593514004623
DCA,PBI,DCA-PBI,12,1,0,15,162.0,857.0,140.0,162.0,152.8733974560503,-9.126602543949701,-12.873397456050299,12.873397456050299
PBI,DCA,PBI-DCA,12,1,0,18,142.0,857.0,150.0,142.0,140.06439650942625,-1.9356034905737545,9.935603490573754,9.935603490573754
DCA,TPA,DCA-TPA,12,1,0,8,157.0,814.0,148.0,157.0,149.01488421300238,-7.985115786997625,-1.0148842130023752,1.0148842130023752
TPA,DCA,TPA-DCA,12,1,0,11,132.0,814.0,131.0,132.0,129.53181506686036,-2.4681849331396393,1.4681849331396393,1.4681849331396393
DCA,BOS,DCA-BOS,12,1,0,6,92.0,399.0,84.0,92.0,93.28949214901952,1.289492149019523,-9.289492149019523,9.289492149019523
DCA,BOS,DCA-BOS,12,1,0,11,91.0,399.0,85.0,91.0,95.28405909632342,4.284059096323418,-10.284059096323418,10.284059096323418
BOS,DCA,BOS-DCA,12,1,0,9,101.0,399.0,83.0,101.0,98.42380978065273,-2.576190219347268,-15.423809780652732,15.423809780652732
DCA,TPA,DCA-TPA,12,1,0,13,155.0,814.0,149.0,155.0,147.16648836214557,-7.8335116378544285,1.8335116378544285,1.8335116378544285
TPA,DCA,TPA-DCA,12,1,0,17,131.0,814.0,134.0,131.0,131.80819204733993,0.8081920473399293,2.1918079526600707,2.1918079526600707
DCA,PWM,DCA-PWM,12,1,0,22,94.0,482.0,87.0,94.0,88.70585406444995,-5.294145935550048,-1.7058540644499516,1.7058540644499516
DCA,RSW,DCA-RSW,12,1,0,6,164.0,892.0,149.0,164.0,156.5682456466321,-7.431754353367893,-7.568245646632107,7.568245646632107
RSW,DCA,RSW-DCA,12,1,0,10,142.0,892.0,144.0,142.0,137.85028203789798,-4.149717962102017,6.149717962102017,6.149717962102017
DFW,RIC,DFW-RIC,12,1,0,7,169.0,1158.0,165.0,169.0,160.78689935401843,-8.21310064598157,4.213100645981569,4.213100645981569
RIC,DFW,RIC-DFW,12,1,0,11,211.0,1158.0,206.0,211.0,212.80913464222348,1.8091346422234835,-6.8091346422234835,6.8091346422234835
RDU,DCA,RDU-DCA,12,1,0,5,67.0,227.0,45.0,67.0,65.23501134132388,-1.764988658676117,-20.235011341323883,20.235011341323883
CLT,DCA,CLT-DCA,12,1,0,8,78.0,331.0,84.0,78.0,86.88001227097391,8.880012270973907,-2.880012270973907,2.880012270973907
DCA,RSW,DCA-RSW,12,1,0,10,165.0,892.0,147.0,165.0,158.3241464936343,-6.675853506365712,-11.324146493634288,11.324146493634288
RSW,DCA,RSW-DCA,12,1,0,13,143.0,892.0,152.0,143.0,139.45898421531948,-3.541015784680525,12.541015784680525,12.541015784680525
DCA,BOS,DCA-BOS,12,1,0,18,90.0,399.0,98.0,90.0,94.28087335251429,4.280873352514291,3.7191266474857088,3.7191266474857088
DCA,RSW,DCA-RSW,12,1,0,15,167.0,892.0,153.0,167.0,160.87253144900055,-6.127468550999453,-7.872531449000547,7.872531449000547
RSW,DCA,RSW-DCA,12,1,0,18,138.0,892.0,142.0,138.0,139.1315570468749,1.1315570468748888,2.868442953125111,2.868442953125111
ORD,DCA,ORD-DCA,12,1,0,11,108.0,612.0,103.0,108.0,110.1733770968776,2.1733770968776014,-7.173377096877601,7.173377096877601
DCA,MIA,DCA-MIA,12,1,0,19,180.0,919.0,148.0,180.0,167.30642645399104,-12.693573546008963,-19.306426453991037,19.306426453991037
MIA,DCA,MIA-DCA,12,1,0,15,150.0,919.0,151.0,150.0,149.53161521401,-0.468384785989997,1.468384785989997,1.468384785989997
DCA,CLT,DCA-CLT,12,1,0,6,95.0,331.0,87.0,95.0,88.16139246624692,-6.838607533753077,-1.161392466246923,1.161392466246923
DCA,ORD,DCA-ORD,12,1,0,9,134.0,612.0,130.0,134.0,127.15253928526587,-6.847460714734126,2.847460714734126,2.847460714734126
PWM,DCA,PWM-DCA,12,1,0,6,109.0,482.0,88.0,109.0,104.35237575270693,-4.6476242472930664,-16.352375752706934,16.352375752706934
MIA,RIC,MIA-RIC,12,1,0,16,144.0,826.0,132.0,144.0,138.9465712742336,-5.053428725766395,-6.946571274233605,6.946571274233605
RIC,MIA,RIC-MIA,12,1,0,19,155.0,826.0,148.0,155.0,148.5739707811617,-6.426029218838295,-0.5739707811617052,0.5739707811617052
DCA,VPS,DCA-VPS,12,1,0,8,165.0,789.0,146.0,165.0,155.14519998158667,-9.854800018413329,-9.145199981586671,9.145199981586671
VPS,DCA,VPS-DCA,12,1,0,10,127.0,789.0,124.0,127.0,125.7967731273188,-1.2032268726811992,-1.7967731273188008,1.7967731273188008
DCA,JAX,DCA-JAX,12,1,0,20,127.0,634.0,118.0,127.0,124.3572446741458,-2.6427553258541963,-6.357244674145804,6.357244674145804
DCA,PWM,DCA-PWM,12,1,0,15,99.0,482.0,86.0,99.0,95.97843964319763,-3.021560356802368,-9.978439643197632,9.978439643197632
PWM,DCA,PWM-DCA,12,1,0,17,114.0,482.0,94.0,114.0,108.05885066196075,-5.941149338039253,-14.058850661960747,14.058850661960747
DCA,SRQ,DCA-SRQ,12,1,0,9,158.0,851.0,136.0,158.0,147.225420162887,-10.77457983711301,-11.22542016288699,11.22542016288699
SRQ,DCA,SRQ-DCA,12,1,0,12,144.0,851.0,145.0,144.0,138.65308315435632,-5.346916845643676,6.346916845643676,6.346916845643676
JAX,DCA,JAX-DCA,12,1,0,7,110.0,634.0,102.0,110.0,110.65571283142017,0.6557128314201748,-8.655712831420175,8.655712831420175
DCA,BOS,DCA-BOS,12,1,0,16,92.0,399.0,82.0,92.0,96.59330785280152,4.593307852801516,-14.593307852801516,14.593307852801516
DCA,ORD,DCA-ORD,12,1,0,6,147.0,612.0,128.0,147.0,139.59517160231022,-7.4048283976897835,-11.595171602310216,11.595171602310216
DCA,PBI,DCA-PBI,12,1,0,17,162.0,857.0,136.0,162.0,153.1252467089496,-8.87475329105041,-17.12524670894959,17.12524670894959
PBI,DCA,PBI-DCA,12,1,0,20,142.0,857.0,134.0,142.0,138.2842640644604,-3.7157359355396125,-4.2842640644603875,4.2842640644603875
BOS,DCA,BOS-DCA,12,1,0,15,99.0,399.0,94.0,99.0,98.15207780912303,-0.8479221908769716,-4.152077809123028,4.152077809123028
DCA,SYR,DCA-SYR,12,1,0,10,80.0,298.0,81.0,80.0,75.50986051129763,-4.4901394887023685,5.4901394887023685,5.4901394887023685
SYR,DCA,SYR-DCA,12,1,0,12,86.0,298.0,74.0,86.0,80.54203634846345,-5.457963651536545,-6.542036348463455,6.542036348463455
DCA,CHS,DCA-CHS,12,1,0,19,103.0,444.0,95.0,103.0,100.02274389365657,-2.9772561063434324,-5.022743893656568,5.022743893656568
CHS,DCA,CHS-DCA,12,1,0,7,93.0,444.0,80.0,93.0,89.40942562838407,-3.5905743716159293,-9.40942562838407,9.40942562838407
CHS,DCA,CHS-DCA,12,1,0,17,91.0,444.0,96.0,91.0,91.01091065030538,0.010910650305376635,4.989089349694623,4.989089349694623
DCA,CHS,DCA-CHS,12,1,0,14,103.0,444.0,87.0,103.0,99.34300359422049,-3.656996405779509,-12.343003594220491,12.343003594220491
BOS,DCA,BOS-DCA,12,1,0,17,102.0,399.0,86.0,102.0,100.71714254529202,-1.2828574547079796,-14.71714254529202,14.71714254529202
DCA,BOS,DCA-BOS,12,1,0,14,89.0,399.0,94.0,89.0,92.54056224364398,3.5405622436439756,1.4594377563560244,1.4594377563560244
DCA,PBI,DCA-PBI,12,1,0,7,158.0,857.0,138.0,158.0,149.12803547985715,-8.871964520142853,-11.128035479857147,11.128035479857147
PBI,DCA,PBI-DCA,12,1,0,11,142.0,857.0,132.0,142.0,137.71740105453057,-4.282598945469431,-5.717401054530569,5.717401054530569
DCA,ORD,DCA-ORD,12,1,0,19,144.0,612.0,152.0,144.0,137.44748732351758,-6.552512676482422,14.552512676482422,14.552512676482422
DCA,JAX,DCA-JAX,12,1,0,15,130.0,634.0,121.0,130.0,128.53014974625552,-1.4698502537444824,-7.530149746255518,7.530149746255518
JAX,DCA,JAX-DCA,12,1,0,19,112.0,634.0,106.0,112.0,113.38629245287011,1.3862924528701086,-7.386292452870109,7.386292452870109
BOS,DCA,BOS-DCA,12,1,0,8,104.0,399.0,99.0,104.0,99.57311905979698,-4.42688094020302,-0.57311905979698,0.57311905979698
DCA,PBI,DCA-PBI,12,1,0,10,157.0,857.0,135.0,157.0,148.02066911264856,-8.979330887351438,-13.020669112648562,13.020669112648562
PBI,DCA,PBI-DCA,12,1,0,13,141.0,857.0,134.0,141.0,137.69967939204918,-3.300320607950823,-3.699679392049177,3.699679392049177
DCA,FLL,DCA-FLL,12,1,0,17,168.0,899.0,150.0,168.0,158.09283080203744,-9.90716919796256,-8.09283080203744,8.09283080203744
FLL,DCA,FLL-DCA,12,1,0,20,148.0,899.0,147.0,148.0,145.81771125170494,-2.182288748295065,1.1822887482950648,1.1822887482950648
MIA,DCA,MIA-DCA,12,1,0,19,156.0,919.0,154.0,156.0,153.27841675102675,-2.7215832489732463,0.7215832489732463,0.7215832489732463
DCA,MIA,DCA-MIA,12,1,0,20,174.0,919.0,145.0,174.0,164.026995801747,-9.973004198252994,-19.026995801747006,19.026995801747006
DFW,DCA,DFW-DCA,12,1,0,16,164.0,1192.0,155.0,164.0,165.73420358450775,1.7342035845077532,-10.734203584507753,10.734203584507753
DCA,CLT,DCA-CLT,12,1,0,17,96.0,331.0,88.0,96.0,89.67240298814848,-6.327597011851523,-1.6724029881484768,1.6724029881484768
ORD,DCA,ORD-DCA,12,1,0,6,111.0,612.0,102.0,111.0,113.89164088008359,2.8916408800835853,-11.891640880083585,11.891640880083585
DCA,FLL,DCA-FLL,12,1,0,10,172.0,899.0,144.0,172.0,158.43405520212906,-13.56594479787094,-14.43405520212906,14.43405520212906
FLL,DCA,FLL-DCA,12,1,0,13,153.0,899.0,147.0,153.0,147.6773123707606,-5.322687629239397,-0.6773123707606032,0.6773123707606032
MIA,DCA,MIA-DCA,12,1,0,7,148.0,919.0,162.0,148.0,147.66586765709923,-0.334132342900773,14.334132342900773,14.334132342900773
DFW,RIC,DFW-RIC,12,1,0,14,165.0,1158.0,155.0,165.0,161.29288677758157,-3.7071132224184282,-6.292886777581572,6.292886777581572
RIC,DFW,RIC-DFW,12,1,0,19,211.0,1158.0,203.0,211.0,214.34561348132652,3.3456134813265237,-11.345613481326524,11.345613481326524
DCA,DFW,DCA-DFW,12,1,0,10,218.0,1192.0,202.0,218.0,210.009506793784,-7.9904932062160015,-8.009506793783999,8.009506793783999
DCA,DFW,DCA-DFW,12,1,0,14,223.0,1192.0,207.0,223.0,213.64683854100156,-9.353161458998443,-6.646838541001557,6.646838541001557
DCA,MCO,DCA-MCO,12,1,0,8,160.0,759.0,130.0,160.0,150.74961763013334,-9.250382369866657,-20.749617630133343,20.749617630133343
MCO,DCA,MCO-DCA,12,1,0,11,128.0,759.0,127.0,128.0,126.38579272460696,-1.614207275393042,0.6142072753930421,0.6142072753930421
CLT,DCA,CLT-DCA,12,1,0,20,85.0,331.0,90.0,85.0,91.11907755112236,6.119077551122359,-1.1190775511223592,1.1190775511223592
CLT,DCA,CLT-DCA,12,1,0,13,79.0,331.0,72.0,79.0,88.87167365936624,9.871673659366238,-16.871673659366238,16.871673659366238
DFW,DCA,DFW-DCA,12,1,0,5,168.0,1192.0,165.0,168.0,164.1872621919691,-3.812737808030903,0.8127378080309029,0.8127378080309029
DCA,ORD,DCA-ORD,12,1,0,15,142.0,612.0,131.0,142.0,136.6936914360013,-5.306308563998698,-5.693691436001302,5.693691436001302
DCA,CLT,DCA-CLT,12,1,0,10,101.0,331.0,78.0,101.0,91.91560911253968,-9.084390887460316,-13.915609112539684,13.915609112539684
BOS,DCA,BOS-DCA,12,1,0,19,102.0,399.0,104.0,102.0,100.17015886346228,-1.8298411365377234,3.8298411365377234,3.8298411365377234
DCA,RDU,DCA-RDU,12,1,0,20,71.0,227.0,57.0,71.0,70.81916922715588,-0.18083077284411786,-13.819169227155882,13.819169227155882
DCA,MSY,DCA-MSY,12,1,0,7,176.0,969.0,168.0,176.0,164.17275238207418,-11.82724761792582,3.8272476179258206,3.8272476179258206
MSY,DCA,MSY-DCA,12,1,0,10,145.0,969.0,139.0,145.0,143.96687169086263,-1.0331283091373678,-4.966871690862632,4.966871690862632
DCA,FLL,DCA-FLL,12,1,0,14,163.0,899.0,141.0,163.0,152.31837772354234,-10.68162227645766,-11.31837772354234,11.31837772354234
FLL,DCA,FLL-DCA,12,1,0,17,147.0,899.0,145.0,147.0,145.0001622872533,-1.9998377127467108,-0.0001622872532891506,0.0001622872532891506
DCA,BOS,DCA-BOS,12,1,0,21,90.0,399.0,86.0,90.0,90.39541045476815,0.39541045476815384,-4.395410454768154,4.395410454768154
MIA,DCA,MIA-DCA,12,1,0,17,156.0,919.0,161.0,156.0,153.82540043285647,-2.174599567143531,7.174599567143531,7.174599567143531
RIC,MIA,RIC-MIA,12,1,0,5,157.0,826.0,132.0,157.0,147.65787469288756,-9.34212530711244,-15.65787469288756,15.65787469288756
DCA,TPA,DCA-TPA,12,1,0,18,154.0,814.0,133.0,154.0,148.34161437546615,-5.6583856245338495,-15.34161437546615,15.34161437546615
SAT,DCA,SAT-DCA,12,1,0,6,189.0,1380.0,188.0,189.0,183.0536777866432,-5.946322213356808,4.946322213356808,4.946322213356808
DCA,MCO,DCA-MCO,12,1,0,11,154.0,759.0,143.0,154.0,146.14547940212162,-7.854520597878377,-3.145479402121623,3.145479402121623
MCO,DCA,MCO-DCA,12,1,0,15,130.0,759.0,140.0,130.0,130.5914619955283,0.5914619955283058,9.408538004471694,9.408538004471694
DFW,DCA,DFW-DCA,12,1,0,7,171.0,1192.0,164.0,171.0,166.63458598759607,-4.365414012403932,-2.6345859875960684,2.6345859875960684
DCA,DFW,DCA-DFW,12,1,0,11,216.0,1192.0,198.0,216.0,210.1305340463434,-5.869465953656601,-12.1305340463434,12.1305340463434
ORF,DFW,ORF-DFW,12,1,0,6,225.0,1212.0,212.0,225.0,215.57391663043805,-9.426083369561951,-3.573916630438049,3.573916630438049
DCA,MIA,DCA-MIA,12,1,0,14,175.0,919.0,166.0,175.0,164.34854712255589,-10.651452877444115,1.6514528774441146,1.6514528774441146
DFW,DCA,DFW-DCA,12,1,0,9,174.0,1192.0,165.0,174.0,168.45210534621685,-5.547894653783146,-3.452105346216854,3.452105346216854
CLT,RIC,CLT-RIC,12,1,0,7,71.0,257.0,61.0,71.0,67.25078607435552,-3.749213925644483,-6.250786074355517,6.250786074355517
RIC,CLT,RIC-CLT,12,1,0,9,83.0,257.0,75.0,83.0,76.30136135400883,-6.698638645991167,-1.301361354008833,1.301361354008833
ORF,DFW,ORF-DFW,12,1,0,19,218.0,1212.0,194.0,218.0,213.52023433926072,-4.479765660739275,-19.520234339260725,19.520234339260725
DFW,ORF,DFW-ORF,12,1,0,18,176.0,1212.0,165.0,176.0,170.24985893669208,-5.750141063307922,-5.249858936692078,5.249858936692078
DFW,DCA,DFW-DCA,12,1,0,12,173.0,1192.0,162.0,173.0,168.0544867000503,-4.94551329994971,-6.05448670005029,6.05448670005029
DCA,MCO,DCA-MCO,12,1,0,17,156.0,759.0,141.0,156.0,150.36554193894446,-5.63445806105554,-9.36554193894446,9.36554193894446
DFW,ORF,DFW-ORF,12,1,0,10,184.0,1212.0,164.0,184.0,171.5822802362781,-12.417719763721891,-7.582280236278109,7.582280236278109
ORF,DFW,ORF-DFW,12,1,0,15,224.0,1212.0,203.0,224.0,216.32632625212216,-7.673673747877842,-13.326326252122158,13.326326252122158
CLT,DCA,CLT-DCA,12,1,0,22,76.0,331.0,69.0,76.0,72.80904806474808,-3.190951935251917,-3.809048064748083,3.809048064748083
DCA,MIA,DCA-MIA,12,1,0,6,181.0,919.0,181.0,181.0,166.04965007437542,-14.950349925624579,14.950349925624579,14.950349925624579
TPA,DCA,TPA-DCA,12,1,0,19,134.0,814.0,128.0,134.0,131.86631262294807,-2.1336873770519276,-3.8663126229480724,3.8663126229480724
DFW,RIC,DFW-RIC,12,1,0,18,164.0,1158.0,172.0,164.0,162.49454398130337,-1.5054560186966341,9.505456018696634,9.505456018696634
DFW,RIC,DFW-RIC,12,1,0,10,179.0,1158.0,153.0,179.0,164.54418682375467,-14.455813176245329,-11.544186823754671,11.544186823754671
RIC,DFW,RIC-DFW,12,1,0,15,214.0,1158.0,210.0,214.0,214.64074791025695,0.6407479102569482,-4.640747910256948,4.640747910256948
DFW,DCA,DFW-DCA,12,1,0,19,171.0,1192.0,181.0,171.0,167.67018609280967,-3.329813907190328,13.329813907190328,13.329813907190328
IAD,DFW,IAD-DFW,12,1,0,6,221.0,1172.0,192.0,221.0,203.71405816143877,-17.28594183856123,-11.714058161438771,11.714058161438771
DFW,DCA,DFW-DCA,12,1,0,17,164.0,1192.0,157.0,164.0,165.98605283740704,1.986052837407044,-8.986052837407044,8.986052837407044
CLT,DCA,CLT-DCA,12,1,0,16,80.0,331.0,81.0,80.0,90.11689420729707,10.116894207297065,-9.116894207297065,9.116894207297065
DCA,DFW,DCA-DFW,12,1,0,18,216.0,1192.0,198.0,216.0,212.05803821869483,-3.9419617813051673,-14.058038218694833,14.058038218694833
DFW,ORF,DFW-ORF,12,1,0,14,169.0,1212.0,152.0,169.0,163.13629904906907,-5.863700950930934,-11.136299049069066,11.136299049069066
DCA,DFW,DCA-DFW,12,1,0,7,219.0,1192.0,202.0,219.0,211.92366188572518,-7.076338114274819,-9.923661885725181,9.923661885725181
MIA,DCA,MIA-DCA,12,1,0,9,165.0,919.0,140.0,165.0,157.35184038518346,-7.648159614816535,-17.351840385183465,17.351840385183465
DCA,CLT,DCA-CLT,12,1,0,13,90.0,331.0,79.0,90.0,84.93745507167016,-5.062544928329842,-5.937455071670158,5.937455071670158
MCO,DCA,MCO-DCA,12,1,0,7,139.0,759.0,140.0,139.0,135.8600254679945,-3.1399745320055104,4.13997453200551,4.13997453200551
DCA,TPA,DCA-TPA,12,1,0,10,162.0,814.0,135.0,162.0,149.90609395475542,-12.09390604524458,-14.90609395475542,14.90609395475542
TPA,DCA,TPA-DCA,12,1,0,13,131.0,814.0,131.0,131.0,130.46749716668612,-0.5325028333138846,0.5325028333138846,0.5325028333138846
DCA,DFW,DCA-DFW,12,1,0,17,219.0,1192.0,204.0,219.0,212.72893014474698,-6.2710698552530175,-8.728930144746982,8.728930144746982
DFW,IAD,DFW-IAD,12,1,0,18,167.0,1172.0,163.0,167.0,164.85178073970016,-2.1482192602998396,-1.8517807397001604,1.8517807397001604
MIA,DCA,MIA-DCA,12,1,0,6,148.0,919.0,156.0,148.0,147.66586765709923,-0.334132342900773,8.334132342900773,8.334132342900773
DCA,MIA,DCA-MIA,12,1,0,9,179.0,919.0,145.0,179.0,161.54184993167348,-17.458150068326518,-16.541849931673482,16.541849931673482
CLT,RIC,CLT-RIC,12,1,0,23,80.0,257.0,70.0,80.0,73.30200473327871,-6.697995266721293,-3.3020047332787072,3.3020047332787072
MIA,ORF,MIA-ORF,12,1,0,22,141.0,802.0,145.0,141.0,132.02679726035396,-8.973202739646041,12.973202739646041,12.973202739646041
DCA,MIA,DCA-MIA,12,1,0,17,184.0,919.0,154.0,184.0,169.16673487201803,-14.833265127981974,-15.166734872018026,15.166734872018026
MIA,RIC,MIA-RIC,12,1,0,21,149.0,826.0,144.0,149.0,143.85155657380633,-5.148443426193666,0.14844342619366557,0.14844342619366557
ORD,DCA,ORD-DCA,12,1,0,13,111.0,612.0,106.0,111.0,113.87134849393904,2.8713484939390383,-7.871348493939038,7.871348493939038
DCA,DFW,DCA-DFW,12,1,0,6,224.0,1192.0,206.0,224.0,214.17544779757796,-9.82455220242204,-8.17544779757796,8.17544779757796
CLT,RIC,CLT-RIC,12,1,0,20,75.0,257.0,72.0,75.0,69.25515610348295,-5.744843896517054,2.744843896517054,2.744843896517054
ORF,MIA,ORF-MIA,12,1,0,5,150.0,802.0,156.0,150.0,141.34347458465766,-8.656525415342344,14.656525415342344,14.656525415342344
DCA,SAT,DCA-SAT,12,1,0,19,239.0,1380.0,204.0,239.0,218.11835599331351,-20.881644006686486,-14.118355993313514,14.118355993313514
DFW,DCA,DFW-DCA,12,1,0,14,167.0,1192.0,157.0,167.0,164.61740156516717,-2.382598434832829,-7.617401565167171,7.617401565167171
DCA,MIA,DCA-MIA,12,1,0,8,185.0,919.0,168.0,185.0,167.51491088174348,-17.485089118256525,0.4850891182565249,0.4850891182565249
DCA,MCO,DCA-MCO,12,1,0,15,154.0,759.0,142.0,154.0,147.71980511349577,-6.280194886504233,-5.719805113495767,5.719805113495767
MIA,DCA,MIA-DCA,12,1,0,11,160.0,919.0,141.0,160.0,152.44332487748258,-7.556675122517419,-11.443324877482581,11.443324877482581
DFW,IAD,DFW-IAD,12,1,0,12,188.0,1172.0,174.0,188.0,173.25953625225537,-14.740463747744627,0.7404637477446272,0.7404637477446272
IAD,DFW,IAD-DFW,12,1,0,17,237.0,1172.0,200.0,237.0,210.18363862556598,-26.816361374434024,-10.183638625565976,10.183638625565976
DCA,CLT,DCA-CLT,12,2,0,8,104.0,331.0,109.0,104.0,93.33703319595088,-10.66296680404912,15.66296680404912,15.66296680404912
DCA,CLT,DCA-CLT,12,2,0,5,93.0,331.0,73.0,93.0,83.35099791486975,-9.649002085130249,-10.350997914869751,10.350997914869751
DCA,DFW,DCA-DFW,12,2,0,13,219.0,1192.0,224.0,219.0,211.50676422883893,-7.493235771161068,12.493235771161068,12.493235771161068
DFW,DCA,DFW-DCA,12,2,0,8,169.0,1192.0,178.0,169.0,164.54759871689208,-4.452401283107918,13.452401283107918,13.452401283107918
DFW,RIC,DFW-RIC,12,2,0,10,179.0,1158.0,164.0,179.0,164.27835993719492,-14.72164006280508,-0.2783599371949208,0.2783599371949208
RIC,DFW,RIC-DFW,12,2,0,15,214.0,1158.0,194.0,214.0,214.72917147645435,0.7291714764543542,-20.729171476454354,20.729171476454354
DFW,DCA,DFW-DCA,12,2,0,19,171.0,1192.0,164.0,171.0,167.75860965900708,-3.241390340992922,-3.758609659007078,3.758609659007078
DFW,RIC,DFW-RIC,12,2,0,18,164.0,1158.0,167.0,164.0,162.1402935285462,-1.8597064714537908,4.859706471453791,4.859706471453791
DFW,IAD,DFW-IAD,12,2,0,13,168.0,1172.0,161.0,168.0,163.50828236263317,-4.491717637366833,-2.5082823626331674,2.5082823626331674
IAD,DFW,IAD-DFW,12,2,0,18,235.0,1172.0,192.0,235.0,210.2741254145086,-24.725874585491397,-18.274125414508603,18.274125414508603
MIA,DCA,MIA-DCA,12,2,0,22,164.0,919.0,161.0,164.0,157.67668648847777,-6.32331351152223,3.3233135115222296,3.3233135115222296
MIA,DCA,MIA-DCA,12,2,0,21,156.0,919.0,164.0,156.0,151.56126386002572,-4.4387361399742815,12.438736139974282,12.438736139974282
DCA,DFW,DCA-DFW,12,2,0,7,219.0,1192.0,226.0,219.0,212.0120854519226,-6.987914548077413,13.987914548077413,13.987914548077413
TPA,DCA,TPA-DCA,12,2,0,19,134.0,814.0,141.0,134.0,131.86631262294807,-2.1336873770519276,9.133687377051928,9.133687377051928
MIA,ORF,MIA-ORF,12,2,0,22,141.0,802.0,154.0,141.0,132.02679726035396,-8.973202739646041,21.97320273964604,21.97320273964604
DCA,MCO,DCA-MCO,12,2,0,6,150.0,759.0,128.0,150.0,144.5274074027678,-5.472592597232193,-16.527407402767807,16.527407402767807
DFW,IAD,DFW-IAD,12,2,0,18,167.0,1172.0,162.0,167.0,164.85178073970016,-2.1482192602998396,-2.8517807397001604,2.8517807397001604
DFW,RIC,DFW-RIC,12,2,0,14,165.0,1158.0,164.0,165.0,160.93863632482442,-4.061363675175585,3.061363675175585,3.061363675175585
RIC,DFW,RIC-DFW,12,2,0,19,211.0,1158.0,182.0,211.0,214.43403704752393,3.4340370475239297,-32.43403704752393,32.43403704752393
DCA,MIA,DCA-MIA,12,2,0,5,170.0,919.0,142.0,170.0,159.40481931464328,-10.595180685356723,-17.404819314643277,17.404819314643277
DCA,MIA,DCA-MIA,12,2,0,8,185.0,919.0,148.0,185.0,167.51491088174348,-17.485089118256525,-19.514910881743475,19.514910881743475
DCA,MCO,DCA-MCO,12,2,0,15,154.0,759.0,158.0,154.0,147.4844848833969,-6.515515116603098,10.515515116603098,10.515515116603098
MIA,DCA,MIA-DCA,12,2,0,11,160.0,919.0,161.0,160.0,152.44332487748258,-7.556675122517419,8.556675122517419,8.556675122517419
PHX,DCA,PHX-DCA,12,2,0,13,249.0,1979.0,243.0,249.0,243.23311528538082,-5.766884714619181,-0.23311528538081916,0.23311528538081916
DCA,PHX,DCA-PHX,12,2,0,10,309.0,1979.0,289.0,309.0,294.2226519038733,-14.777348096126673,-5.222651903873327,5.222651903873327
LAX,DCA,LAX-DCA,12,2,0,12,290.0,2311.0,259.0,290.0,282.1723802309215,-7.827619769078524,-23.172380230921476,23.172380230921476
PHX,DCA,PHX-DCA,12,2,0,0,242.0,1979.0,237.0,242.0,236.02696594915557,-5.973034050844433,0.9730340508444328,0.9730340508444328
DCA,LAX,DCA-LAX,12,2,0,8,366.0,2311.0,337.0,366.0,348.14105366307774,-17.85894633692226,-11.141053663077741,11.141053663077741
DCA,LAX,DCA-LAX,12,2,0,16,352.0,2311.0,339.0,352.0,344.50967515739796,-7.4903248426020355,-5.5096751573979645,5.5096751573979645
PHX,DCA,PHX-DCA,12,2,0,9,254.0,1979.0,244.0,254.0,246.6566354615352,-7.343364538464812,-2.6566354615351884,2.6566354615351884
DCA,LAS,DCA-LAS,12,2,0,7,324.0,2089.0,331.0,324.0,312.44144140590805,-11.558558594091949,18.55855859409195,18.55855859409195
DCA,PHX,DCA-PHX,12,2,0,7,318.0,1979.0,300.0,318.0,306.60960343950177,-11.390396560498232,-6.609603439501768,6.609603439501768
LAS,DCA,LAS-DCA,12,2,0,13,267.0,2089.0,234.0,267.0,254.97798255165205,-12.022017448347952,-20.977982551652048,20.977982551652048
CLT,RIC,CLT-RIC,12,2,0,11,80.0,257.0,113.0,80.0,74.02903977248882,-5.970960227511185,38.970960227511185,38.970960227511185
RIC,CLT,RIC-CLT,12,2,0,13,81.0,257.0,93.0,81.0,75.06796892875805,-5.932031071241951,17.93203107124195,17.93203107124195
LAX,DCA,LAX-DCA,12,2,0,8,291.0,2311.0,268.0,291.0,282.95829094352626,-8.041709056473735,-14.958290943526265,14.958290943526265
DCA,PHX,DCA-PHX,12,2,0,17,307.0,1979.0,299.0,307.0,296.40835570596187,-10.591644294038133,2.591644294038133,2.591644294038133
CLT,RIC,CLT-RIC,12,2,0,18,72.0,257.0,83.0,72.0,69.43412431807228,-2.5658756819277215,13.565875681927722,13.565875681927722
RIC,CLT,RIC-CLT,12,2,0,20,88.0,257.0,63.0,88.0,78.49483597573223,-9.50516402426777,-15.49483597573223,15.49483597573223
CLT,RIC,CLT-RIC,12,2,0,20,75.0,257.0,73.0,75.0,69.25515610348295,-5.744843896517054,3.744843896517054,3.744843896517054
RIC,CLT,RIC-CLT,12,2,0,17,87.0,257.0,67.0,87.0,79.39304064859954,-7.606959351400462,-12.393040648599538,12.393040648599538
DCA,CLT,DCA-CLT,12,2,0,19,97.0,331.0,79.0,97.0,89.17510378821653,-7.824896211783468,-10.175103788216532,10.175103788216532
CLT,DCA,CLT-DCA,12,2,0,9,88.0,331.0,89.0,88.0,91.72006968227785,3.7200696822778525,-2.7200696822778525,2.7200696822778525
DCA,ORD,DCA-ORD,12,2,0,11,139.0,612.0,124.0,139.0,133.33772555930514,-5.662274440694858,-9.337725559305142,9.337725559305142
ORD,DCA,ORD-DCA,12,2,0,16,110.0,612.0,95.0,110.0,110.16485864222848,0.1648586422284808,-15.16485864222848,15.16485864222848
CLT,ORF,CLT-ORF,12,2,0,7,70.0,290.0,68.0,70.0,67.28647276105173,-2.7135272389482736,0.7135272389482736,0.7135272389482736
ORF,CLT,ORF-CLT,12,2,0,9,86.0,290.0,85.0,86.0,78.72449187463651,-7.275508125363487,6.275508125363487,6.275508125363487
CLT,DCA,CLT-DCA,12,2,0,19,78.0,331.0,89.0,78.0,83.53610902663266,5.5361090266326585,5.4638909733673415,5.4638909733673415
DCA,PBI,DCA-PBI,12,2,0,7,158.0,857.0,138.0,158.0,149.12803547985715,-8.871964520142853,-11.128035479857147,11.128035479857147
PBI,DCA,PBI-DCA,12,2,0,11,142.0,857.0,147.0,142.0,137.71740105453057,-4.282598945469431,9.28259894546943,9.28259894546943
DCA,PBI,DCA-PBI,12,2,0,15,162.0,857.0,131.0,162.0,152.8733974560503,-9.126602543949701,-21.8733974560503,21.8733974560503
PBI,DCA,PBI-DCA,12,2,0,18,142.0,857.0,142.0,142.0,140.06439650942625,-1.9356034905737545,1.9356034905737545,1.9356034905737545
MIA,RIC,MIA-RIC,12,2,0,16,144.0,826.0,146.0,144.0,138.9465712742336,-5.053428725766395,7.053428725766395,7.053428725766395
RIC,MIA,RIC-MIA,12,2,0,19,155.0,826.0,132.0,155.0,148.5739707811617,-6.426029218838295,-16.573970781161705,16.573970781161705
DCA,VPS,DCA-VPS,12,2,0,8,165.0,789.0,140.0,165.0,155.14519998158667,-9.854800018413329,-15.145199981586671,15.145199981586671
VPS,DCA,VPS-DCA,12,2,0,10,127.0,789.0,130.0,127.0,125.7967731273188,-1.2032268726811992,4.203226872681199,4.203226872681199
CHS,DCA,CHS-DCA,12,2,0,17,91.0,444.0,83.0,91.0,95.2560241293147,4.256024129314696,-12.256024129314696,12.256024129314696
DCA,CHS,DCA-CHS,12,2,0,14,103.0,444.0,92.0,103.0,99.34300359422049,-3.656996405779509,-7.343003594220491,7.343003594220491
PWM,DCA,PWM-DCA,12,2,0,6,109.0,482.0,104.0,109.0,104.35237575270693,-4.6476242472930664,-0.35237575270693355,0.35237575270693355
DCA,BOS,DCA-BOS,12,2,0,18,90.0,399.0,95.0,90.0,94.28087335251429,4.280873352514291,0.7191266474857088,0.7191266474857088
RIC,DFW,RIC-DFW,12,2,0,11,211.0,1158.0,188.0,211.0,212.8975582084209,1.8975582084208895,-24.89755820842089,24.89755820842089
DCA,RSW,DCA-RSW,12,2,0,15,167.0,892.0,152.0,167.0,160.87253144900055,-6.127468550999453,-8.872531449000547,8.872531449000547
RSW,DCA,RSW-DCA,12,2,0,18,138.0,892.0,140.0,138.0,139.1315570468749,1.1315570468748888,0.8684429531251112,0.8684429531251112
BOS,DCA,BOS-DCA,12,2,0,8,104.0,399.0,104.0,104.0,99.57311905979698,-4.42688094020302,4.42688094020302,4.42688094020302
DCA,PBI,DCA-PBI,12,2,0,10,157.0,857.0,134.0,157.0,148.02066911264856,-8.979330887351438,-14.020669112648562,14.020669112648562
PBI,DCA,PBI-DCA,12,2,0,13,141.0,857.0,143.0,141.0,137.69967939204918,-3.300320607950823,5.300320607950823,5.300320607950823
DCA,FLL,DCA-FLL,12,2,0,17,168.0,899.0,153.0,168.0,158.09283080203744,-9.90716919796256,-5.09283080203744,5.09283080203744
FLL,DCA,FLL-DCA,12,2,0,20,148.0,899.0,156.0,148.0,145.81771125170494,-2.182288748295065,10.182288748295065,10.182288748295065
DCA,CHS,DCA-CHS,12,2,0,19,103.0,444.0,90.0,103.0,100.02274389365657,-2.9772561063434324,-10.022743893656568,10.022743893656568
DCA,PWM,DCA-PWM,12,2,0,15,99.0,482.0,95.0,99.0,95.97843964319763,-3.021560356802368,-0.9784396431976319,0.9784396431976319
PWM,DCA,PWM-DCA,12,2,0,17,114.0,482.0,103.0,114.0,108.05885066196075,-5.941149338039253,-5.058850661960747,5.058850661960747
ORD,DCA,ORD-DCA,12,2,0,11,108.0,612.0,106.0,108.0,110.1733770968776,2.1733770968776014,-4.173377096877601,4.173377096877601
MIA,DCA,MIA-DCA,12,2,0,14,151.0,919.0,146.0,151.0,148.4328635586542,-2.5671364413458093,-2.4328635586541907,2.4328635586541907
DCA,PBI,DCA-PBI,12,2,0,17,162.0,857.0,133.0,162.0,153.1252467089496,-8.87475329105041,-20.12524670894959,20.12524670894959
PBI,DCA,PBI-DCA,12,2,0,20,142.0,857.0,138.0,142.0,138.2842640644604,-3.7157359355396125,-0.28426406446038754,0.28426406446038754
CLT,DCA,CLT-DCA,12,2,0,20,85.0,331.0,85.0,85.0,91.11907755112236,6.119077551122359,-6.119077551122359,6.119077551122359
DCA,RDU,DCA-RDU,12,2,0,20,71.0,227.0,63.0,71.0,70.81916922715588,-0.18083077284411786,-7.819169227155882,7.819169227155882
RDU,DCA,RDU-DCA,12,2,0,5,67.0,227.0,66.0,67.0,65.23501134132388,-1.764988658676117,0.764988658676117,0.764988658676117
DCA,MSY,DCA-MSY,12,2,0,7,176.0,969.0,157.0,176.0,164.26117594827159,-11.738824051728415,-7.261175948271585,7.261175948271585
MSY,DCA,MSY-DCA,12,2,0,10,145.0,969.0,148.0,145.0,143.96687169086263,-1.0331283091373678,4.033128309137368,4.033128309137368
DCA,FLL,DCA-FLL,12,2,0,14,163.0,899.0,134.0,163.0,152.31837772354234,-10.68162227645766,-18.31837772354234,18.31837772354234
FLL,DCA,FLL-DCA,12,2,0,17,147.0,899.0,157.0,147.0,145.0001622872533,-1.9998377127467108,11.99983771274671,11.99983771274671
DCA,SRQ,DCA-SRQ,12,2,0,9,158.0,851.0,138.0,158.0,147.225420162887,-10.77457983711301,-9.22542016288699,9.22542016288699
SRQ,DCA,SRQ-DCA,12,2,0,12,144.0,851.0,151.0,144.0,138.65308315435632,-5.346916845643676,12.346916845643676,12.346916845643676
ORD,DCA,ORD-DCA,12,2,0,6,111.0,612.0,87.0,111.0,113.89164088008359,2.8916408800835853,-26.891640880083585,26.891640880083585
DCA,BOS,DCA-BOS,12,2,0,16,92.0,399.0,94.0,92.0,96.59330785280152,4.593307852801516,-2.593307852801516,2.593307852801516
CLT,DCA,CLT-DCA,12,2,0,8,78.0,331.0,82.0,78.0,86.88001227097391,8.880012270973907,-4.880012270973907,4.880012270973907
DCA,SYR,DCA-SYR,12,2,0,10,80.0,298.0,75.0,80.0,75.50986051129763,-4.4901394887023685,-0.5098605112976315,0.5098605112976315
SYR,DCA,SYR-DCA,12,2,0,12,86.0,298.0,71.0,86.0,80.54203634846345,-5.457963651536545,-9.542036348463455,9.542036348463455
DCA,JAX,DCA-JAX,12,2,0,20,127.0,634.0,108.0,127.0,124.3572446741458,-2.6427553258541963,-16.357244674145804,16.357244674145804
DCA,FLL,DCA-FLL,12,2,0,10,172.0,899.0,140.0,172.0,158.52247876832647,-13.477521231673535,-18.522478768326465,18.522478768326465
FLL,DCA,FLL-DCA,12,2,0,13,153.0,899.0,167.0,153.0,147.6773123707606,-5.322687629239397,19.322687629239397,19.322687629239397
DCA,ORD,DCA-ORD,12,2,0,9,134.0,612.0,123.0,134.0,127.15253928526587,-6.847460714734126,-4.152539285265874,4.152539285265874
JAX,DCA,JAX-DCA,12,2,0,7,110.0,634.0,110.0,110.0,110.65571283142017,0.6557128314201748,-0.6557128314201748,0.6557128314201748
DFW,RIC,DFW-RIC,12,2,0,7,169.0,1158.0,156.0,169.0,160.52107246745868,-8.47892753254132,-4.52107246745868,4.52107246745868
DCA,CLT,DCA-CLT,12,2,0,17,96.0,331.0,81.0,96.0,89.67240298814848,-6.327597011851523,-8.672402988148477,8.672402988148477
BOS,DCA,BOS-DCA,12,2,0,15,99.0,399.0,97.0,99.0,98.15207780912303,-0.8479221908769716,-1.1520778091230284,1.1520778091230284
DCA,MIA,DCA-MIA,12,2,0,19,180.0,919.0,161.0,180.0,167.30642645399104,-12.693573546008963,-6.306426453991037,6.306426453991037
MIA,DCA,MIA-DCA,12,2,0,15,150.0,919.0,154.0,150.0,149.53161521401,-0.468384785989997,4.468384785989997,4.468384785989997
DCA,ORD,DCA-ORD,12,2,0,6,147.0,612.0,136.0,147.0,139.59517160231022,-7.4048283976897835,-3.5951716023102165,3.5951716023102165
DCA,CLT,DCA-CLT,12,2,0,6,95.0,331.0,93.0,95.0,88.16139246624692,-6.838607533753077,4.838607533753077,4.838607533753077
DCA,PWM,DCA-PWM,12,2,0,22,94.0,482.0,88.0,94.0,88.70585406444995,-5.294145935550048,-0.7058540644499516,0.7058540644499516
BOS,DCA,BOS-DCA,12,2,0,19,102.0,399.0,93.0,102.0,100.17015886346228,-1.8298411365377234,-7.170158863462277,7.170158863462277
DCA,MIA,DCA-MIA,12,2,0,6,181.0,919.0,144.0,181.0,166.04965007437542,-14.950349925624579,-22.04965007437542,22.04965007437542
DCA,BOS,DCA-BOS,12,2,0,21,90.0,399.0,85.0,90.0,90.39541045476815,0.39541045476815384,-5.395410454768154,5.395410454768154
MIA,DCA,MIA-DCA,12,2,0,17,156.0,919.0,166.0,156.0,153.82540043285647,-2.174599567143531,12.174599567143531,12.174599567143531
BOS,DCA,BOS-DCA,12,2,0,17,102.0,399.0,99.0,102.0,100.71714254529202,-1.2828574547079796,-1.7171425452920204,1.7171425452920204
DCA,BOS,DCA-BOS,12,2,0,14,89.0,399.0,95.0,89.0,92.54056224364398,3.5405622436439756,2.4594377563560244,2.4594377563560244
DCA,MIA,DCA-MIA,12,2,0,18,182.0,919.0,142.0,182.0,167.85341013582075,-14.146589864179248,-25.853410135820752,25.853410135820752
DCA,TPA,DCA-TPA,12,2,0,8,157.0,814.0,175.0,157.0,149.01488421300238,-7.985115786997625,25.985115786997625,25.985115786997625
TPA,DCA,TPA-DCA,12,2,0,11,132.0,814.0,140.0,132.0,129.53181506686036,-2.4681849331396393,10.46818493313964,10.46818493313964
DCA,BOS,DCA-BOS,12,2,0,6,92.0,399.0,93.0,92.0,93.28949214901952,1.289492149019523,-0.289492149019523,0.289492149019523
DCA,BOS,DCA-BOS,12,2,0,11,91.0,399.0,85.0,91.0,95.28405909632342,4.284059096323418,-10.284059096323418,10.284059096323418
BOS,DCA,BOS-DCA,12,2,0,9,101.0,399.0,104.0,101.0,98.42380978065273,-2.576190219347268,5.576190219347268,5.576190219347268
CHS,DCA,CHS-DCA,12,2,0,7,93.0,444.0,81.0,93.0,92.47272892153794,-0.5272710784620642,-11.472728921537936,11.472728921537936
DCA,JAX,DCA-JAX,12,2,0,15,130.0,634.0,103.0,130.0,128.53014974625552,-1.4698502537444824,-25.530149746255518,25.530149746255518
JAX,DCA,JAX-DCA,12,2,0,19,112.0,634.0,119.0,112.0,113.38629245287011,1.3862924528701086,5.613707547129891,5.613707547129891
DCA,RSW,DCA-RSW,12,2,0,10,165.0,892.0,161.0,165.0,158.3241464936343,-6.675853506365712,2.675853506365712,2.675853506365712
RSW,DCA,RSW-DCA,12,2,0,13,143.0,892.0,142.0,143.0,139.45898421531948,-3.541015784680525,2.541015784680525,2.541015784680525
ORD,DCA,ORD-DCA,12,2,0,20,115.0,612.0,90.0,115.0,110.80033272959233,-4.199667270407673,-20.800332729592327,20.800332729592327
DCA,MIA,DCA-MIA,12,2,0,17,184.0,919.0,173.0,184.0,169.16673487201803,-14.833265127981974,3.8332651279819743,3.8332651279819743
ORD,DCA,ORD-DCA,12,2,0,13,111.0,612.0,96.0,111.0,113.87134849393904,2.8713484939390383,-17.87134849393904,17.87134849393904
DFW,ORF,DFW-ORF,12,2,0,10,184.0,1212.0,171.0,184.0,171.67070380247551,-12.329296197524485,-0.670703802475515,0.670703802475515
ORF,DFW,ORF-DFW,12,2,0,15,224.0,1212.0,200.0,224.0,216.5549478548973,-7.445052145102693,-16.554947854897307,16.554947854897307
DFW,DCA,DFW-DCA,12,2,0,5,168.0,1192.0,160.0,168.0,164.1872621919691,-3.812737808030903,-4.187262191969097,4.187262191969097
DCA,CLT,DCA-CLT,12,2,0,10,101.0,331.0,80.0,101.0,91.91560911253968,-9.084390887460316,-11.915609112539684,11.915609112539684
DFW,DCA,DFW-DCA,12,2,0,12,173.0,1192.0,161.0,173.0,168.1429102662477,-4.857089733752304,-7.142910266247696,7.142910266247696
DCA,MCO,DCA-MCO,12,2,0,17,156.0,759.0,146.0,156.0,150.1302217088456,-5.869778291154404,-4.130221708845596,4.130221708845596
MIA,DCA,MIA-DCA,12,2,0,6,148.0,919.0,161.0,148.0,147.66586765709923,-0.334132342900773,13.334132342900773,13.334132342900773
DCA,MIA,DCA-MIA,12,2,0,9,179.0,919.0,155.0,179.0,161.54184993167348,-17.458150068326518,-6.541849931673482,6.541849931673482
DFW,ORF,DFW-ORF,12,2,0,14,169.0,1212.0,169.0,169.0,163.22472261526647,-5.775277384733528,5.775277384733528,5.775277384733528
ORF,DFW,ORF-DFW,12,2,0,19,218.0,1212.0,184.0,218.0,213.74885594203587,-4.251144057964126,-29.748855942035874,29.748855942035874
CLT,RIC,CLT-RIC,12,2,0,7,71.0,257.0,79.0,71.0,67.25078607435552,-3.749213925644483,11.749213925644483,11.749213925644483
RIC,CLT,RIC-CLT,12,2,0,9,83.0,257.0,61.0,83.0,76.30136135400883,-6.698638645991167,-15.301361354008833,15.301361354008833
DFW,DCA,DFW-DCA,12,2,0,17,164.0,1192.0,162.0,164.0,165.98605283740704,1.986052837407044,-3.986052837407044,3.986052837407044
CLT,DCA,CLT-DCA,12,2,0,16,80.0,331.0,73.0,80.0,90.11689420729707,10.116894207297065,-17.116894207297065,17.116894207297065
DCA,DFW,DCA-DFW,12,2,0,18,216.0,1192.0,204.0,216.0,212.14646178489224,-3.8535382151077613,-8.146461784892239,8.146461784892239
MCO,DCA,MCO-DCA,12,2,0,7,139.0,759.0,135.0,139.0,135.8600254679945,-3.1399745320055104,-0.8600254679944896,0.8600254679944896
DCA,TPA,DCA-TPA,12,2,0,10,162.0,814.0,128.0,162.0,149.90609395475542,-12.09390604524458,-21.90609395475542,21.90609395475542
TPA,DCA,TPA-DCA,12,2,0,13,131.0,814.0,129.0,131.0,130.46749716668612,-0.5325028333138846,-1.4674971666861154,1.4674971666861154
DCA,DFW,DCA-DFW,12,2,0,17,219.0,1192.0,192.0,219.0,212.8173537109444,-6.1826462890556115,-20.81735371094439,20.81735371094439
CLT,DCA,CLT-DCA,12,2,0,22,76.0,331.0,78.0,76.0,72.80904806474808,-3.190951935251917,5.190951935251917,5.190951935251917
DCA,TPA,DCA-TPA,12,2,0,13,155.0,814.0,131.0,155.0,147.16648836214557,-7.8335116378544285,-16.16648836214557,16.16648836214557
TPA,DCA,TPA-DCA,12,2,0,17,131.0,814.0,131.0,131.0,131.80819204733993,0.8081920473399293,-0.8081920473399293,0.8081920473399293
DCA,RSW,DCA-RSW,12,2,0,6,164.0,892.0,147.0,164.0,156.5682456466321,-7.431754353367893,-9.568245646632107,9.568245646632107
RSW,DCA,RSW-DCA,12,2,0,10,142.0,892.0,140.0,142.0,137.85028203789798,-4.149717962102017,2.1497179621020166,2.1497179621020166
DCA,ORD,DCA-ORD,12,2,0,19,144.0,612.0,139.0,144.0,137.44748732351758,-6.552512676482422,1.5525126764824222,1.5525126764824222
MIA,DCA,MIA-DCA,12,2,0,7,148.0,919.0,153.0,148.0,147.66586765709923,-0.334132342900773,5.334132342900773,5.334132342900773
DCA,DFW,DCA-DFW,12,2,0,10,218.0,1192.0,194.0,218.0,210.0979303599814,-7.9020696400185955,-16.097930359981405,16.097930359981405
MIA,RIC,MIA-RIC,12,2,0,21,149.0,826.0,161.0,149.0,143.85155657380633,-5.148443426193666,17.148443426193666,17.148443426193666
MCO,DCA,MCO-DCA,12,2,0,19,129.0,759.0,137.0,129.0,128.86743913478247,-0.13256086521752763,8.132560865217528,8.132560865217528
DCA,MIA,DCA-MIA,12,2,0,6,175.0,919.0,147.0,175.0,163.67052139073962,-11.329478609260377,-16.670521390739623,16.670521390739623
RIC,DFW,RIC-DFW,12,2,0,6,218.0,1158.0,205.0,218.0,215.0727450874252,-2.9272549125747958,-10.072745087425204,10.072745087425204
CLT,RIC,CLT-RIC,12,2,0,23,80.0,257.0,81.0,80.0,73.30200473327871,-6.697995266721293,7.697995266721293,7.697995266721293
DFW,ORF,DFW-ORF,12,2,0,18,176.0,1212.0,177.0,176.0,170.33828250288948,-5.661717497110516,6.661717497110516,6.661717497110516
DCA,DFW,DCA-DFW,12,2,0,6,224.0,1192.0,202.0,224.0,214.26387136377537,-9.736128636224635,-12.263871363775365,12.263871363775365
MIA,DCA,MIA-DCA,12,2,0,19,156.0,919.0,161.0,156.0,153.27841675102675,-2.7215832489732463,7.721583248973246,7.721583248973246
DCA,MIA,DCA-MIA,12,2,0,14,175.0,919.0,157.0,175.0,164.34854712255589,-10.651452877444115,-7.348547122555885,7.348547122555885
DCA,MCO,DCA-MCO,12,2,0,8,160.0,759.0,132.0,160.0,150.51429740003448,-9.48570259996552,-18.51429740003448,18.51429740003448
MCO,DCA,MCO-DCA,12,2,0,11,128.0,759.0,133.0,128.0,126.38579272460696,-1.614207275393042,6.614207275393042,6.614207275393042
ORF,DFW,ORF-DFW,12,2,0,6,225.0,1212.0,201.0,225.0,215.8025382332132,-9.197461766786802,-14.802538233213198,14.802538233213198
CLT,DCA,CLT-DCA,12,2,0,13,79.0,331.0,85.0,79.0,88.87167365936624,9.871673659366238,-3.8716736593662375,3.8716736593662375
DCA,ORD,DCA-ORD,12,2,0,15,142.0,612.0,130.0,142.0,136.6936914360013,-5.306308563998698,-6.693691436001302,6.693691436001302
IAD,DFW,IAD-DFW,12,2,0,6,221.0,1172.0,197.0,221.0,203.8045449503814,-17.1954550496186,-6.804544950381398,6.804544950381398
DFW,DCA,DFW-DCA,12,2,0,14,167.0,1192.0,158.0,167.0,164.61740156516717,-2.382598434832829,-6.617401565167171,6.617401565167171
DCA,MIA,DCA-MIA,12,2,0,20,174.0,919.0,139.0,174.0,164.026995801747,-9.973004198252994,-25.026995801747006,25.026995801747006
DFW,DCA,DFW-DCA,12,2,0,16,164.0,1192.0,187.0,164.0,165.73420358450775,1.7342035845077532,21.265796415492247,21.265796415492247
BOS,DCA,BOS-DCA,12,2,0,6,110.0,399.0,116.0,110.0,103.1744930934432,-6.825506906556797,12.825506906556797,12.825506906556797
DCA,DFW,DCA-DFW,12,2,0,8,227.0,1192.0,207.0,227.0,214.41580743494615,-12.584192565053854,-7.415807434946146,7.415807434946146
MCO,DCA,MCO-DCA,12,2,0,21,126.0,759.0,134.0,126.0,120.68455534141144,-5.315444658588561,13.31544465858856,13.31544465858856
RIC,MIA,RIC-MIA,12,2,0,5,157.0,826.0,136.0,157.0,147.65787469288756,-9.34212530711244,-11.65787469288756,11.65787469288756
ORF,MIA,ORF-MIA,12,2,0,5,150.0,802.0,124.0,150.0,141.34347458465766,-8.656525415342344,-17.343474584657656,17.343474584657656
RIC,CLT,RIC-CLT,12,2,0,5,75.0,257.0,64.0,75.0,66.74435130329655,-8.255648696703446,-2.744351303296554,2.744351303296554
DCA,DFW,DCA-DFW,12,2,0,14,223.0,1192.0,192.0,223.0,213.73526210719896,-9.264737892801037,-21.735262107198963,21.735262107198963
DFW,DCA,DFW-DCA,12,2,0,9,174.0,1192.0,173.0,174.0,168.54052891241426,-5.45947108758574,4.45947108758574,4.45947108758574
DCA,TPA,DCA-TPA,12,2,0,18,154.0,814.0,129.0,154.0,148.34161437546615,-5.6583856245338495,-19.34161437546615,19.34161437546615
SAT,DCA,SAT-DCA,12,2,0,6,189.0,1380.0,186.0,189.0,183.28229938941834,-5.717700610581659,2.717700610581659,2.717700610581659
DCA,MCO,DCA-MCO,12,2,0,11,154.0,759.0,137.0,154.0,145.91015917202276,-8.089840827977241,-8.910159172022759,8.910159172022759
MCO,DCA,MCO-DCA,12,2,0,15,130.0,759.0,131.0,130.0,130.5914619955283,0.5914619955283058,0.4085380044716942,0.4085380044716942
DFW,DCA,DFW-DCA,12,2,0,7,171.0,1192.0,158.0,171.0,166.72300955379347,-4.276990446206526,-8.723009553793474,8.723009553793474
DCA,DFW,DCA-DFW,12,2,0,11,216.0,1192.0,189.0,216.0,210.2189576125408,-5.781042387459195,-21.218957612540805,21.218957612540805
MIA,DCA,MIA-DCA,12,2,0,9,165.0,919.0,153.0,165.0,157.35184038518346,-7.648159614816535,-4.351840385183465,4.351840385183465
DCA,CLT,DCA-CLT,12,2,0,13,90.0,331.0,89.0,90.0,84.93745507167016,-5.062544928329842,4.062544928329842,4.062544928329842
DCA,DFW,DCA-DFW,12,3,0,6,224.0,1192.0,192.0,224.0,214.26387136377537,-9.736128636224635,-22.263871363775365,22.263871363775365
DCA,DFW,DCA-DFW,12,3,0,13,219.0,1192.0,194.0,219.0,211.50676422883893,-7.493235771161068,-17.506764228838932,17.506764228838932
DFW,DCA,DFW-DCA,12,3,0,8,173.0,1192.0,164.0,173.0,168.09347050689672,-4.906529493103278,-4.093470506896722,4.093470506896722
RIC,DFW,RIC-DFW,12,3,0,6,218.0,1158.0,192.0,218.0,215.0727450874252,-2.9272549125747958,-23.072745087425204,23.072745087425204
DFW,IAD,DFW-IAD,12,3,0,13,168.0,1172.0,152.0,168.0,163.50828236263317,-4.491717637366833,-11.508282362633167,11.508282362633167
CLT,RIC,CLT-RIC,12,3,0,18,72.0,257.0,59.0,72.0,69.43412431807228,-2.5658756819277215,-10.434124318072278,10.434124318072278
DCA,MIA,DCA-MIA,12,3,0,6,175.0,919.0,143.0,175.0,163.67052139073962,-11.329478609260377,-20.670521390739623,20.670521390739623
DCA,MCO,DCA-MCO,12,3,0,6,150.0,759.0,127.0,150.0,146.16234234822207,-3.8376576517779313,-19.16234234822207,19.16234234822207
DCA,MIA,DCA-MIA,12,3,0,5,170.0,919.0,125.0,170.0,159.40481931464328,-10.595180685356723,-34.40481931464328,34.40481931464328
ORF,MIA,ORF-MIA,12,3,0,5,150.0,802.0,114.0,150.0,141.34347458465766,-8.656525415342344,-27.343474584657656,27.343474584657656
MIA,DCA,MIA-DCA,12,3,0,22,164.0,919.0,153.0,164.0,157.67668648847777,-6.32331351152223,-4.67668648847777,4.67668648847777
IAD,DFW,IAD-DFW,12,3,0,6,221.0,1172.0,205.0,221.0,203.8045449503814,-17.1954550496186,1.1954550496186016,1.1954550496186016
DFW,ORF,DFW-ORF,12,3,0,18,176.0,1212.0,167.0,176.0,170.33828250288948,-5.661717497110516,-3.3382825028894842,3.3382825028894842
DCA,PHX,DCA-PHX,12,3,0,10,309.0,1979.0,288.0,309.0,294.2226519038733,-14.777348096126673,-6.222651903873327,6.222651903873327
LAS,DCA,LAS-DCA,12,3,0,12,269.0,2089.0,247.0,269.0,263.66693263523257,-5.33306736476743,-16.66693263523257,16.66693263523257
DCA,PHX,DCA-PHX,12,3,0,7,318.0,1979.0,328.0,318.0,307.0005857543065,-10.999414245693515,20.999414245693515,20.999414245693515
PHX,DCA,PHX-DCA,12,3,0,13,249.0,1979.0,229.0,249.0,243.23311528538082,-5.766884714619181,-14.23311528538082,14.23311528538082
LAX,DCA,LAX-DCA,12,3,0,12,290.0,2311.0,270.0,290.0,282.1723802309215,-7.827619769078524,-12.172380230921476,12.172380230921476
PHX,DCA,PHX-DCA,12,3,0,0,242.0,1979.0,240.0,242.0,236.02696594915557,-5.973034050844433,3.973034050844433,3.973034050844433
DCA,LAX,DCA-LAX,12,3,0,8,366.0,2311.0,348.0,366.0,348.53203597788246,-17.467964022117542,-0.5320359778824582,0.5320359778824582
DCA,LAX,DCA-LAX,12,3,0,16,352.0,2311.0,332.0,352.0,344.9006574722027,-7.099342527797319,-12.900657472202681,12.900657472202681
PHX,DCA,PHX-DCA,12,3,0,9,254.0,1979.0,242.0,254.0,246.6566354615352,-7.343364538464812,-4.656635461535188,4.656635461535188
LAX,DCA,LAX-DCA,12,3,0,8,291.0,2311.0,264.0,291.0,282.95829094352626,-8.041709056473735,-18.958290943526265,18.958290943526265
DCA,LAS,DCA-LAS,12,3,0,7,324.0,2089.0,318.0,324.0,312.44144140590805,-11.558558594091949,5.558558594091949,5.558558594091949
DFW,DCA,DFW-DCA,12,3,0,15,164.0,1192.0,155.0,164.0,165.73420358450775,1.7342035845077532,-10.734203584507753,10.734203584507753
RIC,CLT,RIC-CLT,12,3,0,6,88.0,257.0,69.0,88.0,77.12690360266517,-10.873096397334834,-8.126903602665166,8.126903602665166
CLT,DCA,CLT-DCA,12,3,0,9,88.0,331.0,85.0,88.0,91.72006968227785,3.7200696822778525,-6.7200696822778525,6.7200696822778525
CLT,ORF,CLT-ORF,12,3,0,7,70.0,290.0,67.0,70.0,67.28647276105173,-2.7135272389482736,-0.28647276105172637,0.28647276105172637
ORF,CLT,ORF-CLT,12,3,0,9,86.0,290.0,82.0,86.0,78.72449187463651,-7.275508125363487,3.275508125363487,3.275508125363487
DCA,CLT,DCA-CLT,12,3,0,8,104.0,331.0,91.0,104.0,93.33703319595088,-10.66296680404912,-2.3370331959508803,2.3370331959508803
DCA,PBI,DCA-PBI,12,3,0,15,162.0,857.0,133.0,162.0,152.8733974560503,-9.126602543949701,-19.8733974560503,19.8733974560503
PBI,DCA,PBI-DCA,12,3,0,18,142.0,857.0,152.0,142.0,140.06439650942625,-1.9356034905737545,11.935603490573754,11.935603490573754
DCA,TPA,DCA-TPA,12,3,0,8,157.0,814.0,142.0,157.0,149.01488421300238,-7.985115786997625,-7.014884213002375,7.014884213002375
TPA,DCA,TPA-DCA,12,3,0,11,132.0,814.0,131.0,132.0,129.53181506686036,-2.4681849331396393,1.4681849331396393,1.4681849331396393
BOS,DCA,BOS-DCA,12,3,0,8,104.0,399.0,112.0,104.0,99.57311905979698,-4.42688094020302,12.42688094020302,12.42688094020302
DCA,JAX,DCA-JAX,12,3,0,17,133.0,634.0,106.0,133.0,129.38710325659267,-3.612896743407333,-23.387103256592667,23.387103256592667
DCA,PBI,DCA-PBI,12,3,0,10,157.0,857.0,145.0,157.0,148.02066911264856,-8.979330887351438,-3.0206691126485623,3.0206691126485623
PBI,DCA,PBI-DCA,12,3,0,13,141.0,857.0,144.0,141.0,137.69967939204918,-3.300320607950823,6.300320607950823,6.300320607950823
DCA,MIA,DCA-MIA,12,3,0,19,180.0,919.0,136.0,180.0,167.30642645399104,-12.693573546008963,-31.306426453991037,31.306426453991037
MIA,DCA,MIA-DCA,12,3,0,15,151.0,919.0,147.0,151.0,149.53161521401,-1.468384785989997,-2.531615214010003,2.531615214010003
DCA,CLT,DCA-CLT,12,3,0,6,95.0,331.0,82.0,95.0,88.16139246624692,-6.838607533753077,-6.161392466246923,6.161392466246923
DCA,RSW,DCA-RSW,12,3,0,6,164.0,892.0,142.0,164.0,156.5682456466321,-7.431754353367893,-14.568245646632107,14.568245646632107
RSW,DCA,RSW-DCA,12,3,0,10,142.0,892.0,143.0,142.0,137.85028203789798,-4.149717962102017,5.149717962102017,5.149717962102017
DCA,ORD,DCA-ORD,12,3,0,7,145.0,612.0,143.0,145.0,139.59517160231022,-5.4048283976897835,3.4048283976897835,3.4048283976897835
DCA,RSW,DCA-RSW,12,3,0,15,162.0,892.0,144.0,162.0,156.5044392221999,-5.495560777800108,-12.504439222199892,12.504439222199892
RSW,DCA,RSW-DCA,12,3,0,18,138.0,892.0,134.0,138.0,139.1315570468749,1.1315570468748888,-5.131557046874889,5.131557046874889
DCA,BOS,DCA-BOS,12,3,0,6,92.0,399.0,84.0,92.0,92.90403897860445,0.9040389786044472,-8.904038978604447,8.904038978604447
DCA,BOS,DCA-BOS,12,3,0,11,91.0,399.0,81.0,91.0,94.89860592590834,3.898605925908342,-13.898605925908342,13.898605925908342
BOS,DCA,BOS-DCA,12,3,0,9,101.0,399.0,81.0,101.0,98.42380978065273,-2.576190219347268,-17.423809780652732,17.423809780652732
DCA,ORD,DCA-ORD,12,3,0,9,134.0,612.0,123.0,134.0,127.15253928526587,-6.847460714734126,-4.152539285265874,4.152539285265874
JAX,DCA,JAX-DCA,12,3,0,7,110.0,634.0,106.0,110.0,110.65571283142017,0.6557128314201748,-4.655712831420175,4.655712831420175
RDU,DCA,RDU-DCA,12,3,0,6,67.0,227.0,70.0,67.0,66.97877241271098,-0.021227587289018857,3.021227587289019,3.021227587289019
DCA,VPS,DCA-VPS,12,3,0,8,165.0,789.0,146.0,165.0,155.14519998158667,-9.854800018413329,-9.145199981586671,9.145199981586671
VPS,DCA,VPS-DCA,12,3,0,10,127.0,789.0,120.0,127.0,125.7967731273188,-1.2032268726811992,-5.796773127318801,5.796773127318801
DCA,PWM,DCA-PWM,12,3,0,15,99.0,482.0,97.0,99.0,95.97843964319763,-3.021560356802368,1.0215603568023681,1.0215603568023681
PWM,DCA,PWM-DCA,12,3,0,17,114.0,482.0,104.0,114.0,108.05885066196075,-5.941149338039253,-4.058850661960747,4.058850661960747
DCA,TPA,DCA-TPA,12,3,0,13,155.0,814.0,130.0,155.0,147.16648836214557,-7.8335116378544285,-17.16648836214557,17.16648836214557
TPA,DCA,TPA-DCA,12,3,0,17,131.0,814.0,125.0,131.0,131.80819204733993,0.8081920473399293,-6.808192047339929,6.808192047339929
ORD,DCA,ORD-DCA,12,3,0,11,108.0,612.0,103.0,108.0,110.1733770968776,2.1733770968776014,-7.173377096877601,7.173377096877601
DCA,SRQ,DCA-SRQ,12,3,0,9,158.0,851.0,132.0,158.0,149.83821597938604,-8.161784020613965,-17.838215979386035,17.838215979386035
SRQ,DCA,SRQ-DCA,12,3,0,13,144.0,851.0,135.0,144.0,138.65308315435632,-5.346916845643676,-3.653083154356324,3.653083154356324
ORD,DCA,ORD-DCA,12,3,0,6,111.0,612.0,97.0,111.0,113.89164088008359,2.8916408800835853,-16.891640880083585,16.891640880083585
DCA,JAX,DCA-JAX,12,3,0,15,130.0,634.0,106.0,130.0,128.53014974625552,-1.4698502537444824,-22.530149746255518,22.530149746255518
JAX,DCA,JAX-DCA,12,3,0,19,112.0,634.0,102.0,112.0,113.38629245287011,1.3862924528701086,-11.386292452870109,11.386292452870109
BOS,DCA,BOS-DCA,12,3,0,15,99.0,399.0,85.0,99.0,98.15207780912303,-0.8479221908769716,-13.152077809123028,13.152077809123028
PWM,DCA,PWM-DCA,12,3,0,6,109.0,482.0,159.0,109.0,104.35237575270693,-4.6476242472930664,54.647624247293066,54.647624247293066
DCA,FLL,DCA-FLL,12,3,0,10,172.0,899.0,131.0,172.0,158.52247876832647,-13.477521231673535,-27.522478768326465,27.522478768326465
FLL,DCA,FLL-DCA,12,3,0,13,153.0,899.0,143.0,153.0,147.6773123707606,-5.322687629239397,-4.677312370760603,4.677312370760603
CLT,DCA,CLT-DCA,12,3,0,8,78.0,331.0,79.0,78.0,86.88001227097391,8.880012270973907,-7.880012270973907,7.880012270973907
DCA,BOS,DCA-BOS,12,3,0,16,92.0,399.0,83.0,92.0,96.20785468238644,4.20785468238644,-13.20785468238644,13.20785468238644
DCA,RSW,DCA-RSW,12,3,0,10,168.0,892.0,144.0,168.0,158.410011835622,-9.589988164378013,-14.410011835621987,14.410011835621987
RSW,DCA,RSW-DCA,12,3,0,13,143.0,892.0,136.0,143.0,139.45898421531948,-3.541015784680525,-3.458984215319475,3.458984215319475
DCA,MIA,DCA-MIA,12,3,0,9,174.0,919.0,142.0,174.0,162.78912565755456,-11.210874342445436,-20.789125657554564,20.789125657554564
MIA,ORF,MIA-ORF,12,3,0,22,141.0,802.0,128.0,141.0,132.02679726035396,-8.973202739646041,-4.026797260353959,4.026797260353959
BOS,DCA,BOS-DCA,12,3,0,7,107.0,399.0,87.0,107.0,102.10710811995517,-4.892891880044829,-15.107108119955171,15.107108119955171
DCA,MIA,DCA-MIA,12,3,0,18,175.0,919.0,145.0,175.0,165.66904263226263,-9.33095736773737,-20.66904263226263,20.66904263226263
MIA,DCA,MIA-DCA,12,3,0,14,154.0,919.0,157.0,154.0,149.96053291056137,-4.039467089438631,7.039467089438631,7.039467089438631
TPA,DCA,TPA-DCA,12,3,0,16,132.0,814.0,125.0,132.0,131.55634279444064,-0.4436572055593615,-6.5563427944406385,6.5563427944406385
DCA,PBI,DCA-PBI,12,3,0,7,158.0,857.0,133.0,158.0,149.12803547985715,-8.871964520142853,-16.128035479857147,16.128035479857147
PBI,DCA,PBI-DCA,12,3,0,11,142.0,857.0,137.0,142.0,137.71740105453057,-4.282598945469431,-0.7174010545305691,0.7174010545305691
DCA,FLL,DCA-FLL,12,3,0,14,159.0,899.0,129.0,159.0,151.29892800458893,-7.70107199541107,-22.29892800458893,22.29892800458893
FLL,DCA,FLL-DCA,12,3,0,17,153.0,899.0,143.0,153.0,149.17076780718017,-3.8292321928198305,-6.1707678071801695,6.1707678071801695
CLT,DCA,CLT-DCA,12,3,0,14,80.0,331.0,97.0,80.0,90.57620521857157,10.576205218571573,6.423794781428427,6.423794781428427
DCA,MSY,DCA-MSY,12,3,0,7,170.0,969.0,142.0,170.0,161.44829738206363,-8.551702617936371,-19.44829738206363,19.44829738206363
MSY,DCA,MSY-DCA,12,3,0,10,145.0,969.0,136.0,145.0,143.96687169086263,-1.0331283091373678,-7.966871690862632,7.966871690862632
DCA,BOS,DCA-BOS,12,3,0,14,92.0,399.0,113.0,92.0,95.37619511199365,3.3761951119936526,17.623804888006347,17.623804888006347
MCO,DCA,MCO-DCA,12,3,0,14,129.0,759.0,142.0,129.0,128.1344403827732,-0.8655596172268076,13.865559617226808,13.865559617226808
MCO,DCA,MCO-DCA,12,3,0,7,139.0,759.0,135.0,139.0,135.8600254679945,-3.1399745320055104,-0.8600254679944896,0.8600254679944896
DCA,CLT,DCA-CLT,12,3,0,10,98.0,331.0,81.0,98.0,89.60239362927007,-8.397606370729932,-8.602393629270068,8.602393629270068
CLT,DCA,CLT-DCA,12,3,0,16,80.0,331.0,81.0,80.0,90.11689420729707,10.116894207297065,-9.116894207297065,9.116894207297065
MCO,DCA,MCO-DCA,12,3,0,17,129.0,759.0,129.0,129.0,129.4144228166122,0.4144228166121877,-0.4144228166121877,0.4144228166121877
DCA,DFW,DCA-DFW,12,3,0,10,219.0,1192.0,191.0,219.0,210.36014196234072,-8.63985803765928,-19.36014196234072,19.36014196234072
DCA,CLT,DCA-CLT,12,3,0,5,93.0,331.0,79.0,93.0,83.35099791486975,-9.649002085130249,-4.350997914869751,4.350997914869751
MIA,DCA,MIA-DCA,12,3,0,9,165.0,919.0,149.0,165.0,157.35184038518346,-7.648159614816535,-8.351840385183465,8.351840385183465
DCA,ORD,DCA-ORD,12,3,0,15,142.0,612.0,134.0,142.0,136.6936914360013,-5.306308563998698,-2.693691436001302,2.693691436001302
RIC,MIA,RIC-MIA,12,3,0,5,157.0,826.0,120.0,157.0,147.65787469288756,-9.34212530711244,-27.65787469288756,27.65787469288756
DFW,RIC,DFW-RIC,12,3,0,18,164.0,1158.0,154.0,164.0,162.1402935285462,-1.8597064714537908,-8.14029352854621,8.14029352854621
DFW,DCA,DFW-DCA,12,3,0,17,164.0,1192.0,159.0,164.0,165.98605283740704,1.986052837407044,-6.986052837407044,6.986052837407044
DCA,MIA,DCA-MIA,12,3,0,14,175.0,919.0,175.0,175.0,164.34854712255589,-10.651452877444115,10.651452877444115,10.651452877444115
DCA,MCO,DCA-MCO,12,3,0,8,160.0,759.0,115.0,160.0,152.2814126661664,-7.718587333833597,-37.2814126661664,37.2814126661664
MCO,DCA,MCO-DCA,12,3,0,11,128.0,759.0,139.0,128.0,126.38579272460696,-1.614207275393042,12.614207275393042,12.614207275393042
MIA,DCA,MIA-DCA,12,3,0,8,150.0,919.0,157.0,150.0,148.02275137279725,-1.977248627202755,8.977248627202755,8.977248627202755
DCA,TPA,DCA-TPA,12,3,0,18,154.0,814.0,146.0,154.0,148.34161437546615,-5.6583856245338495,-2.3416143754661505,2.3416143754661505
DCA,MCO,DCA-MCO,12,3,0,11,154.0,759.0,133.0,154.0,147.67727443815468,-6.322725561845317,-14.677274438154683,14.677274438154683
MCO,DCA,MCO-DCA,12,3,0,15,130.0,759.0,128.0,130.0,130.5914619955283,0.5914619955283058,-2.591461995528306,2.591461995528306
DFW,DCA,DFW-DCA,12,3,0,12,173.0,1192.0,166.0,173.0,168.1429102662477,-4.857089733752304,-2.1429102662476964,2.1429102662476964
DCA,MCO,DCA-MCO,12,3,0,17,156.0,759.0,141.0,156.0,151.89733697497752,-4.10266302502248,-10.89733697497752,10.89733697497752
RIC,CLT,RIC-CLT,12,3,0,5,75.0,257.0,64.0,75.0,66.74435130329655,-8.255648696703446,-2.744351303296554,2.744351303296554
DCA,DFW,DCA-DFW,12,3,0,14,223.0,1192.0,206.0,223.0,213.73526210719896,-9.264737892801037,-7.735262107198963,7.735262107198963
ORF,DFW,ORF-DFW,12,3,0,6,225.0,1212.0,200.0,225.0,215.8025382332132,-9.197461766786802,-15.802538233213198,15.802538233213198
DFW,DCA,DFW-DCA,12,3,0,9,174.0,1192.0,166.0,174.0,168.54052891241426,-5.45947108758574,-2.54052891241426,2.54052891241426
DCA,MIA,DCA-MIA,12,3,0,7,180.0,919.0,142.0,180.0,166.04965007437542,-13.950349925624579,-24.04965007437542,24.04965007437542
MIA,RIC,MIA-RIC,12,3,0,21,149.0,826.0,150.0,149.0,143.6445117745759,-5.3554882254240965,6.3554882254240965,6.3554882254240965
DCA,MCO,DCA-MCO,12,3,0,15,151.0,759.0,135.0,151.0,147.39649657173294,-3.603503428267061,-12.39649657173294,12.39649657173294
MIA,DCA,MIA-DCA,12,3,0,11,160.0,919.0,166.0,160.0,152.44332487748258,-7.556675122517419,13.556675122517419,13.556675122517419
DCA,DFW,DCA-DFW,12,3,0,8,227.0,1192.0,206.0,227.0,214.41580743494615,-12.584192565053854,-8.415807434946146,8.415807434946146
MIA,DCA,MIA-DCA,12,3,0,6,148.0,919.0,172.0,148.0,147.66586765709923,-0.334132342900773,24.334132342900773,24.334132342900773
DCA,TPA,DCA-TPA,12,3,0,10,164.0,814.0,126.0,164.0,154.27418618155608,-9.725813818443925,-28.274186181556075,28.274186181556075
TPA,DCA,TPA-DCA,12,3,0,13,131.0,814.0,131.0,131.0,130.46749716668612,-0.5325028333138846,0.5325028333138846,0.5325028333138846
DFW,ORF,DFW-ORF,12,3,0,10,184.0,1212.0,162.0,184.0,171.67070380247551,-12.329296197524485,-9.670703802475515,9.670703802475515
ORF,DFW,ORF-DFW,12,3,0,15,224.0,1212.0,193.0,224.0,216.5549478548973,-7.445052145102693,-23.554947854897307,23.554947854897307
CLT,RIC,CLT-RIC,12,3,0,7,71.0,257.0,65.0,71.0,67.25078607435552,-3.749213925644483,-2.250786074355517,2.250786074355517
RIC,CLT,RIC-CLT,12,3,0,9,83.0,257.0,81.0,83.0,76.30136135400883,-6.698638645991167,4.698638645991167,4.698638645991167
CLT,RIC,CLT-RIC,12,3,0,14,72.0,257.0,62.0,72.0,67.46223724649589,-4.537762753504111,-5.462237246495889,5.462237246495889
DCA,MIA,DCA-MIA,12,3,0,8,185.0,919.0,140.0,185.0,167.51491088174348,-17.485089118256525,-27.514910881743475,27.514910881743475
DFW,RIC,DFW-RIC,12,3,0,10,179.0,1158.0,162.0,179.0,164.27835993719492,-14.72164006280508,-2.278359937194921,2.278359937194921
RIC,DFW,RIC-DFW,12,3,0,15,214.0,1158.0,195.0,214.0,214.72917147645435,0.7291714764543542,-19.729171476454354,19.729171476454354
DFW,DCA,DFW-DCA,12,3,0,7,169.0,1192.0,162.0,169.0,164.3956626457213,-4.604337354278698,-2.395662645721302,2.395662645721302
DCA,DFW,DCA-DFW,12,3,0,11,216.0,1192.0,194.0,216.0,210.2189576125408,-5.781042387459195,-16.218957612540805,16.218957612540805
DCA,MIA,DCA-MIA,12,3,0,17,184.0,919.0,152.0,184.0,169.16673487201803,-14.833265127981974,-17.166734872018026,17.166734872018026
ORD,DCA,ORD-DCA,12,3,0,13,111.0,612.0,96.0,111.0,113.87134849393904,2.8713484939390383,-17.87134849393904,17.87134849393904
CLT,RIC,CLT-RIC,12,3,0,11,81.0,257.0,79.0,81.0,74.02903977248882,-6.970960227511185,4.970960227511185,4.970960227511185
RIC,CLT,RIC-CLT,12,3,0,13,81.0,257.0,67.0,81.0,75.06796892875805,-5.932031071241951,-8.067968928758049,8.067968928758049
MIA,DCA,MIA-DCA,12,3,0,17,156.0,919.0,141.0,156.0,153.82540043285647,-2.174599567143531,-12.825400432856469,12.825400432856469
CLT,DCA,CLT-DCA,12,4,0,9,88.0,331.0,80.0,88.0,92.00141509861481,4.001415098614814,-12.001415098614814,12.001415098614814
DCA,FLL,DCA-FLL,12,4,0,10,172.0,899.0,147.0,172.0,158.8038241846634,-13.196175815336602,-11.803824184663398,11.803824184663398
FLL,DCA,FLL-DCA,12,4,0,13,153.0,899.0,147.0,153.0,147.95865778709754,-5.041342212902464,-0.9586577870975361,0.9586577870975361
CLT,DCA,CLT-DCA,12,4,0,15,77.0,331.0,69.0,77.0,83.96992164273226,6.96992164273226,-14.96992164273226,14.96992164273226
IAD,DFW,IAD-DFW,12,4,0,6,217.0,1172.0,188.0,217.0,209.9229994922539,-7.0770005077461065,-21.922999492253894,21.922999492253894
RIC,CLT,RIC-CLT,12,4,0,6,88.0,257.0,87.0,88.0,77.40824901900213,-10.591750980997872,9.591750980997872,9.591750980997872
DFW,DCA,DFW-DCA,12,4,0,7,169.0,1192.0,162.0,169.0,164.67700806205823,-4.322991937941765,-2.677008062058235,2.677008062058235
DCA,DFW,DCA-DFW,12,4,0,11,216.0,1192.0,195.0,216.0,210.50030302887774,-5.499696971122262,-15.500303028877738,15.500303028877738
MCO,DCA,MCO-DCA,12,4,0,21,126.0,759.0,128.0,126.0,120.9659007577484,-5.0340992422515995,7.0340992422515995,7.0340992422515995
MIA,DCA,MIA-DCA,12,4,0,21,156.0,919.0,146.0,156.0,151.84260927636265,-4.157390723637349,-5.842609276362651,5.842609276362651
DCA,MIA,DCA-MIA,12,4,0,6,176.0,919.0,156.0,176.0,163.95186680707656,-12.048133192923444,-7.951866807076556,7.951866807076556
DFW,IAD,DFW-IAD,12,4,0,18,167.0,1172.0,172.0,167.0,165.1331261560371,-1.8668738439629067,6.866873843962907,6.866873843962907
MIA,DCA,MIA-DCA,12,4,0,6,148.0,919.0,175.0,148.0,147.94721307343616,-0.0527869265638401,27.05278692656384,27.05278692656384
DCA,BOS,DCA-BOS,12,4,0,16,93.0,399.0,87.0,93.0,96.23900068541606,3.239000685416059,-9.239000685416059,9.239000685416059
DCA,TPA,DCA-TPA,12,4,0,10,164.0,814.0,127.0,164.0,154.555531597893,-9.444468402106992,-27.555531597893008,27.555531597893008
TPA,DCA,TPA-DCA,12,4,0,13,131.0,814.0,132.0,131.0,130.74884258302305,-0.2511574169769517,1.2511574169769517,1.2511574169769517
MIA,DCA,MIA-DCA,12,4,0,19,161.0,919.0,150.0,161.0,154.6267329111778,-6.373267088822189,-4.626732911177811,4.626732911177811
DFW,ORF,DFW-ORF,12,4,0,18,176.0,1212.0,170.0,176.0,170.61962791922642,-5.380372080773583,-0.6196279192264171,0.6196279192264171
ORF,DFW,ORF-DFW,12,4,0,6,225.0,1212.0,214.0,225.0,216.08388364955013,-8.916116350449869,-2.083883649550131,2.083883649550131
ORF,DFW,ORF-DFW,12,4,0,15,224.0,1212.0,189.0,224.0,216.83629327123424,-7.16370672876576,-27.83629327123424,27.83629327123424
DFW,DCA,DFW-DCA,12,4,0,19,170.0,1192.0,158.0,170.0,168.039955075344,-1.960044924655989,-10.039955075344011,10.039955075344011
DCA,PHX,DCA-PHX,12,4,0,7,318.0,1979.0,311.0,318.0,307.2819311706435,-10.718068829356525,3.7180688293565254,3.7180688293565254
LAX,DCA,LAX-DCA,12,4,0,12,290.0,2311.0,267.0,290.0,282.45372564725847,-7.546274352741534,-15.453725647258466,15.453725647258466
DCA,LAX,DCA-LAX,12,4,0,8,366.0,2311.0,356.0,366.0,350.7113313013673,-15.288668698632705,5.288668698632705,5.288668698632705
DCA,DFW,DCA-DFW,12,4,0,13,219.0,1192.0,183.0,219.0,211.78810964517587,-7.211890354824135,-28.788109645175865,28.788109645175865
LAX,DCA,LAX-DCA,12,4,0,8,291.0,2311.0,275.0,291.0,283.23963635986325,-7.760363640136745,-8.239636359863255,8.239636359863255
DCA,LAX,DCA-LAX,12,4,0,16,352.0,2311.0,358.0,352.0,345.48256663216404,-6.517433367835963,12.517433367835963,12.517433367835963
PHX,DCA,PHX-DCA,12,4,0,9,254.0,1979.0,238.0,254.0,246.93798087787212,-7.062019122127879,-8.937980877872121,8.937980877872121
DCA,LAS,DCA-LAS,12,4,0,7,324.0,2089.0,310.0,324.0,312.72278682224504,-11.277213177754959,-2.722786822245041,2.722786822245041
PHX,DCA,PHX-DCA,12,4,0,13,249.0,1979.0,258.0,249.0,243.51446070171775,-5.485539298282248,14.485539298282248,14.485539298282248
DFW,IAD,DFW-IAD,12,4,0,12,177.0,1172.0,182.0,177.0,168.88433726915324,-8.115662730846765,13.115662730846765,13.115662730846765
IAD,DFW,IAD-DFW,12,4,0,17,228.0,1172.0,227.0,228.0,210.55547083084554,-17.444529169154464,16.444529169154464,16.444529169154464
DCA,PHX,DCA-PHX,12,4,0,10,309.0,1979.0,294.0,309.0,294.5039973202103,-14.496002679789683,-0.503997320210317,0.503997320210317
LAS,DCA,LAS-DCA,12,4,0,13,267.0,2089.0,242.0,267.0,255.25932796798898,-11.74067203201102,-13.25932796798898,13.25932796798898
DFW,RIC,DFW-RIC,12,4,0,10,179.0,1158.0,162.0,179.0,166.2541712717722,-12.745828728227792,-4.254171271772208,4.254171271772208
RIC,DFW,RIC-DFW,12,4,0,15,214.0,1158.0,188.0,214.0,215.0105168927913,1.010516892791287,-27.010516892791287,27.010516892791287
DCA,DFW,DCA-DFW,12,4,0,6,224.0,1192.0,226.0,224.0,214.5452167801123,-9.454783219887702,11.454783219887702,11.454783219887702
DFW,RIC,DFW-RIC,12,4,0,18,164.0,1158.0,172.0,164.0,163.94035116162289,-0.059648838377114544,8.059648838377115,8.059648838377115
DCA,TPA,DCA-TPA,12,4,0,8,157.0,814.0,122.0,157.0,149.2962296293393,-7.703770370660692,-27.296229629339308,27.296229629339308
TPA,DCA,TPA-DCA,12,4,0,11,132.0,814.0,132.0,132.0,129.8131604831973,-2.1868395168027064,2.1868395168027064,2.1868395168027064
DCA,CLT,DCA-CLT,12,4,0,8,104.0,331.0,85.0,104.0,93.61837861228784,-10.381621387712158,-8.618378612287842,8.618378612287842
DCA,ORD,DCA-ORD,12,4,0,9,134.0,612.0,123.0,134.0,126.9594042834368,-7.040595716563203,-3.959404283436797,3.959404283436797
JAX,DCA,JAX-DCA,12,4,0,7,110.0,634.0,115.0,110.0,110.78777718837652,0.7877771883765234,4.212222811623477,4.212222811623477
DCA,SRQ,DCA-SRQ,12,4,0,9,158.0,851.0,130.0,158.0,150.08185751475025,-7.918142485249746,-20.081857514750254,20.081857514750254
SRQ,DCA,SRQ-DCA,12,4,0,13,144.0,851.0,134.0,144.0,138.93442857069326,-5.065571429306743,-4.934428570693257,4.934428570693257
DCA,RDU,DCA-RDU,12,4,0,14,75.0,227.0,61.0,75.0,69.20930383623892,-5.790696163761083,-8.209303836238917,8.209303836238917
DCA,VPS,DCA-VPS,12,4,0,8,165.0,789.0,135.0,165.0,155.4265453979236,-9.573454602076396,-20.426545397923604,20.426545397923604
VPS,DCA,VPS-DCA,12,4,0,10,127.0,789.0,125.0,127.0,126.07811854365576,-0.9218814563442379,-1.078118543655762,1.078118543655762
ORD,DCA,ORD-DCA,12,4,0,11,108.0,612.0,101.0,108.0,110.45472251321456,2.4547225132145627,-9.454722513214563,9.454722513214563
DCA,ORD,DCA-ORD,12,4,0,7,145.0,612.0,149.0,145.0,139.40203660048113,-5.597963399518875,9.597963399518875,9.597963399518875
DCA,PBI,DCA-PBI,12,4,0,7,158.0,857.0,119.0,158.0,149.40938089619408,-8.59061910380592,-30.40938089619408,30.40938089619408
PBI,DCA,PBI-DCA,12,4,0,11,142.0,857.0,148.0,142.0,137.9987464708675,-4.001253529132498,10.001253529132498,10.001253529132498
ORD,DCA,ORD-DCA,12,4,0,6,109.0,612.0,91.0,109.0,110.86307612389992,1.8630761238999156,-19.863076123899916,19.863076123899916
DCA,RSW,DCA-RSW,12,4,0,10,168.0,892.0,131.0,168.0,158.6698014674835,-9.330198532516505,-27.669801467483495,27.669801467483495
RSW,DCA,RSW-DCA,12,4,0,13,143.0,892.0,138.0,143.0,139.7403296316564,-3.259670368343592,-1.740329631656408,1.740329631656408
DCA,CLT,DCA-CLT,12,4,0,6,95.0,331.0,89.0,95.0,88.44273788258388,-6.557262117416116,0.5572621174161156,0.5572621174161156
DCA,RDU,DCA-RDU,12,4,0,8,82.0,227.0,62.0,82.0,75.72032231291146,-6.279677687088537,-13.720322312911463,13.720322312911463
RDU,DCA,RDU-DCA,12,4,0,10,67.0,227.0,60.0,67.0,66.83060303258684,-0.16939696741316368,-6.830603032586836,6.830603032586836
DCA,JAX,DCA-JAX,12,4,0,14,127.0,634.0,113.0,127.0,125.19199855418277,-1.8080014458172258,-12.191998554182774,12.191998554182774
DCA,BOS,DCA-BOS,12,4,0,11,91.0,399.0,89.0,91.0,94.92975192893796,3.9297519289379608,-5.929751928937961,5.929751928937961
BOS,DCA,BOS-DCA,12,4,0,9,101.0,399.0,92.0,101.0,98.7051551969897,-2.2948448030103066,-6.705155196989693,6.705155196989693
ORF,MIA,ORF-MIA,12,4,0,6,150.0,802.0,129.0,150.0,143.10893610350254,-6.891063896497457,-14.108936103502543,14.108936103502543
DCA,MIA,DCA-MIA,12,4,0,14,175.0,919.0,140.0,175.0,164.62989253889282,-10.370107461107182,-24.62989253889282,24.62989253889282
DFW,DCA,DFW-DCA,12,4,0,9,174.0,1192.0,178.0,174.0,168.8218743287512,-5.178125671248807,9.178125671248807,9.178125671248807
DCA,MIA,DCA-MIA,12,4,0,8,185.0,919.0,140.0,185.0,167.7962562980804,-17.203743701919592,-27.796256298080408,27.796256298080408
DCA,BOS,DCA-BOS,12,4,0,15,98.0,399.0,111.0,98.0,99.459951469632,1.4599514696320028,11.540048530367997,11.540048530367997
DCA,RSW,DCA-RSW,12,4,0,8,172.0,892.0,132.0,172.0,161.53127504211258,-10.468724957887417,-29.531275042112583,29.531275042112583
RSW,DCA,RSW-DCA,12,4,0,11,142.0,892.0,146.0,142.0,138.7206470515231,-3.2793529484769124,7.279352948476912,7.279352948476912
ORD,DCA,ORD-DCA,12,4,0,13,111.0,612.0,105.0,111.0,114.152693910276,3.1526939102759997,-9.152693910276,9.152693910276
DCA,DFW,DCA-DFW,12,4,0,17,219.0,1192.0,205.0,219.0,213.09869912728132,-5.901300872718679,-8.098699127281321,8.098699127281321
BOS,DCA,BOS-DCA,12,4,0,8,104.0,399.0,84.0,104.0,99.85446447613394,-4.145535523866059,-15.854464476133941,15.854464476133941
DCA,PBI,DCA-PBI,12,4,0,10,157.0,857.0,130.0,157.0,148.3020145289855,-8.697985471014505,-18.302014528985495,18.302014528985495
PBI,DCA,PBI-DCA,12,4,0,13,141.0,857.0,142.0,141.0,137.9810248083861,-3.0189751916138903,4.01897519161389,4.01897519161389
DCA,DFW,DCA-DFW,12,4,0,14,223.0,1192.0,203.0,223.0,214.0166075235359,-8.983392476464104,-11.016607523535896,11.016607523535896
DCA,MCO,DCA-MCO,12,4,0,8,160.0,759.0,127.0,160.0,152.5264258624417,-7.473574137558302,-25.526425862441698,25.526425862441698
MCO,DCA,MCO-DCA,12,4,0,11,128.0,759.0,138.0,128.0,126.66713814094392,-1.3328618590560808,11.33286185905608,11.33286185905608
MIA,RIC,MIA-RIC,12,4,0,19,165.0,826.0,147.0,165.0,156.47012822445615,-8.529871775543853,-9.470128224456147,9.470128224456147
DCA,MCO,DCA-MCO,12,4,0,13,157.0,759.0,133.0,157.0,150.79599990432214,-6.204000095677856,-17.795999904322144,17.795999904322144
DCA,DFW,DCA-DFW,12,4,0,10,219.0,1192.0,189.0,219.0,210.64148737867765,-8.358512621322348,-21.641487378677652,21.641487378677652
DFW,DCA,DFW-DCA,12,4,0,17,164.0,1192.0,154.0,164.0,166.26739825374398,2.267398253743977,-12.267398253743977,12.267398253743977
MIA,ORF,MIA-ORF,12,4,0,22,141.0,802.0,131.0,141.0,132.3081426766909,-8.691857323309108,-1.308142676690892,1.308142676690892
BOS,DCA,BOS-DCA,12,4,0,15,99.0,399.0,81.0,99.0,98.43342322545999,-0.5665767745400103,-17.43342322545999,17.43342322545999
RIC,DFW,RIC-DFW,12,4,0,6,218.0,1158.0,205.0,218.0,215.12501396851755,-2.8749860314824502,-10.12501396851755,10.12501396851755
DCA,DFW,DCA-DFW,12,4,0,8,227.0,1192.0,189.0,227.0,214.69715285128308,-12.302847148716921,-25.69715285128308,25.69715285128308
MCO,DCA,MCO-DCA,12,4,0,19,129.0,759.0,132.0,129.0,129.1487845511194,0.14878455111940525,2.8512154488805947,2.8512154488805947
CLT,RIC,CLT-RIC,12,4,0,18,72.0,257.0,67.0,72.0,69.82387327090126,-2.1761267290987405,-2.8238732709012595,2.8238732709012595
RIC,CLT,RIC-CLT,12,4,0,9,83.0,257.0,77.0,83.0,76.5827067703458,-6.417293229654206,0.4172932296542058,0.4172932296542058
DFW,ORF,DFW-ORF,12,4,0,10,184.0,1212.0,165.0,184.0,171.95204921881245,-12.047950781187552,-6.952049218812448,6.952049218812448
DFW,DCA,DFW-DCA,12,4,0,14,167.0,1192.0,157.0,167.0,164.8987469815041,-2.101253018495896,-7.898746981504104,7.898746981504104
CLT,RIC,CLT-RIC,12,4,0,14,72.0,257.0,88.0,72.0,67.85198619932487,-4.14801380067513,20.14801380067513,20.14801380067513
DCA,MIA,DCA-MIA,12,4,0,11,175.0,919.0,153.0,175.0,163.54949751194468,-11.45050248805532,-10.54949751194468,10.54949751194468
RIC,MIA,RIC-MIA,12,4,0,6,157.0,826.0,126.0,157.0,149.6053042225948,-7.39469577740519,-23.60530422259481,23.60530422259481
MIA,DCA,MIA-DCA,12,4,0,8,150.0,919.0,165.0,150.0,148.30409678913418,-1.695903210865822,16.695903210865822,16.695903210865822
DCA,MCO,DCA-MCO,12,4,0,11,154.0,759.0,142.0,154.0,147.92228763442998,-6.077712365570022,-5.922287634429978,5.922287634429978
MCO,DCA,MCO-DCA,12,4,0,15,130.0,759.0,132.0,130.0,130.87280741186524,0.8728074118652387,1.1271925881347613,1.1271925881347613
DFW,DCA,DFW-DCA,12,4,0,16,164.0,1192.0,162.0,164.0,166.0155490008447,2.015549000844686,-4.015549000844686,4.015549000844686
MIA,DCA,MIA-DCA,12,4,0,9,165.0,919.0,161.0,165.0,157.6331858015204,-7.366814198479602,3.3668141984796023,3.3668141984796023
DCA,ORD,DCA-ORD,12,4,0,15,142.0,612.0,135.0,142.0,136.5005564341722,-5.499443565827789,-1.5005564341722106,1.5005564341722106
DCA,CLT,DCA-CLT,12,4,0,10,98.0,331.0,78.0,98.0,89.88373904560703,-8.11626095439297,-11.88373904560703,11.88373904560703
CLT,DCA,CLT-DCA,12,4,0,16,80.0,331.0,77.0,80.0,90.39823962363403,10.398239623634026,-13.398239623634026,13.398239623634026
CLT,RIC,CLT-RIC,12,4,0,11,81.0,257.0,65.0,81.0,74.4187887253178,-6.581211274682204,-9.418788725317796,9.418788725317796
RIC,CLT,RIC-CLT,12,4,0,13,81.0,257.0,67.0,81.0,75.34931434509501,-5.65068565490499,-8.34931434509501,8.34931434509501
DCA,DFW,DCA-DFW,12,4,0,18,216.0,1192.0,214.0,216.0,212.42780720122917,-3.5721927987708284,1.5721927987708284,1.5721927987708284
DFW,DCA,DFW-DCA,12,4,0,12,173.0,1192.0,175.0,173.0,168.42425568258463,-4.575744317415371,6.575744317415371,6.575744317415371
DCA,MCO,DCA-MCO,12,4,0,17,156.0,759.0,135.0,156.0,152.14235017125282,-3.857649828747185,-17.142350171252815,17.142350171252815
CLT,DCA,CLT-DCA,12,5,0,19,78.0,331.0,78.0,78.0,83.72579068048185,5.72579068048185,-5.72579068048185,5.72579068048185
DCA,PBI,DCA-PBI,12,5,0,15,162.0,857.0,138.0,162.0,153.0630791098995,-8.93692089010051,-15.06307910989949,15.06307910989949
PBI,DCA,PBI-DCA,12,5,0,18,142.0,857.0,143.0,142.0,140.25407816327544,-1.7459218367245626,2.7459218367245626,2.7459218367245626
DCA,TPA,DCA-TPA,12,5,0,8,157.0,814.0,168.0,157.0,149.20456586685157,-7.795434133148433,18.795434133148433,18.795434133148433
TPA,DCA,TPA-DCA,12,5,0,11,132.0,814.0,127.0,132.0,129.72149672070955,-2.2785032792904474,-2.7214967207095526,2.7214967207095526
DCA,CLT,DCA-CLT,12,5,0,17,96.0,331.0,82.0,96.0,89.86208464199767,-6.137915358002331,-7.862084641997669,7.862084641997669
DCA,FLL,DCA-FLL,12,5,0,10,172.0,899.0,143.0,172.0,158.9390930473869,-13.060906952613095,-15.939093047386905,15.939093047386905
FLL,DCA,FLL-DCA,12,5,0,13,153.0,899.0,151.0,153.0,147.8669940246098,-5.133005975390205,3.133005975390205,3.133005975390205
CLT,RIC,CLT-RIC,12,5,0,11,80.0,257.0,60.0,80.0,74.32712496283003,-5.672875037169973,-14.327124962830027,14.327124962830027
RIC,CLT,RIC-CLT,12,5,0,13,81.0,257.0,72.0,81.0,75.25765058260724,-5.742349417392759,-3.2576505826072406,3.2576505826072406
DFW,RIC,DFW-RIC,12,5,0,18,164.0,1158.0,157.0,164.0,163.84868739913514,-0.15131260086485554,-6.8486873991351445,6.8486873991351445
DFW,IAD,DFW-IAD,12,5,0,13,168.0,1172.0,154.0,168.0,163.69796401648236,-4.302035983517641,-9.69796401648236,9.69796401648236
IAD,DFW,IAD-DFW,12,5,0,18,235.0,1172.0,192.0,235.0,210.4638070683578,-24.536192931642205,-18.463807068357795,18.463807068357795
DCA,MIA,DCA-MIA,12,5,0,19,180.0,919.0,134.0,180.0,167.49610810784023,-12.503891892159771,-33.49610810784023,33.49610810784023
MIA,DCA,MIA-DCA,12,5,0,15,151.0,919.0,155.0,151.0,149.7212968678592,-1.278703132140805,5.278703132140805,5.278703132140805
LAX,DCA,LAX-DCA,12,5,0,12,290.0,2311.0,300.0,290.0,282.36206188477064,-7.63793811522936,17.63793811522936,17.63793811522936
DCA,MCO,DCA-MCO,12,5,0,6,150.0,759.0,131.0,150.0,146.31569178200962,-3.6843082179903774,-15.315691782009623,15.315691782009623
MIA,DCA,MIA-DCA,12,5,0,21,156.0,919.0,163.0,156.0,151.7509455138749,-4.24905448612509,11.24905448612509,11.24905448612509
DFW,IAD,DFW-IAD,12,5,0,18,167.0,1172.0,166.0,167.0,165.04146239354935,-1.9585376064506477,0.9585376064506477,0.9585376064506477
MCO,DCA,MCO-DCA,12,5,0,21,126.0,759.0,129.0,126.0,120.87423699526063,-5.125763004739369,8.125763004739369,8.125763004739369
DCA,MIA,DCA-MIA,12,5,0,5,170.0,919.0,143.0,170.0,159.59450096849247,-10.405499031507532,-16.59450096849247,16.59450096849247
IAD,DFW,IAD-DFW,12,5,0,6,221.0,1172.0,218.0,221.0,203.9942266042306,-17.00577339576941,14.00577339576941,14.00577339576941
MIA,DCA,MIA-DCA,12,5,0,22,164.0,919.0,175.0,164.0,157.86636814232696,-6.133631857673038,17.133631857673038,17.133631857673038
DCA,MIA,DCA-MIA,12,5,0,6,175.0,919.0,163.0,175.0,163.86020304458881,-11.139796955411185,-0.8602030445888147,0.8602030445888147
CLT,RIC,CLT-RIC,12,5,0,7,71.0,257.0,60.0,71.0,67.54887126469673,-3.4511287353032714,-7.548871264696729,7.548871264696729
RIC,CLT,RIC-CLT,12,5,0,9,83.0,257.0,85.0,83.0,76.49104300785802,-6.508956992141975,8.508956992141975,8.508956992141975
DCA,MIA,DCA-MIA,12,5,0,19,177.0,919.0,136.0,177.0,164.06446487840103,-12.935535121598974,-28.064464878401026,28.064464878401026
DFW,DCA,DFW-DCA,12,5,0,17,164.0,1192.0,159.0,164.0,166.17573449125624,2.175734491256236,-7.175734491256236,7.175734491256236
DFW,ORF,DFW-ORF,12,5,0,18,176.0,1212.0,176.0,176.0,170.52796415673868,-5.472035843261324,5.472035843261324,5.472035843261324
DCA,LAX,DCA-LAX,12,5,0,16,352.0,2311.0,349.0,352.0,344.83525900505737,-7.164740994942633,4.164740994942633,4.164740994942633
PHX,DCA,PHX-DCA,12,5,0,9,254.0,1979.0,239.0,254.0,246.84631711538438,-7.15368288461562,-7.84631711538438,7.84631711538438
DFW,DCA,DFW-DCA,12,5,0,19,170.0,1192.0,176.0,170.0,167.94829131285627,-2.05170868714373,8.05170868714373,8.05170868714373
DCA,DFW,DCA-DFW,12,5,0,6,224.0,1192.0,207.0,224.0,214.45355301762456,-9.546446982375443,-7.453553017624557,7.453553017624557
LAX,DCA,LAX-DCA,12,5,0,8,291.0,2311.0,296.0,291.0,283.14797259737543,-7.8520274026245716,12.852027402624572,12.852027402624572
DCA,PHX,DCA-PHX,12,5,0,17,307.0,1979.0,306.0,307.0,296.59803735981103,-10.40196264018897,9.40196264018897,9.40196264018897
DCA,PHX,DCA-PHX,12,5,0,10,309.0,1979.0,292.0,309.0,294.4123335577225,-14.58766644227751,-2.4123335577224907,2.4123335577224907
PHX,DCA,PHX-DCA,12,5,0,13,249.0,1979.0,235.0,249.0,243.42279693923,-5.577203060769989,-8.422796939230011,8.422796939230011
LAS,DCA,LAS-DCA,12,5,0,13,267.0,2089.0,236.0,267.0,255.16766420550124,-11.83233579449876,-19.16766420550124,19.16766420550124
DCA,LAS,DCA-LAS,12,5,0,7,324.0,2089.0,312.0,324.0,312.6311230597572,-11.368876940242785,-0.6311230597572148,0.6311230597572148
DCA,PHX,DCA-PHX,12,5,0,7,318.0,1979.0,315.0,318.0,307.19026740815565,-10.809732591844352,7.809732591844352,7.809732591844352
RIC,DFW,RIC-DFW,12,5,0,6,218.0,1158.0,207.0,218.0,215.0333502060298,-2.9666497939701912,-8.033350206029809,8.033350206029809
CLT,DCA,CLT-DCA,12,5,0,20,85.0,331.0,75.0,85.0,91.30875920497155,6.308759204971551,-16.30875920497155,16.30875920497155
CLT,ORF,CLT-ORF,12,5,0,7,70.0,290.0,60.0,70.0,67.47615441490092,-2.5238455850990817,-7.476154414900918,7.476154414900918
ORF,CLT,ORF-CLT,12,5,0,9,86.0,290.0,80.0,86.0,78.9141735284857,-7.085826471514295,1.0858264715142951,1.0858264715142951
CLT,RIC,CLT-RIC,12,5,0,15,68.0,257.0,74.0,68.0,66.43162305012278,-1.5683769498772193,7.568376949877219,7.568376949877219
RIC,CLT,RIC-CLT,12,5,0,17,87.0,257.0,83.0,87.0,79.58272230244873,-7.41727769755127,3.4172776975512704,3.4172776975512704
DCA,CLT,DCA-CLT,12,5,0,8,104.0,331.0,101.0,104.0,93.52671484980007,-10.473285150199928,7.473285150199928,7.473285150199928
DCA,CLT,DCA-CLT,12,5,0,19,97.0,331.0,77.0,97.0,89.36478544206572,-7.635214557934276,-12.364785442065724,12.364785442065724
CLT,DCA,CLT-DCA,12,5,0,9,88.0,331.0,73.0,88.0,91.90975133612704,3.9097513361270444,-18.909751336127044,18.909751336127044
DCA,ORD,DCA-ORD,12,5,0,11,139.0,612.0,122.0,139.0,133.0529267949883,-5.947073205011691,-11.05292679498831,11.05292679498831
ORD,DCA,ORD-DCA,12,5,0,16,110.0,612.0,111.0,110.0,110.35454029607767,0.3545402960776727,0.6454597039223273,0.6454597039223273
MIA,RIC,MIA-RIC,12,5,0,16,144.0,826.0,156.0,144.0,139.24465646457483,-4.755343535425169,16.75534353542517,16.75534353542517
RIC,MIA,RIC-MIA,12,5,0,19,154.0,826.0,130.0,154.0,148.4453230119119,-5.55467698808809,-18.44532301191191,18.44532301191191
DCA,BOS,DCA-BOS,12,5,0,6,92.0,399.0,82.0,92.0,92.93518498163407,0.935184981634066,-10.935184981634066,10.935184981634066
DCA,BOS,DCA-BOS,12,5,0,11,91.0,399.0,110.0,91.0,94.92975192893796,3.9297519289379608,15.07024807106204,15.07024807106204
BOS,DCA,BOS-DCA,12,5,0,9,101.0,399.0,83.0,101.0,98.61349143450192,-2.386508565498076,-15.613491434501924,15.613491434501924
DCA,ORD,DCA-ORD,12,5,0,7,145.0,612.0,147.0,145.0,139.31037283799338,-5.689627162006616,7.689627162006616,7.689627162006616
ORD,DCA,ORD-DCA,12,5,0,21,115.0,612.0,95.0,115.0,109.09437279746236,-5.905627202537644,-14.094372797462356,14.094372797462356
DCA,RSW,DCA-RSW,12,5,0,15,162.0,892.0,177.0,162.0,154.86308031094666,-7.136919689053343,22.136919689053343,22.136919689053343
RSW,DCA,RSW-DCA,12,5,0,18,138.0,892.0,170.0,138.0,139.32123870072408,1.3212387007240807,30.67876129927592,30.67876129927592
ORD,DCA,ORD-DCA,12,5,0,11,108.0,612.0,111.0,108.0,110.3630587507268,2.3630587507267933,0.6369412492732067,0.6369412492732067
RDU,DCA,RDU-DCA,12,5,0,6,67.0,227.0,73.0,67.0,67.88010752730074,0.880107527300737,5.119892472699263,5.119892472699263
DCA,VPS,DCA-VPS,12,5,0,8,165.0,789.0,170.0,165.0,155.33488163543586,-9.665118364564137,14.665118364564137,14.665118364564137
VPS,DCA,VPS-DCA,12,5,0,10,127.0,789.0,134.0,127.0,125.98645478116799,-1.0135452188320073,8.013545218832007,8.013545218832007
DCA,JAX,DCA-JAX,12,5,0,20,127.0,634.0,106.0,127.0,124.546926327995,-2.4530736720050044,-18.546926327994996,18.546926327994996
DCA,PWM,DCA-PWM,12,5,0,15,99.0,482.0,91.0,99.0,96.16812129704682,-2.8318787029531762,-5.168121297046824,5.168121297046824
PWM,DCA,PWM-DCA,12,5,0,17,114.0,482.0,115.0,114.0,106.60422283857608,-7.395777161423922,8.395777161423922,8.395777161423922
DCA,CLT,DCA-CLT,12,5,0,6,95.0,331.0,90.0,95.0,88.35107412009611,-6.648925879903885,1.648925879903885,1.648925879903885
BOS,DCA,BOS-DCA,12,5,0,17,102.0,399.0,96.0,102.0,100.90682419914121,-1.0931758008587877,-4.906824199141212,4.906824199141212
DCA,BOS,DCA-BOS,12,5,0,14,89.0,399.0,81.0,89.0,92.18625507625852,3.1862550762585187,-11.186255076258519,11.186255076258519
DCA,PBI,DCA-PBI,12,5,0,7,158.0,857.0,142.0,158.0,149.31771713370634,-8.682282866293662,-7.3177171337063385,7.3177171337063385
PBI,DCA,PBI-DCA,12,5,0,11,142.0,857.0,137.0,142.0,137.90708270837976,-4.092917291620239,-0.907082708379761,0.907082708379761
DCA,ORD,DCA-ORD,12,5,0,19,144.0,612.0,135.0,144.0,137.16268855920075,-6.837311440799255,-2.1626885592007454,2.1626885592007454
DCA,SRQ,DCA-SRQ,12,5,0,9,158.0,851.0,168.0,158.0,149.9901937522625,-8.009806247737487,18.009806247737487,18.009806247737487
SRQ,DCA,SRQ-DCA,12,5,0,13,144.0,851.0,139.0,144.0,138.84276480820552,-5.157235191794484,0.1572351917944843,0.1572351917944843
DCA,BOS,DCA-BOS,12,5,0,16,92.0,399.0,82.0,92.0,96.23900068541606,4.239000685416059,-14.239000685416059,14.239000685416059
JAX,DCA,JAX-DCA,12,5,0,7,110.0,634.0,125.0,110.0,110.69611342588875,0.696113425888754,14.303886574111246,14.303886574111246
BOS,DCA,BOS-DCA,12,5,0,19,102.0,399.0,90.0,102.0,100.35984051731147,-1.6401594826885315,-10.359840517311468,10.359840517311468
MIA,DCA,MIA-DCA,12,5,0,18,161.0,919.0,145.0,161.0,155.08205283051979,-5.917947169480215,-10.082052830519785,10.082052830519785
DCA,JAX,DCA-JAX,12,5,0,15,130.0,634.0,132.0,130.0,128.7198314001047,-1.2801685998952905,3.2801685998952905,3.2801685998952905
JAX,DCA,JAX-DCA,12,5,0,19,112.0,634.0,115.0,112.0,113.42669304733869,1.4266930473386878,1.5733069526613122,1.5733069526613122
DCA,BOS,DCA-BOS,12,5,0,18,90.0,399.0,81.0,90.0,93.92656618512883,3.9265661851288343,-12.926566185128834,12.926566185128834
BOS,DCA,BOS-DCA,12,5,0,15,99.0,399.0,94.0,99.0,98.34175946297222,-0.6582405370277797,-4.34175946297222,4.34175946297222
CLT,DCA,CLT-DCA,12,5,0,8,78.0,331.0,73.0,78.0,87.0696939248231,9.069693924823099,-14.069693924823099,14.069693924823099
DCA,PBI,DCA-PBI,12,5,0,17,162.0,857.0,128.0,162.0,153.31492836279878,-8.685071637201219,-25.31492836279878,25.31492836279878
PBI,DCA,PBI-DCA,12,5,0,20,142.0,857.0,139.0,142.0,138.47394571830958,-3.5260542816904206,0.5260542816904206,0.5260542816904206
DCA,RSW,DCA-RSW,12,5,0,10,168.0,892.0,184.0,168.0,156.76865292436875,-11.231347075631248,27.23134707563125,27.23134707563125
RSW,DCA,RSW-DCA,12,5,0,13,143.0,892.0,156.0,143.0,139.64866586916867,-3.351334130831333,16.351334130831333,16.351334130831333
BOS,DCA,BOS-DCA,12,5,0,8,104.0,399.0,104.0,104.0,99.76280071364617,-4.237199286353828,4.237199286353828,4.237199286353828
DCA,PBI,DCA-PBI,12,5,0,10,157.0,857.0,129.0,157.0,148.21035076649775,-8.789649233502246,-19.210350766497754,19.210350766497754
PBI,DCA,PBI-DCA,12,5,0,13,141.0,857.0,147.0,141.0,137.88936104589837,-3.1106389541016313,9.110638954101631,9.110638954101631
DCA,FLL,DCA-FLL,12,5,0,17,168.0,899.0,149.0,168.0,158.50944508109788,-9.49055491890212,-9.50944508109788,9.50944508109788
FLL,DCA,FLL-DCA,12,5,0,20,148.0,899.0,152.0,148.0,146.00739290555413,-1.992607094445873,5.992607094445873,5.992607094445873
DCA,RDU,DCA-RDU,12,5,0,20,71.0,227.0,57.0,71.0,71.00885088100507,0.00885088100507403,-14.008850881005074,14.008850881005074
DCA,MSY,DCA-MSY,12,5,0,7,170.0,969.0,155.0,170.0,161.4410075032195,-8.55899249678049,-6.4410075032195095,6.4410075032195095
MSY,DCA,MSY-DCA,12,5,0,10,145.0,969.0,140.0,145.0,144.15655334471182,-0.8434466552881759,-4.156553344711824,4.156553344711824
DCA,FLL,DCA-FLL,12,5,0,14,159.0,899.0,155.0,159.0,151.71554228364937,-7.28445771635063,3.28445771635063,3.28445771635063
FLL,DCA,FLL-DCA,12,5,0,17,147.0,899.0,161.0,147.0,145.18984394110248,-1.810156058897519,15.810156058897519,15.810156058897519
CLT,DCA,CLT-DCA,12,5,0,22,78.0,331.0,77.0,78.0,73.44144790641658,-4.558552093583415,3.5585520935834154,3.5585520935834154
DCA,TPA,DCA-TPA,12,5,0,13,155.0,814.0,161.0,155.0,147.35617001599476,-7.643829984005237,13.643829984005237,13.643829984005237
TPA,DCA,TPA-DCA,12,5,0,17,131.0,814.0,147.0,131.0,131.99787370118912,0.9978737011891212,15.002126298810879,15.002126298810879
DCA,BNA,DCA-BNA,12,5,0,20,122.0,562.0,113.0,122.0,115.07935269618392,-6.920647303816082,-2.0793526961839177,2.0793526961839177
DCA,RSW,DCA-RSW,12,5,0,6,164.0,892.0,149.0,164.0,155.28896581847232,-8.71103418152768,-6.28896581847232,6.28896581847232
RSW,DCA,RSW-DCA,12,5,0,10,142.0,892.0,145.0,142.0,138.03996369174718,-3.9600363082528247,6.960036308252825,6.960036308252825
DFW,ORF,DFW-ORF,12,5,0,10,184.0,1212.0,163.0,184.0,171.8603854563247,-12.139614543675293,-8.860385456324707,8.860385456324707
ORF,DFW,ORF-DFW,12,5,0,15,224.0,1212.0,213.0,224.0,216.7446295087465,-7.255370491253501,-3.744629508746499,3.744629508746499
MIA,ORF,MIA-ORF,12,5,0,22,141.0,802.0,160.0,141.0,132.21647891420315,-8.783521085796849,27.78352108579685,27.78352108579685
DFW,RIC,DFW-RIC,12,5,0,14,165.0,1158.0,153.0,165.0,162.53321956653613,-2.4667804334638674,-9.533219566536133,9.533219566536133
RIC,DFW,RIC-DFW,12,5,0,19,211.0,1158.0,198.0,211.0,214.62371870137312,3.6237187013731216,-16.62371870137312,16.62371870137312
MIA,DCA,MIA-DCA,12,5,0,14,154.0,919.0,163.0,154.0,150.15021456441056,-3.849785435589439,12.849785435589439,12.849785435589439
DCA,DFW,DCA-DFW,12,5,0,17,219.0,1192.0,212.0,219.0,213.00703536479358,-5.99296463520642,-1.0070353647935804,1.0070353647935804
MIA,DCA,MIA-DCA,12,5,0,8,150.0,919.0,144.0,150.0,148.21243302664644,-1.787566973353563,-4.212433026646437,4.212433026646437
DCA,MCO,DCA-MCO,12,5,0,11,154.0,759.0,147.0,154.0,147.83062387194224,-6.169376128057763,-0.8306238719422367,0.8306238719422367
RIC,CLT,RIC-CLT,12,5,0,5,75.0,257.0,63.0,75.0,66.93403295714575,-8.065967042854254,-3.934032957145746,3.934032957145746
MIA,DCA,MIA-DCA,12,5,0,17,156.0,919.0,170.0,156.0,154.01508208670566,-1.984917913294339,15.984917913294339,15.984917913294339
DCA,DFW,DCA-DFW,12,5,0,14,223.0,1192.0,205.0,223.0,213.92494376104816,-9.075056238951845,-8.924943761048155,8.924943761048155
DCA,MCO,DCA-MCO,12,5,0,8,160.0,759.0,142.0,160.0,152.43476209995396,-7.565237900046043,-10.434762099953957,10.434762099953957
MCO,DCA,MCO-DCA,12,5,0,11,128.0,759.0,134.0,128.0,126.57547437845615,-1.4245256215438502,7.42452562154385,7.42452562154385
ORF,MIA,ORF-MIA,12,5,0,5,150.0,802.0,123.0,150.0,142.03864466556482,-7.961355334435183,-19.038644665564817,19.038644665564817
CLT,RIC,CLT-RIC,12,5,0,18,72.0,257.0,123.0,72.0,69.73220950841349,-2.26779049158651,53.26779049158651,53.26779049158651
RIC,CLT,RIC-CLT,12,5,0,20,88.0,257.0,60.0,88.0,78.68451762958142,-9.315482370418579,-18.68451762958142,18.68451762958142
DCA,CLT,DCA-CLT,12,5,0,5,93.0,331.0,77.0,93.0,83.54067956871894,-9.459320431281057,-6.540679568718943,6.540679568718943
DCA,BOS,DCA-BOS,12,5,0,20,90.0,399.0,78.0,90.0,92.76647798762659,2.766477987626587,-14.766477987626587,14.766477987626587
DFW,DCA,DFW-DCA,12,5,0,16,164.0,1192.0,160.0,164.0,165.92388523835695,1.9238852383569451,-5.923885238356945,5.923885238356945
MCO,DCA,MCO-DCA,12,5,0,19,129.0,759.0,140.0,129.0,129.05712078863166,0.057120788631664254,10.942879211368336,10.942879211368336
DFW,DCA,DFW-DCA,12,5,0,12,173.0,1192.0,157.0,173.0,168.3325919200969,-4.667408079903112,-11.332591920096888,11.332591920096888
DCA,MCO,DCA-MCO,12,5,0,17,156.0,759.0,162.0,156.0,152.05068640876507,-3.949313591234926,9.949313591234926,9.949313591234926
MIA,DCA,MIA-DCA,12,5,0,6,148.0,919.0,171.0,148.0,147.85554931094842,-0.1444506890515811,23.14445068905158,23.14445068905158
DCA,TPA,DCA-TPA,12,5,0,18,154.0,814.0,127.0,154.0,148.53129602931534,-5.468703970684658,-21.531296029315342,21.531296029315342
DCA,TPA,DCA-TPA,12,5,0,10,164.0,814.0,130.0,164.0,154.46386783540527,-9.536132164594733,-24.463867835405267,24.463867835405267
TPA,DCA,TPA-DCA,12,5,0,13,131.0,814.0,138.0,131.0,130.6571788205353,-0.3428211794646927,7.342821179464693,7.342821179464693
DCA,MIA,DCA-MIA,12,5,0,8,185.0,919.0,178.0,185.0,167.70459253559267,-17.295407464407333,10.295407464407333,10.295407464407333
DCA,MIA,DCA-MIA,12,5,0,18,175.0,919.0,146.0,175.0,165.85872428611182,-9.141275713888177,-19.858724286111823,19.858724286111823
DFW,DCA,DFW-DCA,12,5,0,14,167.0,1192.0,155.0,167.0,164.80708321901636,-2.192916780983637,-9.807083219016363,9.807083219016363
CLT,RIC,CLT-RIC,12,5,0,20,80.0,257.0,68.0,80.0,75.98155927472592,-4.0184407252740755,-7.9815592747259245,7.9815592747259245
TPA,DCA,TPA-DCA,12,5,0,19,134.0,814.0,137.0,134.0,132.05599427679726,-1.9440057232027357,4.944005723202736,4.944005723202736
DCA,MCO,DCA-MCO,12,5,0,15,151.0,759.0,160.0,151.0,147.5498460055205,-3.450153994479507,12.450153994479507,12.450153994479507
MIA,DCA,MIA-DCA,12,5,0,11,160.0,919.0,152.0,160.0,152.63300653133177,-7.366993468668227,-0.6330065313317732,0.6330065313317732
MCO,DCA,MCO-DCA,12,5,0,15,130.0,759.0,141.0,130.0,130.7811436493775,0.7811436493774977,10.218856350622502,10.218856350622502
DCA,MIA,DCA-MIA,12,5,0,9,174.0,919.0,179.0,174.0,162.97880731140376,-11.021192688596244,16.021192688596244,16.021192688596244
BOS,DCA,BOS-DCA,12,5,0,7,107.0,399.0,99.0,107.0,102.29678977380436,-4.703210226195637,-3.296789773804363,3.296789773804363
CLT,RIC,CLT-RIC,12,5,0,23,80.0,257.0,65.0,80.0,73.28464158789747,-6.715358412102532,-8.284641587897468,8.284641587897468
RIC,CLT,RIC-CLT,12,5,0,6,88.0,257.0,73.0,88.0,77.31658525651436,-10.683414743485642,-4.316585256514358,4.316585256514358
DCA,MIA,DCA-MIA,12,5,0,14,175.0,919.0,150.0,175.0,164.53822877640508,-10.461771223594923,-14.538228776405077,14.538228776405077
DFW,DCA,DFW-DCA,12,5,0,9,174.0,1192.0,156.0,174.0,168.73021056626345,-5.269789433736548,-12.730210566263452,12.730210566263452
DFW,ORF,DFW-ORF,12,5,0,14,169.0,1212.0,155.0,169.0,163.41440426911566,-5.585595730884336,-8.414404269115664,8.414404269115664
ORF,DFW,ORF-DFW,12,5,0,19,218.0,1212.0,205.0,218.0,213.93853759588507,-4.061462404114934,-8.938537595885066,8.938537595885066
ORF,DFW,ORF-DFW,12,5,0,6,225.0,1212.0,237.0,225.0,215.9922198870624,-9.00778011293761,21.00778011293761,21.00778011293761
DCA,MIA,DCA-MIA,12,5,0,7,180.0,919.0,160.0,180.0,166.2393317282246,-13.760668271775387,-6.239331728224613,6.239331728224613
DFW,DCA,DFW-DCA,12,5,0,7,169.0,1192.0,161.0,169.0,164.5853442995705,-4.414655700429506,-3.585344299570494,3.585344299570494
DCA,DFW,DCA-DFW,12,5,0,11,216.0,1192.0,188.0,216.0,210.40863926639,-5.591360733610003,-22.408639266389997,22.408639266389997
RIC,MIA,RIC-MIA,12,5,0,5,157.0,826.0,137.0,157.0,147.84755634673675,-9.152443653263248,-10.847556346736752,10.847556346736752
MIA,RIC,MIA-RIC,12,5,0,21,149.0,826.0,154.0,149.0,143.8341934284251,-5.165806571574905,10.165806571574905,10.165806571574905
DFW,RIC,DFW-RIC,12,5,0,10,181.0,1158.0,154.0,181.0,169.59415073872367,-11.40584926127633,-15.59415073872367,15.59415073872367
RIC,DFW,RIC-DFW,12,5,0,15,214.0,1158.0,205.0,214.0,214.91885313030355,0.9188531303035461,-9.918853130303546,9.918853130303546
DCA,DFW,DCA-DFW,12,5,0,8,227.0,1192.0,208.0,227.0,214.60548908879534,-12.394510911204662,-6.605489088795338,6.605489088795338
CLT,DCA,CLT-DCA,12,5,0,16,80.0,331.0,75.0,80.0,90.30657586114626,10.306575861146257,-15.306575861146257,15.306575861146257
DCA,DFW,DCA-DFW,12,5,0,18,216.0,1192.0,196.0,216.0,212.33614343874143,-3.6638565612585694,-16.33614343874143,16.33614343874143
DCA,DFW,DCA-DFW,12,5,0,7,219.0,1192.0,243.0,219.0,212.20176710577178,-6.798232894228221,30.79823289422822,30.79823289422822
DCA,MIA,DCA-MIA,12,5,0,17,184.0,919.0,159.0,184.0,169.35641652586722,-14.643583474132782,-10.356416525867218,10.356416525867218
ORD,DCA,ORD-DCA,12,5,0,13,111.0,612.0,113.0,111.0,114.06103014778823,3.0610301477882302,-1.0610301477882302,1.0610301477882302
MIA,DCA,MIA-DCA,12,5,0,9,165.0,919.0,171.0,165.0,157.54152203903266,-7.458477960967343,13.458477960967343,13.458477960967343
DCA,CLT,DCA-CLT,12,5,0,13,90.0,331.0,83.0,90.0,85.12713672551935,-4.87286327448065,-2.1271367255193496,2.1271367255193496
DFW,DCA,DFW-DCA,12,5,0,5,168.0,1192.0,155.0,168.0,164.3769438458183,-3.623056154181711,-9.376943845818289,9.376943845818289
DCA,DFW,DCA-DFW,12,5,0,10,219.0,1192.0,209.0,219.0,210.5498236161899,-8.450176383810089,-1.5498236161899115,1.5498236161899115
CLT,DCA,CLT-DCA,12,5,0,13,79.0,331.0,86.0,79.0,89.06135531321543,10.06135531321543,-3.0613553132154294,3.0613553132154294
DCA,ORD,DCA-ORD,12,5,0,15,142.0,612.0,128.0,142.0,136.40889267168447,-5.59110732831553,-8.40889267168447,8.40889267168447
DCA,DFW,DCA-DFW,12,5,0,13,219.0,1192.0,195.0,219.0,211.69644588268812,-7.303554117311876,-16.696445882688124,16.696445882688124
DFW,DCA,DFW-DCA,12,5,0,8,173.0,1192.0,169.0,173.0,168.2831521607459,-4.716847839254086,0.7168478392540862,0.7168478392540862
MCO,DCA,MCO-DCA,12,5,0,7,139.0,759.0,130.0,139.0,136.04970712184368,-2.9502928781563185,-6.0497071218436815,6.0497071218436815
DCA,CLT,DCA-CLT,12,5,0,10,98.0,331.0,75.0,98.0,89.79207528311926,-8.20792471688074,-14.79207528311926,14.79207528311926
DCA,CLT,DCA-CLT,12,6,1,5,93.0,331.0,82.0,93.0,82.15614049474968,-10.843859505250322,-0.15614049474967828,0.15614049474967828
DCA,CLT,DCA-CLT,12,6,1,8,104.0,331.0,93.0,104.0,91.8897659490811,-12.110234050918905,1.1102340509189048,1.1102340509189048
DCA,CLT,DCA-CLT,12,6,1,19,97.0,331.0,83.0,97.0,87.72783654134675,-9.272163458653253,-4.727836541346747,4.727836541346747
CLT,DCA,CLT-DCA,12,6,1,9,88.0,331.0,68.0,88.0,89.12593025709033,1.1259302570903316,-21.12593025709033,21.12593025709033
DCA,ORD,DCA-ORD,12,6,1,11,139.0,612.0,149.0,139.0,130.94637659065393,-8.053623409346073,18.053623409346073,18.053623409346073
ORD,DCA,ORD-DCA,12,6,1,16,110.0,612.0,108.0,110.0,107.88845535101945,-2.111544648980555,0.11154464898055494,0.11154464898055494
CLT,DCA,CLT-DCA,12,6,1,19,77.0,331.0,89.0,77.0,80.49925141362583,3.499251413625828,8.500748586374172,8.500748586374172
CLT,RIC,CLT-RIC,12,6,1,14,70.0,257.0,64.0,70.0,65.26570527039561,-4.734294729604386,-1.265705270395614,1.265705270395614
RIC,CLT,RIC-CLT,12,6,1,17,87.0,257.0,78.0,87.0,77.1166373573905,-9.883362642609498,0.883362642609498,0.883362642609498
CLT,RIC,CLT-RIC,12,6,1,18,72.0,257.0,63.0,72.0,67.26612456335526,-4.7338754366447375,-4.2661245633552625,4.2661245633552625
RIC,CLT,RIC-CLT,12,6,1,20,88.0,257.0,71.0,88.0,76.2184326845232,-11.781567315476806,-5.218432684523194,5.218432684523194
RIC,DFW,RIC-DFW,12,6,1,6,218.0,1158.0,207.0,218.0,214.67222534195707,-3.3277746580429266,-7.672225341957073,7.672225341957073
DFW,DCA,DFW-DCA,12,6,1,19,171.0,1192.0,164.0,171.0,167.33163777967115,-3.668362220328845,-3.331637779671155,3.331637779671155
DCA,DFW,DCA-DFW,12,6,1,13,219.0,1192.0,186.0,219.0,211.66019229873712,-7.339807701262885,-25.660192298737115,25.660192298737115
DFW,DCA,DFW-DCA,12,6,1,8,173.0,1192.0,172.0,173.0,168.2468985767949,-4.753101423205095,3.753101423205095,3.753101423205095
DCA,DFW,DCA-DFW,12,6,1,6,224.0,1192.0,201.0,224.0,214.41729943367355,-9.582700566326452,-13.417299433673548,13.417299433673548
DCA,MCO,DCA-MCO,12,6,1,6,150.0,759.0,137.0,150.0,144.38861326350298,-5.611386736497025,-7.388613263502975,7.388613263502975
IAD,DFW,IAD-DFW,12,6,1,6,221.0,1172.0,199.0,221.0,203.49544523048667,-17.504554769513334,-4.495445230486666,4.495445230486666
DCA,MIA,DCA-MIA,12,6,1,5,170.0,919.0,147.0,170.0,158.51531964551444,-11.484680354485562,-11.515319645514438,11.515319645514438
DFW,IAD,DFW-IAD,12,6,1,12,188.0,1172.0,164.0,188.0,173.03886009855805,-14.961139901441953,-9.038860098558047,9.038860098558047
IAD,DFW,IAD-DFW,12,6,1,17,237.0,1172.0,194.0,237.0,209.96502569461387,-27.03497430538613,-15.965025694613871,15.965025694613871
DCA,MIA,DCA-MIA,12,6,1,6,175.0,919.0,148.0,175.0,163.3614216708449,-11.63857832915511,-15.36142167084489,15.36142167084489
TPA,DCA,TPA-DCA,12,6,1,18,134.0,814.0,130.0,134.0,130.1368930135687,-3.8631069864312906,-0.13689301356870942,0.13689301356870942
MIA,DCA,MIA-DCA,12,6,1,22,164.0,919.0,155.0,164.0,156.12570221572838,-7.874297784271619,-1.1257022157283814,1.1257022157283814
ORF,DFW,ORF-DFW,12,6,1,6,225.0,1212.0,214.0,225.0,216.543260429916,-8.456739570084011,-2.543260429915989,2.543260429915989
DCA,PHX,DCA-PHX,12,6,1,7,318.0,1979.0,308.0,318.0,306.9255174910811,-11.07448250891889,1.0744825089188907,1.0744825089188907
PHX,DCA,PHX-DCA,12,6,1,0,242.0,1979.0,236.0,242.0,236.18039401905375,-5.81960598094625,-0.1803940190537503,0.1803940190537503
DCA,LAX,DCA-LAX,12,6,1,8,366.0,2311.0,353.0,366.0,349.7992737571861,-16.200726242813914,3.2007262428139143,3.2007262428139143
DCA,LAX,DCA-LAX,12,6,1,16,352.0,2311.0,363.0,352.0,344.5705090879828,-7.429490912017172,18.429490912017172,18.429490912017172
PHX,DCA,PHX-DCA,12,6,1,9,255.0,1979.0,238.0,255.0,246.81006353143337,-8.189936468566628,-8.810063531433372,8.810063531433372
LAX,DCA,LAX-DCA,12,6,1,12,290.0,2311.0,262.0,290.0,282.22254178394223,-7.7774582160577665,-20.222541783942233,20.222541783942233
DCA,PHX,DCA-PHX,12,6,1,10,309.0,1979.0,294.0,309.0,294.14758364064795,-14.852416359352048,-0.1475836406479516,0.1475836406479516
PHX,DCA,PHX-DCA,12,6,1,13,249.0,1979.0,233.0,249.0,243.386543355279,-5.613456644720998,-10.386543355279002,10.386543355279002
DCA,LAS,DCA-LAS,12,6,1,7,324.0,2089.0,310.0,324.0,312.41305881672275,-11.586941183277247,-2.413058816722753,2.413058816722753
LAX,DCA,LAX-DCA,12,6,1,7,295.0,2311.0,271.0,295.0,282.85651642537636,-12.143483574623644,-11.856516425376356,11.856516425376356
DCA,PHX,DCA-PHX,12,6,1,17,307.0,1979.0,302.0,307.0,296.3332874427365,-10.666712557263509,5.666712557263509,5.666712557263509
LAS,DCA,LAS-DCA,12,6,1,13,269.0,2089.0,239.0,269.0,263.8203607051309,-5.179639294869105,-24.820360705130895,24.820360705130895
DCA,PBI,DCA-PBI,12,6,1,14,160.0,857.0,137.0,160.0,148.99974885309885,-11.00025114690115,-11.99974885309885,11.99974885309885
PBI,DCA,PBI-DCA,12,6,1,18,142.0,857.0,138.0,142.0,138.14752795894105,-3.8524720410589453,-0.14752795894105475,0.14752795894105475
DCA,TPA,DCA-TPA,12,6,1,8,157.0,814.0,153.0,157.0,147.27748734834492,-9.72251265165508,5.72251265165508,5.72251265165508
TPA,DCA,TPA-DCA,12,6,1,11,132.0,814.0,137.0,132.0,127.25541177565121,-4.744588224348789,9.744588224348789,9.744588224348789
CLT,ORF,CLT-ORF,12,6,1,7,70.0,290.0,67.0,70.0,65.16337274047059,-4.836627259529408,1.8366272595294078,1.8366272595294078
ORF,CLT,ORF-CLT,12,6,1,9,86.0,290.0,96.0,86.0,77.03538271023216,-8.964617289767844,18.964617289767844,18.964617289767844
DCA,MIA,DCA-MIA,12,6,1,19,180.0,919.0,159.0,180.0,166.9973267340963,-13.002673265903695,-7.997326734096305,7.997326734096305
MIA,DCA,MIA-DCA,12,6,1,15,151.0,919.0,137.0,151.0,147.9806309412606,-3.019369058739386,-10.980630941260614,10.980630941260614
DCA,BNA,DCA-BNA,12,6,1,20,125.0,562.0,120.0,125.0,112.61326775112569,-12.38673224887431,7.38673224887431,7.38673224887431
DCA,MSY,DCA-MSY,12,6,1,7,170.0,969.0,149.0,170.0,160.36182618024148,-9.63817381975852,-11.36182618024148,11.36182618024148
MSY,DCA,MSY-DCA,12,6,1,10,145.0,969.0,140.0,145.0,142.2364157322855,-2.763584267714492,-2.236415732285508,2.236415732285508
DCA,FLL,DCA-FLL,12,6,1,14,162.0,899.0,163.0,162.0,150.9943260760042,-11.0056739239958,12.0056739239958,12.0056739239958
FLL,DCA,FLL-DCA,12,6,1,17,147.0,899.0,155.0,147.0,143.26970632867616,-3.7302936713238353,11.730293671323835,11.730293671323835
CLT,DCA,CLT-DCA,12,6,1,21,77.0,331.0,75.0,77.0,73.13249552521144,-3.8675044747885607,1.8675044747885607,1.8675044747885607
DCA,ORD,DCA-ORD,12,6,1,9,134.0,612.0,127.0,134.0,124.4016555758906,-9.5983444241094,2.598344424109399,2.598344424109399
JAX,DCA,JAX-DCA,12,6,1,6,112.0,634.0,109.0,112.0,110.47255367986313,-1.5274463201368746,-1.4725536798631254,1.4725536798631254
MIA,DCA,MIA-DCA,12,6,1,17,149.0,919.0,155.0,149.0,147.84806086380493,-1.1519391361950682,7.151939136195068,7.151939136195068
DCA,RSW,DCA-RSW,12,6,1,15,162.0,892.0,162.0,162.0,154.5761273859673,-7.423872614032689,7.423872614032689,7.423872614032689
RSW,DCA,RSW-DCA,12,6,1,18,138.0,892.0,170.0,138.0,137.40110108829776,-0.5988989117022356,32.598898911702236,32.598898911702236
ORD,DCA,ORD-DCA,12,6,1,11,108.0,612.0,104.0,108.0,107.89697380566857,-0.10302619433143434,-3.8969738056685657,3.8969738056685657
CLT,DCA,CLT-DCA,12,6,1,8,78.0,331.0,102.0,78.0,84.28587284578639,6.285872845786386,17.714127154213614,17.714127154213614
DCA,PBI,DCA-PBI,12,6,1,10,163.0,857.0,160.0,163.0,148.43378442812352,-14.566215571876484,11.566215571876484,11.566215571876484
PBI,DCA,PBI-DCA,12,6,1,13,141.0,857.0,136.0,141.0,135.782810841564,-5.217189158436014,0.21718915843601394,0.21718915843601394
DCA,FLL,DCA-FLL,12,6,1,17,168.0,899.0,152.0,168.0,157.0512955641442,-10.948704435855802,-5.051295564144198,5.051295564144198
FLL,DCA,FLL-DCA,12,6,1,20,148.0,899.0,181.0,148.0,144.0872552931278,-3.9127447068721892,36.91274470687219,36.91274470687219
RDU,DCA,RDU-DCA,12,6,1,6,67.0,227.0,69.0,67.0,65.55492490800631,-1.4450750919936866,3.4450750919936866,3.4450750919936866
DCA,VPS,DCA-VPS,12,6,1,8,164.0,789.0,133.0,164.0,153.40780311692922,-10.592196883070784,-20.407803116929216,20.407803116929216
VPS,DCA,VPS-DCA,12,6,1,10,127.0,789.0,124.0,127.0,123.52036983610977,-3.479630163890235,0.47963016389023494,0.47963016389023494
DCA,PWM,DCA-PWM,12,6,1,14,97.0,482.0,93.0,97.0,90.54609663738184,-6.453903362618163,2.4539033626181634,2.4539033626181634
PWM,DCA,PWM-DCA,12,6,1,17,114.0,482.0,99.0,114.0,104.13813789351785,-9.86186210648215,-5.13813789351785,5.13813789351785
DCA,ORD,DCA-ORD,12,6,1,19,137.0,612.0,131.0,137.0,133.31739783135185,-3.6826021686481454,-2.3173978313518546,2.3173978313518546
ORD,DCA,ORD-DCA,12,6,1,21,115.0,612.0,115.0,115.0,106.62828785240413,-8.371712147595872,8.371712147595872,8.371712147595872
BOS,DCA,BOS-DCA,12,6,1,17,99.0,399.0,102.0,99.0,96.12752377081337,-2.8724762291866313,5.872476229186631,5.872476229186631
DCA,BOS,DCA-BOS,12,6,1,14,92.0,399.0,93.0,92.0,91.28186799822771,-0.7181320017722896,1.7181320017722896,1.7181320017722896
DCA,PBI,DCA-PBI,12,6,1,7,160.0,857.0,132.0,160.0,148.5217010763787,-11.47829892362131,-16.52170107637869,16.52170107637869
PBI,DCA,PBI-DCA,12,6,1,11,142.0,857.0,134.0,142.0,135.80053250404538,-6.199467495954622,-1.8005325040453783,1.8005325040453783
DCA,JAX,DCA-JAX,12,6,1,20,127.0,634.0,125.0,127.0,122.08084138293677,-4.919158617063232,2.919158617063232,2.919158617063232
DFW,ORF,DFW-ORF,12,6,1,18,176.0,1212.0,176.0,176.0,170.40430323406682,-5.595696765933184,5.595696765933184,5.595696765933184
DCA,DFW,DCA-DFW,12,6,1,8,227.0,1192.0,190.0,227.0,214.56923550484433,-12.430764495155671,-24.56923550484433,24.56923550484433
DCA,CLT,DCA-CLT,12,6,1,6,95.0,331.0,79.0,95.0,86.96653504612685,-8.03346495387315,-7.96653504612685,7.96653504612685
DCA,BOS,DCA-BOS,12,6,1,11,91.0,399.0,81.0,91.0,90.8042788121424,-0.1957211878576004,-9.8042788121424,9.8042788121424
BOS,DCA,BOS-DCA,12,6,1,9,101.0,399.0,123.0,101.0,96.1474064894437,-4.852593510556304,26.852593510556304,26.852593510556304
DCA,JAX,DCA-JAX,12,6,1,15,130.0,634.0,114.0,130.0,126.25374645504607,-3.7462535449539303,-12.25374645504607,12.25374645504607
JAX,DCA,JAX-DCA,12,6,1,18,112.0,634.0,110.0,112.0,111.5075917841102,-0.492408215889796,-1.507591784110204,1.507591784110204
DCA,BOS,DCA-BOS,12,6,1,6,92.0,399.0,125.0,92.0,89.94326421992639,-2.056735780073609,35.05673578007361,35.05673578007361
DCA,RDU,DCA-RDU,12,6,1,20,71.0,227.0,62.0,71.0,68.54276593594685,-2.4572340640531536,-6.542765935946846,6.542765935946846
BOS,DCA,BOS-DCA,12,6,1,19,102.0,399.0,94.0,102.0,97.89375557225324,-4.106244427746759,-3.893755572253241,3.893755572253241
MIA,RIC,MIA-RIC,12,6,1,21,149.0,826.0,138.0,149.0,141.7276432240907,-7.272356775909287,-3.7276432240907127,3.7276432240907127
CLT,RIC,CLT-RIC,12,6,1,11,81.0,257.0,67.0,81.0,71.8610400177718,-9.1389599822282,-4.861040017771799,4.861040017771799
RIC,CLT,RIC-CLT,12,6,1,13,84.0,257.0,65.0,84.0,75.00203888462876,-8.99796111537124,-10.00203888462876,10.00203888462876
DCA,ORD,DCA-ORD,12,6,1,7,145.0,612.0,166.0,145.0,137.203822633659,-7.796177366340999,28.796177366341,28.796177366341
DCA,MIA,DCA-MIA,12,6,1,13,170.0,919.0,160.0,170.0,160.86593265549297,-9.13406734450703,-0.8659326554929692,0.8659326554929692
MIA,RIC,MIA-RIC,12,6,1,16,144.0,826.0,144.0,144.0,137.13810626024045,-6.861893739759552,6.861893739759552,6.861893739759552
RIC,MIA,RIC-MIA,12,6,1,19,154.0,826.0,137.0,154.0,146.51824449340526,-7.481755506594737,-9.518244493405263,9.518244493405263
DCA,RSW,DCA-RSW,12,6,1,7,178.0,892.0,149.0,178.0,161.4022468930521,-16.59775310694789,-12.402246893052109,12.402246893052109
RSW,DCA,RSW-DCA,12,6,1,10,138.0,892.0,145.0,138.0,134.38108555580635,-3.618914444193649,10.61891444419365,10.61891444419365
DCA,SRQ,DCA-SRQ,12,6,1,9,158.0,851.0,159.0,158.0,148.06311523375587,-9.936884766244134,10.936884766244134,10.936884766244134
SRQ,DCA,SRQ-DCA,12,6,1,13,144.0,851.0,153.0,144.0,136.73621460387113,-7.263785396128867,16.263785396128867,16.263785396128867
BNA,DCA,BNA-DCA,12,6,1,6,97.0,562.0,107.0,97.0,97.41336966865383,0.4133696686538286,9.586630331346171,9.586630331346171
DCA,PBI,DCA-PBI,12,6,1,16,159.0,857.0,201.0,159.0,150.11655087243943,-8.883449127560567,50.88344912756057,50.88344912756057
PBI,DCA,PBI-DCA,12,6,1,20,142.0,857.0,139.0,142.0,136.3673955139752,-5.632604486024803,2.6326044860248032,2.6326044860248032
ORF,MIA,ORF-MIA,12,6,1,5,150.0,802.0,138.0,150.0,139.71659658903093,-10.283403410969072,-1.716596589030928,1.716596589030928
DFW,RIC,DFW-RIC,12,6,1,14,165.0,1158.0,156.0,165.0,160.49489082836612,-4.505109171633876,-4.494890828366124,4.494890828366124
RIC,DFW,RIC-DFW,12,6,1,19,211.0,1158.0,198.0,211.0,214.2625938373004,3.262593837300386,-16.262593837300386,16.262593837300386
DFW,IAD,DFW-IAD,12,6,1,18,167.0,1172.0,161.0,167.0,163.30079646695077,-3.6992035330492286,-2.3007964669507714,2.3007964669507714
DFW,ORF,DFW-ORF,12,6,1,14,169.0,1212.0,160.0,169.0,162.33137520323405,-6.668624796765954,-2.331375203234046,2.331375203234046
ORF,DFW,ORF-DFW,12,6,1,19,218.0,1212.0,213.0,218.0,214.48957813873866,-3.510421861261335,-1.4895781387386648,1.4895781387386648
MCO,DCA,MCO-DCA,12,6,1,21,126.0,759.0,141.0,126.0,118.4081520502024,-7.591847949797597,22.591847949797597,22.591847949797597
DCA,DFW,DCA-DFW,12,6,1,7,219.0,1192.0,193.0,219.0,212.16551352182077,-6.83448647817923,-19.16551352182077,19.16551352182077
DFW,ORF,DFW-ORF,12,6,1,10,184.0,1212.0,159.0,184.0,171.73672453365285,-12.263275466347153,-12.736724533652847,12.736724533652847
ORF,DFW,ORF-DFW,12,6,1,15,224.0,1212.0,219.0,224.0,217.2956700516001,-6.704329948399902,1.7043299483999022,1.7043299483999022
DCA,MIA,DCA-MIA,12,6,1,18,175.0,919.0,182.0,175.0,165.3599429123679,-9.640057087632101,16.6400570876321,16.6400570876321
MIA,DCA,MIA-DCA,12,6,1,14,154.0,919.0,154.0,154.0,148.40954863781198,-5.59045136218802,5.59045136218802,5.59045136218802
DCA,BOS,DCA-BOS,12,6,1,20,90.0,399.0,82.0,90.0,88.64100487083103,-1.3589951291689744,-6.641004870831026,6.641004870831026
DFW,DCA,DFW-DCA,12,6,1,16,164.0,1192.0,169.0,164.0,164.64574710155128,0.6457471015512795,4.3542528984487205,4.3542528984487205
CLT,DCA,CLT-DCA,12,6,1,22,83.0,331.0,67.0,83.0,79.38995945825894,-3.610040541741057,-12.389959458258943,12.389959458258943
BOS,DCA,BOS-DCA,12,6,1,6,107.0,399.0,118.0,107.0,99.83070482874614,-7.169295171253864,18.169295171253864,18.169295171253864
DCA,MIA,DCA-MIA,12,6,1,17,184.0,919.0,178.0,184.0,168.8576351521233,-15.142364847876706,9.142364847876706,9.142364847876706
DCA,TPA,DCA-TPA,12,6,1,9,161.0,814.0,151.0,161.0,147.25924053037954,-13.740759469620457,3.740759469620457,3.740759469620457
TPA,DCA,TPA-DCA,12,6,1,13,131.0,814.0,131.0,131.0,128.19109387547704,-2.808906124522963,2.808906124522963,2.808906124522963
DCA,CLT,DCA-CLT,12,6,1,17,96.0,331.0,79.0,96.0,88.22513574127869,-7.774864258721308,-9.225135741278692,9.225135741278692
ORD,DCA,ORD-DCA,12,6,1,6,111.0,612.0,110.0,111.0,111.61523758887455,0.6152375888745496,-1.6152375888745496,1.6152375888745496
DCA,FLL,DCA-FLL,12,6,1,9,167.0,899.0,143.0,167.0,153.80299683780353,-13.197003162196467,-10.802996837803533,10.802996837803533
FLL,DCA,FLL-DCA,12,6,1,13,153.0,899.0,138.0,153.0,146.12632809801121,-6.873671901988786,-8.126328098011214,8.126328098011214
DCA,MIA,DCA-MIA,12,6,1,7,180.0,919.0,146.0,180.0,165.7405503544807,-14.259449645519311,-19.74055035448069,19.74055035448069
MCO,DCA,MCO-DCA,12,6,1,19,130.0,759.0,127.0,130.0,128.0199242753888,-1.980075724611197,-1.019924275388803,1.019924275388803
CLT,RIC,CLT-RIC,12,6,1,20,75.0,257.0,68.0,75.0,67.08715634876593,-7.91284365123407,0.9128436512340699,0.9128436512340699
CLT,DCA,CLT-DCA,12,6,1,13,79.0,331.0,74.0,79.0,86.27753423417872,7.277534234178717,-12.277534234178717,12.277534234178717
DCA,MCO,DCA-MCO,12,6,1,15,151.0,759.0,139.0,151.0,145.62276748701385,-5.377232512986154,-6.622767487013846,6.622767487013846
MCO,DCA,MCO-DCA,12,6,1,7,139.0,759.0,167.0,139.0,133.9431569175093,-5.056843082490701,33.0568430824907,33.0568430824907
DCA,CLT,DCA-CLT,12,6,1,10,98.0,331.0,73.0,98.0,88.15512638240028,-9.844873617599717,-15.155126382400283,15.155126382400283
RIC,MIA,RIC-MIA,12,6,1,5,157.0,826.0,143.0,157.0,145.9204778282301,-11.079522171769895,-2.920477828230105,2.920477828230105
DCA,DFW,DCA-DFW,12,6,1,15,226.0,1192.0,200.0,226.0,214.8867179594885,-11.113282040511507,-14.886717959488493,14.886717959488493
DCA,MCO,DCA-MCO,12,6,1,8,160.0,759.0,160.0,160.0,150.5076835814473,-9.49231641855269,9.49231641855269,9.49231641855269
MCO,DCA,MCO-DCA,12,6,1,11,128.0,759.0,127.0,128.0,124.10938943339792,-3.890610566602078,2.890610566602078,2.890610566602078
DCA,MIA,DCA-MIA,12,6,1,8,185.0,919.0,194.0,185.0,167.20581116184874,-17.794188838151257,26.794188838151257,26.794188838151257
DFW,RIC,DFW-RIC,12,6,1,18,171.0,1158.0,162.0,171.0,165.08094809839326,-5.9190519016067356,-3.0809480983932644,3.0809480983932644
RIC,CLT,RIC-CLT,12,6,1,6,81.0,257.0,74.0,81.0,72.64002706437638,-8.359972935623617,1.3599729356236168,1.3599729356236168
MIA,DCA,MIA-DCA,12,6,1,18,162.0,919.0,146.0,162.0,154.36083662287461,-7.639163377125385,-8.360836622874615,8.360836622874615
MCO,DCA,MCO-DCA,12,6,1,15,130.0,759.0,154.0,130.0,128.31505870431923,-1.6849412956807726,25.684941295680773,25.684941295680773
MIA,ORF,MIA-ORF,12,6,1,22,141.0,802.0,143.0,141.0,130.02252137114792,-10.977478628852083,12.977478628852083,12.977478628852083
MIA,DCA,MIA-DCA,12,6,1,8,150.0,919.0,163.0,150.0,146.47176710004786,-3.528232899952144,16.528232899952144,16.528232899952144
DCA,MCO,DCA-MCO,12,6,1,11,154.0,759.0,157.0,154.0,145.9035453534356,-8.09645464656441,11.09645464656441,11.09645464656441
RIC,CLT,RIC-CLT,12,6,1,5,75.0,257.0,97.0,75.0,64.46794801208752,-10.532051987912482,32.53205198791248,32.53205198791248
CLT,RIC,CLT-RIC,12,6,1,23,80.0,257.0,66.0,80.0,70.81855664283924,-9.18144335716076,-4.818556642839241,4.818556642839241
DFW,DCA,DFW-DCA,12,6,1,17,165.0,1192.0,160.0,165.0,164.89759635445057,-0.10240364554942971,-4.89759635445057,4.89759635445057
DFW,DCA,DFW-DCA,12,6,1,10,181.0,1192.0,158.0,181.0,171.79443077811464,-9.205569221885355,-13.794430778114645,13.794430778114645
DCA,ORD,DCA-ORD,12,6,1,15,142.0,612.0,139.0,142.0,134.3023424673501,-7.697657532649913,4.697657532649913,4.697657532649913
DCA,TPA,DCA-TPA,12,6,1,18,154.0,814.0,132.0,154.0,146.6042175108087,-7.395782489191305,-14.604217510808695,14.604217510808695
DFW,DCA,DFW-DCA,12,6,1,14,167.0,1192.0,159.0,167.0,163.5289450822107,-3.471054917789303,-4.528945082210697,4.528945082210697
DFW,DCA,DFW-DCA,12,6,1,7,169.0,1192.0,159.0,169.0,163.58972257240973,-5.410277427590273,-4.589722572409727,4.589722572409727
DCA,DFW,DCA-DFW,12,6,1,11,216.0,1192.0,194.0,216.0,210.372385682439,-5.627614317561012,-16.37238568243899,16.37238568243899
DFW,DCA,DFW-DCA,12,6,1,12,173.0,1192.0,157.0,173.0,168.29633833614588,-4.70366166385412,-11.29633833614588,11.29633833614588
DFW,DCA,DFW-DCA,12,6,1,5,168.0,1192.0,158.0,168.0,163.38132211865752,-4.618677881342478,-5.381322118657522,5.381322118657522
DCA,MCO,DCA-MCO,12,6,1,17,156.0,759.0,162.0,156.0,150.12360789025843,-5.876392109741573,11.876392109741573,11.876392109741573
DCA,DFW,DCA-DFW,12,6,1,10,219.0,1192.0,205.0,219.0,210.5135700322389,-8.486429967761097,-5.513570032238903,5.513570032238903
MIA,DCA,MIA-DCA,12,6,1,9,165.0,919.0,170.0,165.0,155.80085611243408,-9.199143887565924,14.199143887565924,14.199143887565924
DCA,CLT,DCA-CLT,12,6,1,13,90.0,331.0,78.0,90.0,83.49018782480037,-6.509812175199627,-5.490187824800373,5.490187824800373
CLT,RIC,CLT-RIC,12,6,1,7,70.0,257.0,61.0,70.0,65.0827863196385,-4.917213680361499,-4.082786319638501,4.082786319638501
RIC,CLT,RIC-CLT,12,6,1,9,85.0,257.0,77.0,85.0,74.0249580627998,-10.975041937200203,2.975041937200203,2.975041937200203
ORD,DCA,ORD-DCA,12,6,1,13,107.0,612.0,105.0,107.0,108.28503503020937,1.2850350302093716,-3.2850350302093716,3.2850350302093716
DCA,DFW,DCA-DFW,12,6,1,16,219.0,1192.0,201.0,219.0,212.71893252794328,-6.281067472056719,-11.71893252794328,11.71893252794328
CLT,DCA,CLT-DCA,12,6,1,16,80.0,331.0,67.0,80.0,87.52275478210954,7.522754782109544,-20.522754782109544,20.522754782109544
DCA,DFW,DCA-DFW,12,6,1,18,216.0,1192.0,193.0,216.0,212.29988985479042,-3.700110145209578,-19.299889854790422,19.299889854790422
DFW,RIC,DFW-RIC,12,6,1,10,181.0,1158.0,166.0,181.0,168.79770655340832,-12.202293446591682,-2.797706553408318,2.797706553408318
RIC,DFW,RIC-DFW,12,6,1,15,214.0,1158.0,202.0,214.0,214.5577282662308,0.5577282662308107,-12.55772826623081,12.55772826623081
CLT,DCA,CLT-DCA,12,7,1,9,88.0,331.0,80.0,88.0,92.67953129653432,4.679531296534321,-12.679531296534321,12.679531296534321
DCA,ORD,DCA-ORD,12,7,1,11,139.0,612.0,190.0,139.0,134.45071257037753,-4.549287429622467,55.54928742962247,55.54928742962247
DCA,PBI,DCA-PBI,12,7,1,15,162.0,857.0,145.0,162.0,154.91787282044496,-7.0821271795550444,-9.917872820444956,9.917872820444956
PBI,DCA,PBI-DCA,12,7,1,18,142.0,857.0,143.0,142.0,142.02724798013466,0.027247980134660565,0.9727520198653394,0.9727520198653394
DCA,TPA,DCA-TPA,12,7,1,8,157.0,814.0,180.0,157.0,150.82538222061606,-6.1746177793839365,29.174617779383937,29.174617779383937
TPA,DCA,TPA-DCA,12,7,1,11,132.0,814.0,127.0,132.0,130.97343062660505,-1.026569373394949,-3.973430626605051,3.973430626605051
CLT,RIC,CLT-RIC,12,7,1,12,68.0,257.0,68.0,68.0,67.8640759678559,-0.13592403214410353,0.13592403214410353,0.13592403214410353
RIC,CLT,RIC-CLT,12,7,1,14,84.0,257.0,84.0,84.0,79.12504649216106,-4.8749535078389385,4.8749535078389385,4.8749535078389385
DFW,DCA,DFW-DCA,12,7,1,19,170.0,1192.0,149.0,170.0,169.80004098230435,-0.1999590176956474,-20.800040982304353,20.800040982304353
DCA,DFW,DCA-DFW,12,7,1,6,224.0,1192.0,224.0,224.0,216.28780289772334,-7.7121971022766616,7.7121971022766616,7.7121971022766616
CLT,RIC,CLT-RIC,12,7,1,20,73.0,257.0,67.0,73.0,70.97965554687866,-2.0203444531213393,-3.9796555468786607,3.9796555468786607
DFW,RIC,DFW-RIC,12,7,1,10,179.0,1158.0,171.0,179.0,167.32599460652057,-11.674005393479433,3.6740053934794332,3.6740053934794332
RIC,DFW,RIC-DFW,12,7,1,15,214.0,1158.0,196.0,214.0,216.59928502189248,2.5992850218924843,-20.599285021892484,20.599285021892484
CLT,RIC,CLT-RIC,12,7,1,11,80.0,257.0,74.0,80.0,75.41464105721579,-4.585358942784211,-1.414641057215789,1.414641057215789
RIC,CLT,RIC-CLT,12,7,1,13,81.0,257.0,70.0,81.0,76.82504528353681,-4.174954716463191,-6.825045283536809,6.825045283536809
DFW,IAD,DFW-IAD,12,7,1,19,174.0,1172.0,153.0,174.0,171.5594497583011,-2.440550241698901,-18.5594497583011,18.5594497583011
MIA,DCA,MIA-DCA,12,7,1,21,156.0,919.0,164.0,156.0,152.39452100940213,-3.6054789905978737,11.605478990597874,11.605478990597874
MCO,DCA,MCO-DCA,12,7,1,21,126.0,759.0,128.0,126.0,122.84347421905537,-3.1565257809446337,5.156525780944634,5.156525780944634
DCA,MCO,DCA-MCO,12,7,1,11,154.0,759.0,132.0,154.0,149.45144022570673,-4.548559774293267,-17.451440225706733,17.451440225706733
DFW,DCA,DFW-DCA,12,7,1,7,169.0,1192.0,161.0,169.0,165.9180695436999,-3.081930456300114,-4.918069543699886,4.918069543699886
DCA,MIA,DCA-MIA,12,7,1,8,185.0,919.0,157.0,185.0,170.29959051013086,-14.700409489869145,-13.299590510130855,13.299590510130855
MIA,DCA,MIA-DCA,12,7,1,22,164.0,919.0,170.0,164.0,158.6059616645204,-5.394038335479593,11.394038335479593,11.394038335479593
LAS,DCA,LAS-DCA,12,7,1,13,267.0,2089.0,253.0,267.0,257.7996749610422,-9.200325038957828,-4.799674961042172,4.799674961042172
LAX,DCA,LAX-DCA,12,7,1,8,291.0,2311.0,266.0,291.0,285.3157269275488,-5.684273072451219,-19.31572692754878,19.31572692754878
DCA,PHX,DCA-PHX,12,7,1,17,307.0,1979.0,325.0,307.0,298.94483060168886,-8.055169398311136,26.055169398311136,26.055169398311136
DCA,LAS,DCA-LAS,12,7,1,7,324.0,2089.0,303.0,324.0,314.5831465741662,-9.416853425833779,-11.583146574166221,11.583146574166221
DCA,PHX,DCA-PHX,12,7,1,7,318.0,1979.0,319.0,318.0,309.16167660856354,-8.838323391436461,9.838323391436461,9.838323391436461
LAX,DCA,LAX-DCA,12,7,1,12,290.0,2311.0,271.0,290.0,284.6677755450587,-5.332224454941297,-13.667775545058703,13.667775545058703
PHX,DCA,PHX-DCA,12,7,1,0,242.0,1979.0,229.0,242.0,238.05089748310354,-3.9491025168964597,-9.05089748310354,9.05089748310354
DCA,LAX,DCA-LAX,12,7,1,8,366.0,2311.0,365.0,366.0,349.9584389263241,-16.041561073675894,15.041561073675894,15.041561073675894
DCA,PHX,DCA-PHX,12,7,1,10,309.0,1979.0,299.0,309.0,296.3837427581304,-12.616257241869619,2.6162572418696186,2.6162572418696186
PHX,DCA,PHX-DCA,12,7,1,13,249.0,1979.0,227.0,249.0,245.8620726724291,-3.1379273275709068,-18.862072672429093,18.862072672429093
DCA,DFW,DCA-DFW,12,7,1,13,219.0,1192.0,211.0,219.0,213.66865509290164,-5.331344907098355,-2.668655092901645,2.668655092901645
DFW,DCA,DFW-DCA,12,7,1,8,173.0,1192.0,179.0,173.0,169.8847476049701,-3.1152523950298985,9.115252395029898,9.115252395029898
DCA,LAX,DCA-LAX,12,7,1,16,352.0,2311.0,359.0,352.0,346.21201558358985,-5.787984416410154,12.787984416410154,12.787984416410154
PHX,DCA,PHX-DCA,12,7,1,9,254.0,1979.0,232.0,254.0,249.34036854081054,-4.659631459189455,-17.340368540810545,17.340368540810545
CLT,RIC,CLT-RIC,12,7,1,18,72.0,257.0,89.0,72.0,71.53702892069832,-0.46297107930168124,17.46297107930168,17.46297107930168
RIC,CLT,RIC-CLT,12,7,1,20,88.0,257.0,72.0,88.0,80.48933704186625,-7.51066295813375,-8.48933704186625,8.48933704186625
DCA,CLT,DCA-CLT,12,7,1,8,104.0,331.0,88.0,104.0,96.04379503125892,-7.956204968741076,-8.043795031258924,8.043795031258924
CLT,ORF,CLT-ORF,12,7,1,7,70.0,290.0,62.0,70.0,68.71697377991458,-1.283026220085418,-6.716973779914582,6.716973779914582
ORF,CLT,ORF-CLT,12,7,1,9,86.0,290.0,77.0,86.0,81.2580422094214,-4.741957790578596,-4.258042209421404,4.258042209421404
DCA,CLT,DCA-CLT,12,7,1,19,97.0,331.0,97.0,97.0,92.59916894142364,-4.400831058576358,4.400831058576358,4.400831058576358
CLT,DCA,CLT-DCA,12,7,1,18,82.0,331.0,79.0,82.0,91.7454574337004,9.745457433700395,-12.745457433700395,12.745457433700395
ORD,DCA,ORD-DCA,12,7,1,21,115.0,612.0,95.0,115.0,111.06361002125709,-3.936389978742909,-16.06361002125709,16.06361002125709
DCA,RSW,DCA-RSW,12,7,1,15,162.0,892.0,135.0,162.0,157.81305856986813,-4.186941430131867,-22.813058569868133,22.813058569868133
RSW,DCA,RSW-DCA,12,7,1,18,138.0,892.0,147.0,138.0,140.88767038243193,2.887670382431935,6.112329617568065,6.112329617568065
ORD,DCA,ORD-DCA,12,7,1,11,108.0,612.0,126.0,108.0,111.61499265662246,3.614992656622462,14.385007343377538,14.385007343377538
CLT,DCA,CLT-DCA,12,7,1,20,85.0,331.0,84.0,85.0,92.7958424832779,7.7958424832778945,-8.795842483277895,8.795842483277895
MIA,DCA,MIA-DCA,12,7,1,15,151.0,919.0,149.0,151.0,149.90441707365588,-1.0955829263441217,-0.9044170736558783,0.9044170736558783
BOS,DCA,BOS-DCA,12,7,1,19,102.0,399.0,87.0,102.0,102.3290777411062,0.3290777411062038,-15.329077741106204,15.329077741106204
DCA,SRQ,DCA-SRQ,12,7,1,9,158.0,851.0,152.0,158.0,155.8880638794139,-2.1119361205861082,-3.8880638794138918,3.8880638794138918
SRQ,DCA,SRQ-DCA,12,7,1,13,144.0,851.0,139.0,144.0,162.20409971363478,18.204099713634776,-23.204099713634776,23.204099713634776
BNA,DCA,BNA-DCA,12,7,1,6,100.0,562.0,87.0,100.0,103.3547119253686,3.354711925368605,-16.354711925368605,16.354711925368605
DCA,BOS,DCA-BOS,12,7,1,16,92.0,399.0,93.0,92.0,96.60594203946785,4.605942039467848,-3.6059420394678483,3.6059420394678483
RDU,DCA,RDU-DCA,12,7,1,6,67.0,227.0,57.0,67.0,69.9447509836518,2.944750983651801,-12.9447509836518,12.9447509836518
DCA,CLT,DCA-CLT,12,7,1,17,96.0,331.0,88.0,96.0,93.09646814135559,-2.9035318586444134,-5.096468141355587,5.096468141355587
ORD,DCA,ORD-DCA,12,7,1,6,109.0,612.0,110.0,109.0,112.02334626730782,3.023346267307815,-2.023346267307815,2.023346267307815
DCA,FLL,DCA-FLL,12,7,1,10,172.0,899.0,148.0,172.0,160.75944629218927,-11.240553707810733,-12.759446292189267,12.759446292189267
FLL,DCA,FLL-DCA,12,7,1,13,153.0,899.0,142.0,153.0,149.41903157333766,-3.580968426662338,-7.419031573337662,7.419031573337662
DCA,ORD,DCA-ORD,12,7,1,9,134.0,612.0,168.0,134.0,128.1196744268446,-5.880325573155403,39.8803255731554,39.8803255731554
JAX,DCA,JAX-DCA,12,7,1,7,110.0,634.0,109.0,110.0,111.94804733178442,1.948047331784423,-2.948047331784423,2.948047331784423
DCA,ORD,DCA-ORD,12,7,1,7,145.0,612.0,140.0,145.0,140.7081586133826,-4.291841386617392,-0.7081586133826079,0.7081586133826079
DCA,RDU,DCA-RDU,12,7,1,20,71.0,227.0,56.0,71.0,72.8136702932899,1.8136702932899027,-16.813670293289903,16.813670293289903
DCA,JAX,DCA-JAX,12,7,1,15,130.0,634.0,119.0,130.0,130.45164391254397,0.45164391254397174,-11.451643912543972,11.451643912543972
JAX,DCA,JAX-DCA,12,7,1,19,112.0,634.0,106.0,112.0,115.39593027113342,3.395930271133423,-9.395930271133423,9.395930271133423
DCA,BOS,DCA-BOS,12,7,1,6,92.0,399.0,85.0,92.0,93.95580008422994,1.955800084229935,-8.955800084229935,8.955800084229935
DCA,BOS,DCA-BOS,12,7,1,11,91.0,399.0,76.0,91.0,94.81681467644594,3.8168146764459436,-18.816814676445944,18.816814676445944
BOS,DCA,BOS-DCA,12,7,1,9,101.0,399.0,84.0,101.0,99.86542534039759,-1.134574659602407,-15.865425340397593,15.865425340397593
CLT,DCA,CLT-DCA,12,7,1,8,78.0,331.0,68.0,78.0,87.83947388523038,9.839473885230376,-19.839473885230376,19.839473885230376
DCA,PBI,DCA-PBI,12,7,1,10,157.0,857.0,134.0,157.0,149.83116712026225,-7.168832879737749,-15.83116712026225,15.83116712026225
PBI,DCA,PBI-DCA,12,7,1,13,141.0,857.0,132.0,141.0,139.42510615140233,-1.574893848597668,-7.425106151402332,7.425106151402332
DCA,PBI,DCA-PBI,12,7,1,17,162.0,857.0,128.0,162.0,155.4071467846995,-6.592853215300494,-27.407146784699506,27.407146784699506
PBI,DCA,PBI-DCA,12,7,1,20,142.0,857.0,133.0,142.0,140.2471155351688,-1.7528844648311974,-7.247115535168803,7.247115535168803
DCA,CLT,DCA-CLT,12,7,1,6,95.0,331.0,86.0,95.0,91.12056412830468,-3.8794358716953212,-5.120564128304679,5.120564128304679
MIA,RIC,MIA-RIC,12,7,1,16,144.0,826.0,142.0,144.0,140.7804015700788,-3.2195984299212057,1.2195984299212057,1.2195984299212057
RIC,MIA,RIC-MIA,12,7,1,19,154.0,826.0,135.0,154.0,150.4415234071464,-3.5584765928535944,-15.441523407146406,15.441523407146406
BOS,DCA,BOS-DCA,12,7,1,8,104.0,399.0,101.0,104.0,101.01473461954184,-2.9852653804581593,-0.014734619541840743,0.014734619541840743
DCA,RSW,DCA-RSW,12,7,1,10,168.0,892.0,187.0,168.0,159.67904757050138,-8.320952429498618,27.320952429498618,27.320952429498618
RSW,DCA,RSW-DCA,12,7,1,13,143.0,892.0,158.0,143.0,140.97767283952126,-2.0223271604787385,17.02232716047874,17.02232716047874
DCA,FLL,DCA-FLL,12,7,1,17,168.0,899.0,140.0,168.0,160.43631216727545,-7.563687832724554,-20.436312167275446,20.436312167275446
FLL,DCA,FLL-DCA,12,7,1,20,148.0,899.0,153.0,148.0,147.57382458726198,-0.4261754127380186,5.426175412738019,5.426175412738019
BOS,DCA,BOS-DCA,12,7,1,17,102.0,399.0,90.0,102.0,102.87606142293595,0.8760614229359476,-12.876061422935948,12.876061422935948
DCA,BOS,DCA-BOS,12,7,1,14,89.0,399.0,97.0,89.0,92.16602560183063,3.1660256018306256,4.833974398169374,4.833974398169374
DCA,MSY,DCA-MSY,12,7,1,7,170.0,969.0,152.0,170.0,162.87294562244716,-7.127054377552838,-10.872945622447162,10.872945622447162
MSY,DCA,MSY-DCA,12,7,1,10,145.0,969.0,143.0,145.0,145.08441567562107,0.08441567562107366,-2.0844156756210737,2.0844156756210737
DCA,ORD,DCA-ORD,12,7,1,19,144.0,612.0,132.0,144.0,138.93585837605997,-5.064141623940031,-6.935858376059969,6.935858376059969
DCA,BOS,DCA-BOS,12,7,1,18,90.0,399.0,94.0,90.0,94.1437614220562,4.143761422056201,-0.14376142205620113,0.14376142205620113
BOS,DCA,BOS-DCA,12,7,1,15,99.0,399.0,97.0,99.0,100.0735719754117,1.0735719754116957,-3.0735719754116957,3.0735719754116957
DCA,BOS,DCA-BOS,12,7,1,20,90.0,399.0,82.0,90.0,92.98367322455395,2.9836732245539537,-10.983673224553954,10.983673224553954
MIA,DCA,MIA-DCA,12,7,1,17,156.0,919.0,156.0,156.0,154.65865758223288,-1.3413424177671232,1.3413424177671232,1.3413424177671232
DCA,PBI,DCA-PBI,12,7,1,7,158.0,857.0,164.0,158.0,150.93853348747083,-7.061466512529165,13.061466512529165,13.061466512529165
PBI,DCA,PBI-DCA,12,7,1,11,142.0,857.0,140.0,142.0,139.30486848376898,-2.695131516231015,0.6951315162310152,0.6951315162310152
DCA,FLL,DCA-FLL,12,7,1,14,159.0,899.0,164.0,159.0,153.36359785904347,-5.636402140956534,10.636402140956534,10.636402140956534
FLL,DCA,FLL-DCA,12,7,1,17,147.0,899.0,150.0,147.0,146.75627562281034,-0.24372437718966466,3.2437243771896647,3.2437243771896647
ORF,MIA,ORF-MIA,12,7,1,5,150.0,802.0,141.0,150.0,142.57733240564872,-7.422667594351282,-1.5773324056487183,1.5773324056487183
DCA,MIA,DCA-MIA,12,7,1,19,180.0,919.0,177.0,180.0,170.46649012384842,-9.533509876151584,6.533509876151584,6.533509876151584
DCA,VPS,DCA-VPS,12,7,1,8,165.0,789.0,180.0,165.0,157.0517160158666,-7.948283984133411,22.94828398413341,22.94828398413341
VPS,DCA,VPS-DCA,12,7,1,10,127.0,789.0,136.0,127.0,127.2383886870637,0.2383886870637042,8.761611312936296,8.761611312936296
DCA,PWM,DCA-PWM,12,7,1,15,99.0,482.0,96.0,99.0,96.77474495246787,-2.22525504753213,-0.77474495246787,0.77474495246787
PWM,DCA,PWM-DCA,12,7,1,17,114.0,482.0,100.0,114.0,108.57346006237081,-5.426539937629187,-8.573460062370813,8.573460062370813
MIA,RIC,MIA-RIC,12,7,1,21,149.0,826.0,156.0,149.0,145.60736324528432,-3.3926367547156815,10.392636754715681,10.392636754715681
RIC,CLT,RIC-CLT,12,7,1,5,75.0,257.0,71.0,75.0,68.02154905153151,-6.978450948468492,2.978450948468492,2.978450948468492
DCA,TPA,DCA-TPA,12,7,1,13,155.0,814.0,153.0,155.0,149.114945699874,-5.885054300126001,3.8850543001260007,3.8850543001260007
TPA,DCA,TPA-DCA,12,7,1,17,131.0,814.0,134.0,131.0,133.96711092498364,2.9671109249836434,0.03288907501635663,0.03288907501635663
DCA,JAX,DCA-JAX,12,7,1,20,127.0,634.0,116.0,127.0,126.51616355178973,-0.48383644821026905,-10.516163551789731,10.516163551789731
DCA,RSW,DCA-RSW,12,7,1,6,164.0,892.0,144.0,164.0,156.045180946017,-7.9548190539829875,-12.045180946017013,12.045180946017013
RSW,DCA,RSW-DCA,12,7,1,10,142.0,892.0,143.0,142.0,139.23101133198503,-2.76898866801497,3.76898866801497,3.76898866801497
DFW,DCA,DFW-DCA,12,7,1,12,173.0,1192.0,159.0,173.0,170.07214669443582,-2.9278533055641844,-11.072146694435816,11.072146694435816
DCA,MCO,DCA-MCO,12,7,1,17,156.0,759.0,148.0,156.0,154.04688680399957,-1.9531131960004302,-6.04688680399957,6.04688680399957
CLT,DCA,CLT-DCA,12,7,1,16,80.0,331.0,87.0,80.0,91.55623442809734,11.55623442809734,-4.556234428097341,4.556234428097341
DCA,MIA,DCA-MIA,12,7,1,18,175.0,919.0,133.0,175.0,168.42104557831902,-6.578954421680976,-35.421045578319024,35.421045578319024
IAD,DFW,IAD-DFW,12,7,1,6,221.0,1172.0,240.0,221.0,205.66879310452725,-15.331206895472747,34.33120689547275,34.33120689547275
DCA,MIA,DCA-MIA,12,7,1,6,175.0,919.0,183.0,175.0,166.04714029532602,-8.952859704673983,16.952859704673983,16.952859704673983
MIA,DCA,MIA-DCA,12,7,1,9,165.0,919.0,159.0,165.0,157.9057315197561,-7.094268480243898,1.0942684802438976,1.0942684802438976
DCA,CLT,DCA-CLT,12,7,1,13,90.0,331.0,86.0,90.0,87.73692468504233,-2.2630753149576748,-1.7369246850423252,1.7369246850423252
DFW,ORF,DFW-ORF,12,7,1,14,169.0,1212.0,158.0,169.0,164.79768150463894,-4.202318495361055,-6.797681504638945,6.797681504638945
ORF,DFW,ORF-DFW,12,7,1,19,218.0,1212.0,203.0,218.0,216.64708473023748,-1.3529152697625193,-13.64708473023748,13.64708473023748
DFW,DCA,DFW-DCA,12,7,1,14,167.0,1192.0,158.0,167.0,166.23638099383228,-0.7636190061677155,-8.236380993832285,8.236380993832285
DCA,DFW,DCA-DFW,12,7,1,18,216.0,1192.0,215.0,216.0,214.45739644628924,-1.5426035537107623,0.5426035537107623,0.5426035537107623
MCO,DCA,MCO-DCA,12,7,1,7,139.0,759.0,132.0,139.0,137.4474928972329,-1.5525071027670947,-5.447492897232905,5.447492897232905
DCA,CLT,DCA-CLT,12,7,1,10,98.0,331.0,88.0,98.0,92.30915546457811,-5.690844535421888,-4.309155464578112,4.309155464578112
CLT,DCA,CLT-DCA,12,7,1,13,79.0,331.0,84.0,79.0,90.31101388016651,11.311013880166513,-6.311013880166513,6.311013880166513
DCA,ORD,DCA-ORD,12,7,1,15,142.0,612.0,140.0,142.0,137.94463777718843,-4.055362222811567,2.055362222811567,2.055362222811567
DCA,MIA,DCA-MIA,12,7,1,19,177.0,919.0,149.0,177.0,167.0348468944092,-9.965153105590787,-18.034846894409213,18.034846894409213
DFW,DCA,DFW-DCA,12,7,1,16,164.0,1192.0,154.0,164.0,167.35318301317287,3.353183013172867,-13.353183013172867,13.353183013172867
DCA,CLT,DCA-CLT,12,7,1,5,93.0,331.0,88.0,93.0,86.3101695769275,-6.689830423072493,1.6898304230724932,1.6898304230724932
CLT,DCA,CLT-DCA,12,7,1,22,78.0,331.0,66.0,78.0,75.24626731870141,-2.7537326812985867,-9.246267318701413,9.246267318701413
MCO,DCA,MCO-DCA,12,7,1,19,129.0,759.0,126.0,129.0,131.0263580124262,2.0263580124261864,-5.026358012426186,5.026358012426186
CLT,RIC,CLT-RIC,12,7,1,23,80.0,257.0,61.0,80.0,75.0894610001823,-4.910538999817703,-14.089461000182297,14.089461000182297
CLT,RIC,CLT-RIC,12,7,1,7,71.0,257.0,61.0,71.0,68.63638735908249,-2.363612640917509,-7.636387359082491,7.636387359082491
RIC,CLT,RIC-CLT,12,7,1,9,83.0,257.0,89.0,83.0,77.57855910224379,-5.421440897756213,11.421440897756213,11.421440897756213
DCA,MCO,DCA-MCO,12,7,1,6,150.0,759.0,134.0,150.0,147.71347755739885,-2.2865224426011537,-13.713477557398846,13.713477557398846
RIC,CLT,RIC-CLT,12,7,1,6,88.0,257.0,73.0,88.0,78.40410135090012,-9.59589864909988,-5.40410135090012,5.40410135090012
DFW,RIC,DFW-RIC,12,7,1,14,165.0,1158.0,157.0,165.0,163.52440899436397,-1.4755910056360335,-6.5244089943639665,6.5244089943639665
ORD,DCA,ORD-DCA,12,7,1,13,111.0,612.0,112.0,111.0,115.7928426602277,4.792842660227706,-3.7928426602277057,3.7928426602277057
DCA,DFW,DCA-DFW,12,7,1,17,219.0,1192.0,223.0,219.0,215.21666928636236,-3.783330713637639,7.783330713637639,7.783330713637639
DFW,IAD,DFW-IAD,12,7,1,13,168.0,1172.0,159.0,168.0,165.12422108197606,-2.87577891802394,-6.12422108197606,6.12422108197606
IAD,DFW,IAD-DFW,12,7,1,18,235.0,1172.0,224.0,235.0,212.51375761012446,-22.486242389875542,11.486242389875542,11.486242389875542
MIA,DCA,MIA-DCA,12,7,1,8,150.0,919.0,160.0,150.0,148.25759390232838,-1.7424060976716191,11.74240609767162,11.74240609767162
DCA,DFW,DCA-DFW,12,7,1,11,216.0,1192.0,206.0,216.0,212.1545082324678,-3.845491767532195,-6.154508232467805,6.154508232467805
RIC,DFW,RIC-DFW,12,7,1,6,218.0,1158.0,212.0,218.0,216.65679317972106,-1.3432068202789367,-4.656793179721063,4.656793179721063
DCA,DFW,DCA-DFW,12,7,1,7,219.0,1192.0,207.0,219.0,214.03601698587056,-4.96398301412944,-7.03601698587056,7.03601698587056
DCA,MIA,DCA-MIA,12,7,1,7,180.0,919.0,143.0,180.0,168.8343297027628,-11.165670297237199,-25.8343297027628,25.8343297027628
DFW,RIC,DFW-RIC,12,7,1,18,164.0,1158.0,179.0,164.0,165.07730153831824,1.0773015383182383,13.922698461681762,13.922698461681762
ORF,DFW,ORF-DFW,12,7,1,6,225.0,1212.0,218.0,225.0,218.41376389396578,-6.586236106034221,-0.41376389396577906,0.41376389396577906
DCA,MIA,DCA-MIA,12,7,1,17,184.0,919.0,148.0,184.0,172.3267985418754,-11.673201458124595,-24.326798541875405,24.326798541875405
MIA,DCA,MIA-DCA,12,7,1,14,154.0,919.0,149.0,154.0,150.55636534858252,-3.443634651417483,-1.556365348582517,1.556365348582517
DFW,DCA,DFW-DCA,12,7,1,17,164.0,1192.0,149.0,164.0,167.84245697742742,3.8424569774274175,-18.842456977427418,18.842456977427418
RIC,MIA,RIC-MIA,12,7,1,5,157.0,826.0,155.0,157.0,149.46837270050125,-7.531627299498751,5.531627299498751,5.531627299498751
DFW,DCA,DFW-DCA,12,7,1,5,168.0,1192.0,162.0,168.0,165.70966908994768,-2.290330910052319,-3.709669089947681,3.709669089947681
DCA,DFW,DCA-DFW,12,7,1,10,219.0,1192.0,191.0,219.0,212.3840734962887,-6.615926503711307,-21.384073496288693,21.384073496288693
DCA,DFW,DCA-DFW,12,7,1,14,223.0,1192.0,212.0,223.0,215.89715297126168,-7.102847028738324,-3.8971529712616757,3.8971529712616757
DCA,MCO,DCA-MCO,12,7,1,8,160.0,759.0,143.0,160.0,154.15159648038468,-5.848403519615317,-11.151596480384683,11.151596480384683
MCO,DCA,MCO-DCA,12,7,1,11,128.0,759.0,128.0,128.0,127.82740828435186,-0.1725917156481387,0.1725917156481387,0.1725917156481387
DCA,MIA,DCA-MIA,12,7,1,9,174.0,919.0,168.0,174.0,165.16574456214096,-8.834255437859042,2.834255437859042,2.834255437859042
BOS,DCA,BOS-DCA,12,7,1,7,107.0,399.0,90.0,107.0,103.54872367970003,-3.451276320299968,-13.548723679700032,13.548723679700032
MIA,DCA,MIA-DCA,12,7,1,18,161.0,919.0,160.0,161.0,155.82164635271323,-5.1783536472867695,4.1783536472867695,4.1783536472867695
DCA,MIA,DCA-MIA,12,7,1,14,175.0,919.0,154.0,175.0,166.86312535725702,-8.136874642742981,-12.863125357257019,12.863125357257019
DFW,DCA,DFW-DCA,12,7,1,9,174.0,1192.0,171.0,174.0,170.33180601048764,-3.6681939895123605,0.6681939895123605,0.6681939895123605
DFW,ORF,DFW-ORF,12,7,1,10,184.0,1212.0,160.0,184.0,173.37457356182804,-10.625426438171957,-13.374573561828043,13.374573561828043
ORF,DFW,ORF-DFW,12,7,1,15,224.0,1212.0,208.0,224.0,219.30413284576463,-4.695867154235373,-11.304132845764627,11.304132845764627
DCA,MCO,DCA-MCO,12,7,1,15,151.0,759.0,150.0,151.0,149.08559111102446,-1.9144088889755437,0.9144088889755437,0.9144088889755437
MIA,DCA,MIA-DCA,12,7,1,11,160.0,919.0,150.0,160.0,152.99721601205522,-7.002783987944781,-2.997216012055219,2.997216012055219
DFW,ORF,DFW-ORF,12,7,1,18,176.0,1212.0,168.0,176.0,172.417536303712,-3.582463696287988,-4.417536303712012,4.417536303712012
MIA,ORF,MIA-ORF,12,7,1,22,141.0,802.0,140.0,141.0,133.90224139234152,-7.097758607658477,6.097758607658477,6.097758607658477
MIA,DCA,MIA-DCA,12,7,1,6,148.0,919.0,155.0,148.0,147.90071018663036,-0.09928981336963716,7.099289813369637,7.099289813369637
DCA,TPA,DCA-TPA,12,7,1,10,164.0,814.0,133.0,164.0,156.180702215836,-7.819297784164007,-23.180702215835993,23.180702215835993
DCA,TPA,DCA-TPA,12,7,1,18,154.0,814.0,133.0,154.0,150.52749642454984,-3.472503575450162,-17.527496424549838,17.527496424549838
TPA,DCA,TPA-DCA,12,7,1,13,131.0,814.0,127.0,131.0,132.38899133297457,1.3889913329745696,-5.38899133297457,5.38899133297457
MCO,DCA,MCO-DCA,12,7,1,15,130.0,759.0,125.0,130.0,132.51295616181676,2.51295616181676,-7.51295616181676,7.51295616181676
TPA,DCA,TPA-DCA,12,7,1,19,134.0,814.0,138.0,134.0,134.0252315005918,0.02523150059178647,3.9747684994082135,3.9747684994082135
DCA,CLT,DCA-CLT,12,1,0,19,97.0,331.0,89.0,97.0,89.17510378821653,-7.824896211783468,-0.17510378821653205,0.17510378821653205
CLT,DCA,CLT-DCA,12,1,0,19,78.0,331.0,115.0,78.0,83.53610902663266,5.5361090266326585,31.46389097336734,31.46389097336734
ORD,DCA,ORD-DCA,12,1,0,16,110.0,612.0,96.0,110.0,110.16485864222848,0.1648586422284808,-14.16485864222848,14.16485864222848
DCA,PBI,DCA-PBI,12,1,0,15,162.0,857.0,143.0,162.0,152.8733974560503,-9.126602543949701,-9.873397456050299,9.873397456050299
PBI,DCA,PBI-DCA,12,1,0,18,142.0,857.0,127.0,142.0,140.06439650942625,-1.9356034905737545,-13.064396509426246,13.064396509426246
DCA,TPA,DCA-TPA,12,1,0,8,157.0,814.0,151.0,157.0,149.01488421300238,-7.985115786997625,1.9851157869976248,1.9851157869976248
TPA,DCA,TPA-DCA,12,1,0,11,132.0,814.0,126.0,132.0,129.53181506686036,-2.4681849331396393,-3.5318150668603607,3.5318150668603607
CLT,ORF,CLT-ORF,12,1,0,18,74.0,290.0,67.0,74.0,70.17015087622065,-3.829849123779354,-3.170150876220646,3.170150876220646
ORF,CLT,ORF-CLT,12,1,0,20,90.0,290.0,79.0,90.0,80.21508101825201,-9.784918981747992,-1.2150810182520075,1.2150810182520075
DCA,DFW,DCA-DFW,12,1,0,6,224.0,1192.0,249.0,224.0,214.17544779757796,-9.82455220242204,34.82455220242204,34.82455220242204
DFW,DCA,DFW-DCA,12,1,0,19,170.0,1192.0,147.0,170.0,167.67018609280967,-2.329813907190328,-20.670186092809672,20.670186092809672
RIC,DFW,RIC-DFW,12,1,0,6,218.0,1158.0,219.0,218.0,215.31873155025156,-2.681268449748444,3.681268449748444,3.681268449748444
CLT,RIC,CLT-RIC,12,1,0,11,80.0,257.0,69.0,80.0,74.02903977248882,-5.970960227511185,-5.029039772488815,5.029039772488815
RIC,CLT,RIC-CLT,12,1,0,13,81.0,257.0,71.0,81.0,75.06796892875805,-5.932031071241951,-4.067968928758049,4.067968928758049
MCO,DCA,MCO-DCA,12,1,0,21,126.0,759.0,129.0,126.0,120.68455534141144,-5.315444658588561,8.31544465858856,8.31544465858856
IAD,DFW,IAD-DFW,12,1,0,6,221.0,1172.0,230.0,221.0,203.71405816143877,-17.28594183856123,26.28594183856123,26.28594183856123
DFW,IAD,DFW-IAD,12,1,0,18,167.0,1172.0,162.0,167.0,164.85178073970016,-2.1482192602998396,-2.8517807397001604,2.8517807397001604
DCA,MIA,DCA-MIA,12,1,0,6,175.0,919.0,139.0,175.0,163.67052139073962,-11.329478609260377,-24.670521390739623,24.670521390739623
MIA,DCA,MIA-DCA,12,1,0,21,156.0,919.0,152.0,156.0,151.56126386002572,-4.4387361399742815,0.4387361399742815,0.4387361399742815
MIA,DCA,MIA-DCA,12,1,0,6,148.0,919.0,137.0,148.0,147.66586765709923,-0.334132342900773,-10.665867657099227,10.665867657099227
DCA,TPA,DCA-TPA,12,1,0,10,164.0,814.0,145.0,164.0,154.27418618155608,-9.725813818443925,-9.274186181556075,9.274186181556075
TPA,DCA,TPA-DCA,12,1,0,13,131.0,814.0,124.0,131.0,130.46749716668612,-0.5325028333138846,-6.467497166686115,6.467497166686115
DCA,DFW,DCA-DFW,12,1,0,17,219.0,1192.0,222.0,219.0,212.72893014474698,-6.2710698552530175,9.271069855253018,9.271069855253018
CLT,DCA,CLT-DCA,12,1,0,16,80.0,331.0,70.0,80.0,90.11689420729707,10.116894207297065,-20.116894207297065,20.116894207297065
DCA,DFW,DCA-DFW,12,1,0,18,216.0,1192.0,215.0,216.0,212.05803821869483,-3.9419617813051673,2.9419617813051673,2.9419617813051673
DFW,IAD,DFW-IAD,12,1,0,12,188.0,1172.0,168.0,188.0,173.25953625225537,-14.740463747744627,-5.259536252255373,5.259536252255373
IAD,DFW,IAD-DFW,12,1,0,17,237.0,1172.0,234.0,237.0,210.18363862556598,-26.816361374434024,23.816361374434024,23.816361374434024
DCA,MIA,DCA-MIA,12,1,0,5,170.0,919.0,147.0,170.0,159.40481931464328,-10.595180685356723,-12.404819314643277,12.404819314643277
DCA,PHX,DCA-PHX,12,1,0,7,318.0,1979.0,339.0,318.0,306.38098183672656,-11.619018163273438,32.61901816327344,32.61901816327344
LAX,DCA,LAX-DCA,12,1,0,12,293.0,2311.0,255.0,293.0,281.94375862814627,-11.05624137185373,-26.94375862814627,26.94375862814627
PHX,DCA,PHX-DCA,12,1,0,0,242.0,1979.0,223.0,242.0,235.79834434638042,-6.201655653619582,-12.798344346380418,12.798344346380418
DCA,LAX,DCA-LAX,12,1,0,8,360.0,2311.0,332.0,360.0,347.91243206030254,-12.087567939697465,-15.912432060302535,15.912432060302535
DCA,LAS,DCA-LAS,12,1,0,7,324.0,2089.0,300.0,324.0,312.21281980313285,-11.787180196867155,-12.212819803132845,12.212819803132845
PHX,DCA,PHX-DCA,12,1,0,13,249.0,1979.0,229.0,249.0,243.00449368260567,-5.99550631739433,-14.00449368260567,14.00449368260567
LAS,DCA,LAS-DCA,12,1,0,13,267.0,2089.0,250.0,267.0,254.7493609488769,-12.250639051123102,-4.749360948876898,4.749360948876898
DCA,PHX,DCA-PHX,12,1,0,10,309.0,1979.0,294.0,309.0,293.9940303010981,-15.005969698901879,0.005969698901878928,0.005969698901878928
LAX,DCA,LAX-DCA,12,1,0,8,291.0,2311.0,264.0,291.0,282.72966934075106,-8.270330659248941,-18.72966934075106,18.72966934075106
DCA,PHX,DCA-PHX,12,1,0,17,307.0,1979.0,308.0,307.0,296.17973410318666,-10.82026589681334,11.82026589681334,11.82026589681334
DCA,LAX,DCA-LAX,12,1,0,16,352.0,2311.0,321.0,352.0,344.28105355462276,-7.718946445377242,-23.28105355462276,23.28105355462276
PHX,DCA,PHX-DCA,12,1,0,9,254.0,1979.0,220.0,254.0,246.42801385876004,-7.571986141239961,-26.42801385876004,26.42801385876004
CLT,DCA,CLT-DCA,12,1,0,22,78.0,331.0,76.0,78.0,73.25176625256739,-4.748233747432607,2.7482337474326073,2.7482337474326073
CLT,DCA,CLT-DCA,12,1,0,9,88.0,331.0,94.0,88.0,91.72006968227785,3.7200696822778525,2.2799303177221475,2.2799303177221475
CLT,ORF,CLT-ORF,12,1,0,7,70.0,290.0,62.0,70.0,67.28647276105173,-2.7135272389482736,-5.286472761051726,5.286472761051726
ORF,CLT,ORF-CLT,12,1,0,9,86.0,290.0,83.0,86.0,78.72449187463651,-7.275508125363487,4.275508125363487,4.275508125363487
DCA,CLT,DCA-CLT,12,1,0,8,104.0,331.0,102.0,104.0,93.33703319595088,-10.66296680404912,8.66296680404912,8.66296680404912
CLT,RIC,CLT-RIC,12,1,0,15,68.0,257.0,55.0,68.0,66.13353785978157,-1.866462140218431,-11.133537859781569,11.133537859781569
RIC,CLT,RIC-CLT,12,1,0,17,87.0,257.0,93.0,87.0,79.39304064859954,-7.606959351400462,13.606959351400462,13.606959351400462
DCA,TPA,DCA-TPA,12,1,0,13,155.0,814.0,142.0,155.0,147.16648836214557,-7.8335116378544285,-5.1664883621455715,5.1664883621455715
TPA,DCA,TPA-DCA,12,1,0,17,131.0,814.0,121.0,131.0,131.80819204733993,0.8081920473399293,-10.80819204733993,10.80819204733993
DCA,RSW,DCA-RSW,12,1,0,6,164.0,892.0,158.0,164.0,156.5682456466321,-7.431754353367893,1.431754353367893,1.431754353367893
RSW,DCA,RSW-DCA,12,1,0,10,142.0,892.0,125.0,142.0,137.85028203789798,-4.149717962102017,-12.850282037897983,12.850282037897983
DCA,BOS,DCA-BOS,12,1,0,18,90.0,399.0,82.0,90.0,94.28087335251429,4.280873352514291,-12.280873352514291,12.280873352514291
DCA,ORD,DCA-ORD,12,1,0,7,145.0,612.0,134.0,145.0,139.59517160231022,-5.4048283976897835,-5.5951716023102165,5.5951716023102165
CLT,DCA,CLT-DCA,12,1,0,20,85.0,331.0,106.0,85.0,91.11907755112236,6.119077551122359,14.88092244887764,14.88092244887764
DCA,BOS,DCA-BOS,12,1,0,6,92.0,399.0,96.0,92.0,93.28949214901952,1.289492149019523,2.710507850980477,2.710507850980477
DCA,BOS,DCA-BOS,12,1,0,11,91.0,399.0,92.0,91.0,95.28405909632342,4.284059096323418,-3.2840590963234177,3.2840590963234177
BOS,DCA,BOS-DCA,12,1,0,9,101.0,399.0,113.0,101.0,98.42380978065273,-2.576190219347268,14.576190219347268,14.576190219347268
DCA,JAX,DCA-JAX,12,1,0,15,130.0,634.0,129.0,130.0,128.53014974625552,-1.4698502537444824,0.4698502537444824,0.4698502537444824
JAX,DCA,JAX-DCA,12,1,0,19,112.0,634.0,90.0,112.0,113.38629245287011,1.3862924528701086,-23.38629245287011,23.38629245287011
DCA,PWM,DCA-PWM,12,1,0,15,99.0,482.0,84.0,99.0,95.97843964319763,-3.021560356802368,-11.978439643197632,11.978439643197632
PWM,DCA,PWM-DCA,12,1,0,17,114.0,482.0,117.0,114.0,108.05885066196075,-5.941149338039253,8.941149338039253,8.941149338039253
DCA,PBI,DCA-PBI,12,1,0,7,158.0,857.0,133.0,158.0,149.12803547985715,-8.871964520142853,-16.128035479857147,16.128035479857147
PBI,DCA,PBI-DCA,12,1,0,11,142.0,857.0,154.0,142.0,137.71740105453057,-4.282598945469431,16.28259894546943,16.28259894546943
DCA,RDU,DCA-RDU,12,1,0,20,71.0,227.0,64.0,71.0,70.81916922715588,-0.18083077284411786,-6.819169227155882,6.819169227155882
DCA,FLL,DCA-FLL,12,1,0,14,159.0,899.0,185.0,159.0,151.29892800458893,-7.70107199541107,33.70107199541107,33.70107199541107
FLL,DCA,FLL-DCA,12,1,0,17,147.0,899.0,155.0,147.0,145.0001622872533,-1.9998377127467108,9.99983771274671,9.99983771274671
MIA,RIC,MIA-RIC,12,1,0,16,144.0,826.0,150.0,144.0,138.9465712742336,-5.053428725766395,11.053428725766395,11.053428725766395
RIC,MIA,RIC-MIA,12,1,0,19,154.0,826.0,143.0,154.0,148.25564135806272,-5.744358641937282,-5.255641358062718,5.255641358062718
CLT,DCA,CLT-DCA,12,1,0,8,78.0,331.0,94.0,78.0,86.88001227097391,8.880012270973907,7.119987729026093,7.119987729026093
DCA,JAX,DCA-JAX,12,1,0,20,127.0,634.0,124.0,127.0,124.3572446741458,-2.6427553258541963,-0.35724467414580374,0.35724467414580374
DCA,RSW,DCA-RSW,12,1,0,10,168.0,892.0,160.0,168.0,158.410011835622,-9.589988164378013,1.5899881643780134,1.5899881643780134
RSW,DCA,RSW-DCA,12,1,0,13,143.0,892.0,138.0,143.0,139.45898421531948,-3.541015784680525,-1.4589842153194752,1.4589842153194752
DCA,CLT,DCA-CLT,12,1,0,17,96.0,331.0,112.0,96.0,89.67240298814848,-6.327597011851523,22.327597011851523,22.327597011851523
ORD,DCA,ORD-DCA,12,1,0,6,111.0,612.0,116.0,111.0,113.89164088008359,2.8916408800835853,2.1083591199164147,2.1083591199164147
DCA,FLL,DCA-FLL,12,1,0,10,172.0,899.0,156.0,172.0,158.43405520212906,-13.56594479787094,-2.434055202129059,2.434055202129059
FLL,DCA,FLL-DCA,12,1,0,13,153.0,899.0,135.0,153.0,147.6773123707606,-5.322687629239397,-12.677312370760603,12.677312370760603
CLT,RIC,CLT-RIC,12,1,0,20,74.0,257.0,64.0,74.0,69.25515610348295,-4.744843896517054,-5.255156103482946,5.255156103482946
DCA,RSW,DCA-RSW,12,1,0,15,162.0,892.0,165.0,162.0,156.5044392221999,-5.495560777800108,8.495560777800108,8.495560777800108
RSW,DCA,RSW-DCA,12,1,0,18,138.0,892.0,131.0,138.0,139.1315570468749,1.1315570468748888,-8.131557046874889,8.131557046874889
RDU,DCA,RDU-DCA,12,1,0,6,67.0,227.0,66.0,67.0,66.97877241271098,-0.021227587289018857,-0.9787724127109811,0.9787724127109811
DCA,VPS,DCA-VPS,12,1,0,8,165.0,789.0,143.0,165.0,155.14519998158667,-9.854800018413329,-12.145199981586671,12.145199981586671
VPS,DCA,VPS-DCA,12,1,0,10,127.0,789.0,109.0,127.0,125.7967731273188,-1.2032268726811992,-16.7967731273188,16.7967731273188
DCA,PBI,DCA-PBI,12,1,0,17,162.0,857.0,150.0,162.0,153.1252467089496,-8.87475329105041,-3.1252467089495894,3.1252467089495894
PBI,DCA,PBI-DCA,12,1,0,20,142.0,857.0,127.0,142.0,138.2842640644604,-3.7157359355396125,-11.284264064460388,11.284264064460388
BOS,DCA,BOS-DCA,12,1,0,15,99.0,399.0,108.0,99.0,98.15207780912303,-0.8479221908769716,9.847922190876972,9.847922190876972
DCA,MIA,DCA-MIA,12,1,0,19,180.0,919.0,181.0,180.0,167.30642645399104,-12.693573546008963,13.693573546008963,13.693573546008963
MIA,DCA,MIA-DCA,12,1,0,15,151.0,919.0,149.0,151.0,149.53161521401,-1.468384785989997,-0.531615214010003,0.531615214010003
BOS,DCA,BOS-DCA,12,1,0,17,102.0,399.0,104.0,102.0,100.71714254529202,-1.2828574547079796,3.2828574547079796,3.2828574547079796
DCA,BOS,DCA-BOS,12,1,0,14,89.0,399.0,126.0,89.0,92.54056224364398,3.5405622436439756,33.459437756356024,33.459437756356024
DCA,MSY,DCA-MSY,12,1,0,7,170.0,969.0,168.0,170.0,161.35987381586622,-8.640126184133777,6.640126184133777,6.640126184133777
MSY,DCA,MSY-DCA,12,1,0,10,145.0,969.0,120.0,145.0,143.96687169086263,-1.0331283091373678,-23.966871690862632,23.966871690862632
DCA,ORD,DCA-ORD,12,1,0,19,144.0,612.0,128.0,144.0,137.44748732351758,-6.552512676482422,-9.447487323517578,9.447487323517578
DCA,BOS,DCA-BOS,12,1,0,16,92.0,399.0,88.0,92.0,96.59330785280152,4.593307852801516,-8.593307852801516,8.593307852801516
ORD,DCA,ORD-DCA,12,1,0,11,108.0,612.0,155.0,108.0,110.1733770968776,2.1733770968776014,44.8266229031224,44.8266229031224
DCA,SRQ,DCA-SRQ,12,1,0,9,158.0,851.0,159.0,158.0,147.225420162887,-10.77457983711301,11.77457983711301,11.77457983711301
SRQ,DCA,SRQ-DCA,12,1,0,13,144.0,851.0,162.0,144.0,138.65308315435632,-5.346916845643676,23.346916845643676,23.346916845643676
JAX,DCA,JAX-DCA,12,1,0,7,110.0,634.0,102.0,110.0,110.65571283142017,0.6557128314201748,-8.655712831420175,8.655712831420175
DCA,CLT,DCA-CLT,12,1,0,6,95.0,331.0,105.0,95.0,88.16139246624692,-6.838607533753077,16.838607533753077,16.838607533753077
BOS,DCA,BOS-DCA,12,1,0,8,104.0,399.0,118.0,104.0,99.57311905979698,-4.42688094020302,18.42688094020302,18.42688094020302
DCA,PBI,DCA-PBI,12,1,0,10,157.0,857.0,138.0,157.0,148.02066911264856,-8.979330887351438,-10.020669112648562,10.020669112648562
PBI,DCA,PBI-DCA,12,1,0,13,141.0,857.0,121.0,141.0,137.69967939204918,-3.300320607950823,-16.699679392049177,16.699679392049177
DCA,FLL,DCA-FLL,12,1,0,17,168.0,899.0,174.0,168.0,158.09283080203744,-9.90716919796256,15.90716919796256,15.90716919796256
FLL,DCA,FLL-DCA,12,1,0,20,148.0,899.0,133.0,148.0,145.81771125170494,-2.182288748295065,-12.817711251704935,12.817711251704935
DCA,MIA,DCA-MIA,12,1,0,9,174.0,919.0,165.0,174.0,162.78912565755456,-11.210874342445436,2.210874342445436,2.210874342445436
BOS,DCA,BOS-DCA,12,1,0,7,107.0,399.0,104.0,107.0,102.10710811995517,-4.892891880044829,1.8928918800448287,1.8928918800448287
DCA,ORD,DCA-ORD,12,1,0,9,134.0,612.0,136.0,134.0,127.15253928526587,-6.847460714734126,8.847460714734126,8.847460714734126
BOS,DCA,BOS-DCA,12,1,0,19,102.0,399.0,114.0,102.0,100.17015886346228,-1.8298411365377234,13.829841136537723,13.829841136537723
RIC,MIA,RIC-MIA,12,1,0,5,157.0,826.0,131.0,157.0,147.65787469288756,-9.34212530711244,-16.65787469288756,16.65787469288756
DFW,DCA,DFW-DCA,12,1,0,17,164.0,1192.0,153.0,164.0,165.98605283740704,1.986052837407044,-12.986052837407044,12.986052837407044
ORD,DCA,ORD-DCA,12,1,0,21,115.0,612.0,128.0,115.0,108.90469114361316,-6.095308856386836,19.095308856386836,19.095308856386836
MIA,ORF,MIA-ORF,12,1,0,22,141.0,802.0,126.0,141.0,132.02679726035396,-8.973202739646041,-6.026797260353959,6.026797260353959
DFW,DCA,DFW-DCA,12,1,0,5,168.0,1192.0,144.0,168.0,164.1872621919691,-3.812737808030903,-20.187262191969097,20.187262191969097
DCA,DFW,DCA-DFW,12,1,0,10,219.0,1192.0,231.0,219.0,210.2717183961433,-8.728281603856686,20.728281603856686,20.728281603856686
DFW,DCA,DFW-DCA,12,1,0,12,173.0,1192.0,142.0,173.0,168.0544867000503,-4.94551329994971,-26.05448670005029,26.05448670005029
DCA,MCO,DCA-MCO,12,1,0,17,156.0,759.0,186.0,156.0,150.36554193894446,-5.63445806105554,35.63445806105554,35.63445806105554
DFW,ORF,DFW-ORF,12,1,0,14,169.0,1212.0,143.0,169.0,163.13629904906907,-5.863700950930934,-20.136299049069066,20.136299049069066
ORF,DFW,ORF-DFW,12,1,0,19,218.0,1212.0,239.0,218.0,213.52023433926072,-4.479765660739275,25.479765660739275,25.479765660739275
DCA,MIA,DCA-MIA,12,1,0,17,184.0,919.0,182.0,184.0,169.16673487201803,-14.833265127981974,12.833265127981974,12.833265127981974
ORD,DCA,ORD-DCA,12,1,0,13,111.0,612.0,140.0,111.0,113.87134849393904,2.8713484939390383,26.12865150606096,26.12865150606096
CLT,RIC,CLT-RIC,12,1,0,23,80.0,257.0,60.0,80.0,73.30200473327871,-6.697995266721293,-13.302004733278707,13.302004733278707
CLT,RIC,CLT-RIC,12,1,0,7,71.0,257.0,66.0,71.0,67.25078607435552,-3.749213925644483,-1.250786074355517,1.250786074355517
RIC,CLT,RIC-CLT,12,1,0,9,83.0,257.0,89.0,83.0,76.30136135400883,-6.698638645991167,12.698638645991167,12.698638645991167
DFW,ORF,DFW-ORF,12,1,0,19,173.0,1212.0,150.0,173.0,168.0277238649113,-4.972276135088691,-18.02772386491131,18.02772386491131
TPA,DCA,TPA-DCA,12,1,0,19,134.0,814.0,126.0,134.0,131.86631262294807,-2.1336873770519276,-5.866312622948072,5.866312622948072
DCA,CLT,DCA-CLT,12,1,0,5,93.0,331.0,78.0,93.0,83.92135755857778,-9.078642441422218,-5.921357558577782,5.921357558577782
DCA,DFW,DCA-DFW,12,1,0,14,223.0,1192.0,248.0,223.0,213.64683854100156,-9.353161458998443,34.35316145899844,34.35316145899844
DCA,MCO,DCA-MCO,12,1,0,8,160.0,759.0,145.0,160.0,150.74961763013334,-9.250382369866657,-5.7496176301333435,5.7496176301333435
MCO,DCA,MCO-DCA,12,1,0,11,128.0,759.0,117.0,128.0,126.38579272460696,-1.614207275393042,-9.385792724606958,9.385792724606958
RIC,CLT,RIC-CLT,12,1,0,5,75.0,257.0,70.0,75.0,66.74435130329655,-8.255648696703446,3.255648696703446,3.255648696703446
DFW,DCA,DFW-DCA,12,1,0,7,169.0,1192.0,156.0,169.0,164.3072390795239,-4.692760920476104,-8.307239079523896,8.307239079523896
DCA,DFW,DCA-DFW,12,1,0,11,216.0,1192.0,222.0,216.0,210.1305340463434,-5.869465953656601,11.8694659536566,11.8694659536566
DFW,RIC,DFW-RIC,12,1,0,18,164.0,1158.0,145.0,164.0,162.49454398130337,-1.5054560186966341,-17.494543981303366,17.494543981303366
DCA,MCO,DCA-MCO,12,1,0,15,151.0,759.0,180.0,151.0,145.99688185637754,-5.0031181436224585,34.00311814362246,34.00311814362246
MIA,DCA,MIA-DCA,12,1,0,11,160.0,919.0,141.0,160.0,152.44332487748258,-7.556675122517419,-11.443324877482581,11.443324877482581
MIA,DCA,MIA-DCA,12,1,0,17,156.0,919.0,151.0,156.0,153.82540043285647,-2.174599567143531,-2.825400432856469,2.825400432856469
DCA,DFW,DCA-DFW,12,1,0,8,227.0,1192.0,231.0,227.0,214.32738386874874,-12.67261613125126,16.67261613125126,16.67261613125126
MIA,DCA,MIA-DCA,12,1,0,8,150.0,919.0,146.0,150.0,148.02275137279725,-1.977248627202755,-2.022751372797245,2.022751372797245
DCA,MIA,DCA-MIA,12,1,0,18,175.0,919.0,175.0,175.0,165.66904263226263,-9.33095736773737,9.33095736773737,9.33095736773737
DCA,MCO,DCA-MCO,12,1,0,11,154.0,759.0,153.0,154.0,146.14547940212162,-7.854520597878377,6.854520597878377,6.854520597878377
MCO,DCA,MCO-DCA,12,1,0,15,130.0,759.0,128.0,130.0,130.5914619955283,0.5914619955283058,-2.591461995528306,2.591461995528306
DFW,ORF,DFW-ORF,12,1,0,10,184.0,1212.0,163.0,184.0,171.5822802362781,-12.417719763721891,-8.582280236278109,8.582280236278109
ORF,DFW,ORF-DFW,12,1,0,15,224.0,1212.0,214.0,224.0,216.32632625212216,-7.673673747877842,-2.3263262521221577,2.3263262521221577
DCA,MIA,DCA-MIA,12,1,0,19,177.0,919.0,160.0,177.0,163.87478322455183,-13.125216775448166,-3.874783224551834,3.874783224551834
DFW,DCA,DFW-DCA,12,1,0,14,167.0,1192.0,147.0,167.0,164.61740156516717,-2.382598434832829,-17.61740156516717,17.61740156516717
RIC,CLT,RIC-CLT,12,1,0,6,88.0,257.0,84.0,88.0,77.12690360266517,-10.873096397334834,6.873096397334834,6.873096397334834
MIA,DCA,MIA-DCA,12,1,0,9,165.0,919.0,136.0,165.0,157.35184038518346,-7.648159614816535,-21.351840385183465,21.351840385183465
DCA,CLT,DCA-CLT,12,1,0,13,90.0,331.0,92.0,90.0,84.93745507167016,-5.062544928329842,7.062544928329842,7.062544928329842
DFW,RIC,DFW-RIC,12,1,0,14,165.0,1158.0,139.0,165.0,161.29288677758157,-3.7071132224184282,-22.292886777581572,22.292886777581572
RIC,DFW,RIC-DFW,12,1,0,19,211.0,1158.0,222.0,211.0,214.34561348132652,3.3456134813265237,7.654386518673476,7.654386518673476
DCA,TPA,DCA-TPA,12,1,0,18,154.0,814.0,158.0,154.0,148.34161437546615,-5.6583856245338495,9.65838562453385,9.65838562453385
MIA,DCA,MIA-DCA,12,1,0,14,154.0,919.0,149.0,154.0,149.96053291056137,-4.039467089438631,-0.9605329105613691,0.9605329105613691
DCA,MIA,DCA-MIA,12,1,0,8,185.0,919.0,161.0,185.0,167.51491088174348,-17.485089118256525,-6.514910881743475,6.514910881743475
MIA,DCA,MIA-DCA,12,1,0,18,161.0,919.0,160.0,161.0,154.8923711766706,-6.1076288233294065,5.1076288233294065,5.1076288233294065
MCO,DCA,MCO-DCA,12,1,0,19,129.0,759.0,152.0,129.0,128.86743913478247,-0.13256086521752763,23.132560865217528,23.132560865217528
DFW,RIC,DFW-RIC,12,1,0,10,181.0,1158.0,144.0,181.0,167.97583005319387,-13.024169946806126,-23.975830053193874,23.975830053193874
RIC,DFW,RIC-DFW,12,1,0,15,214.0,1158.0,233.0,214.0,214.64074791025695,0.6407479102569482,18.359252089743052,18.359252089743052
DCA,MCO,DCA-MCO,12,1,0,6,150.0,759.0,130.0,150.0,144.76272763286667,-5.237272367133329,-14.762727632866671,14.762727632866671
MIA,DCA,MIA-DCA,12,1,0,22,164.0,919.0,137.0,164.0,157.67668648847777,-6.32331351152223,-20.67668648847777,20.67668648847777
ORF,MIA,ORF-MIA,12,1,0,5,150.0,802.0,131.0,150.0,141.34347458465766,-8.656525415342344,-10.343474584657656,10.343474584657656
DCA,BOS,DCA-BOS,12,1,0,20,90.0,399.0,81.0,90.0,93.12078515501204,3.120785155012044,-12.120785155012044,12.120785155012044
DFW,DCA,DFW-DCA,12,1,0,16,164.0,1192.0,153.0,164.0,165.73420358450775,1.7342035845077532,-12.734203584507753,12.734203584507753
ORF,DFW,ORF-DFW,12,1,0,6,225.0,1212.0,203.0,225.0,215.57391663043805,-9.426083369561951,-12.573916630438049,12.573916630438049
DCA,MIA,DCA-MIA,12,1,0,14,175.0,919.0,167.0,175.0,164.34854712255589,-10.651452877444115,2.6514528774441146,2.6514528774441146
DFW,DCA,DFW-DCA,12,1,0,9,174.0,1192.0,146.0,174.0,168.45210534621685,-5.547894653783146,-22.452105346216854,22.452105346216854
DCA,MIA,DCA-MIA,12,1,0,7,180.0,919.0,157.0,180.0,166.04965007437542,-13.950349925624579,-9.049650074375421,9.049650074375421
DCA,DFW,DCA-DFW,12,1,0,7,219.0,1192.0,236.0,219.0,211.92366188572518,-7.076338114274819,24.07633811427482,24.07633811427482
CLT,DCA,CLT-DCA,12,1,0,13,79.0,331.0,107.0,79.0,88.87167365936624,9.871673659366238,18.128326340633762,18.128326340633762
DCA,ORD,DCA-ORD,12,1,0,15,142.0,612.0,135.0,142.0,136.6936914360013,-5.306308563998698,-1.693691436001302,1.693691436001302
MCO,DCA,MCO-DCA,12,1,0,7,139.0,759.0,123.0,139.0,135.8600254679945,-3.1399745320055104,-12.86002546799449,12.86002546799449
DCA,CLT,DCA-CLT,12,1,0,10,98.0,331.0,83.0,98.0,89.60239362927007,-8.397606370729932,-6.602393629270068,6.602393629270068
MIA,RIC,MIA-RIC,12,1,0,21,149.0,826.0,153.0,149.0,143.85155657380633,-5.148443426193666,9.148443426193666,9.148443426193666
DCA,DFW,DCA-DFW,12,1,0,13,219.0,1192.0,222.0,219.0,211.41834066264153,-7.581659337358474,10.581659337358474,10.581659337358474
DFW,DCA,DFW-DCA,12,1,0,8,173.0,1192.0,155.0,173.0,168.00504694069932,-4.994953059300684,-13.005046940699316,13.005046940699316
CLT,DCA,CLT-DCA,12,2,0,9,88.0,331.0,105.0,88.0,91.72006968227785,3.7200696822778525,13.279930317722147,13.279930317722147
DCA,ORD,DCA-ORD,12,2,0,11,139.0,612.0,129.0,139.0,133.33772555930514,-5.662274440694858,-4.337725559305142,4.337725559305142
ORD,DCA,ORD-DCA,12,2,0,16,110.0,612.0,112.0,110.0,110.16485864222848,0.1648586422284808,1.8351413577715192,1.8351413577715192
DCA,CLT,DCA-CLT,12,2,0,8,104.0,331.0,92.0,104.0,93.33703319595088,-10.66296680404912,-1.3370331959508803,1.3370331959508803
DCA,CLT,DCA-CLT,12,2,0,19,97.0,331.0,76.0,97.0,89.17510378821653,-7.824896211783468,-13.175103788216532,13.175103788216532
CLT,DCA,CLT-DCA,12,2,0,19,78.0,331.0,69.0,78.0,83.53610902663266,5.5361090266326585,-14.536109026632658,14.536109026632658
CLT,ORF,CLT-ORF,12,2,0,7,70.0,290.0,62.0,70.0,67.28647276105173,-2.7135272389482736,-5.286472761051726,5.286472761051726
ORF,CLT,ORF-CLT,12,2,0,9,86.0,290.0,91.0,86.0,78.72449187463651,-7.275508125363487,12.275508125363487,12.275508125363487
DCA,PBI,DCA-PBI,12,2,0,15,162.0,857.0,154.0,162.0,152.8733974560503,-9.126602543949701,1.1266025439497014,1.1266025439497014
PBI,DCA,PBI-DCA,12,2,0,18,142.0,857.0,131.0,142.0,140.06439650942625,-1.9356034905737545,-9.064396509426246,9.064396509426246
DCA,TPA,DCA-TPA,12,2,0,8,157.0,814.0,162.0,157.0,149.01488421300238,-7.985115786997625,12.985115786997625,12.985115786997625
TPA,DCA,TPA-DCA,12,2,0,11,132.0,814.0,120.0,132.0,129.53181506686036,-2.4681849331396393,-9.53181506686036,9.53181506686036
DFW,IAD,DFW-IAD,12,2,0,13,168.0,1172.0,170.0,168.0,163.50828236263317,-4.491717637366833,6.491717637366833,6.491717637366833
IAD,DFW,IAD-DFW,12,2,0,18,235.0,1172.0,196.0,235.0,210.2741254145086,-24.725874585491397,-14.274125414508603,14.274125414508603
CLT,RIC,CLT-RIC,12,2,0,18,72.0,257.0,60.0,72.0,69.43412431807228,-2.5658756819277215,-9.434124318072278,9.434124318072278
RIC,CLT,RIC-CLT,12,2,0,20,88.0,257.0,84.0,88.0,78.49483597573223,-9.50516402426777,5.505164024267771,5.505164024267771
DCA,DFW,DCA-DFW,12,2,0,6,224.0,1192.0,187.0,224.0,214.26387136377537,-9.736128636224635,-27.263871363775365,27.263871363775365
MIA,DCA,MIA-DCA,12,2,0,21,156.0,919.0,138.0,156.0,151.56126386002572,-4.4387361399742815,-13.561263860025718,13.561263860025718
MIA,DCA,MIA-DCA,12,2,0,9,165.0,919.0,140.0,165.0,157.35184038518346,-7.648159614816535,-17.351840385183465,17.351840385183465
DCA,CLT,DCA-CLT,12,2,0,13,90.0,331.0,83.0,90.0,84.93745507167016,-5.062544928329842,-1.9374550716701577,1.9374550716701577
DFW,DCA,DFW-DCA,12,2,0,5,168.0,1192.0,172.0,168.0,164.1872621919691,-3.812737808030903,7.812737808030903,7.812737808030903
DCA,DFW,DCA-DFW,12,2,0,10,219.0,1192.0,227.0,219.0,210.36014196234072,-8.63985803765928,16.63985803765928,16.63985803765928
MIA,DCA,MIA-DCA,12,2,0,22,164.0,919.0,137.0,164.0,157.67668648847777,-6.32331351152223,-20.67668648847777,20.67668648847777
DCA,MCO,DCA-MCO,12,2,0,6,150.0,759.0,148.0,150.0,144.5274074027678,-5.472592597232193,3.472592597232193,3.472592597232193
MCO,DCA,MCO-DCA,12,2,0,21,126.0,759.0,134.0,126.0,120.68455534141144,-5.315444658588561,13.31544465858856,13.31544465858856
IAD,DFW,IAD-DFW,12,2,0,6,221.0,1172.0,184.0,221.0,203.8045449503814,-17.1954550496186,-19.8045449503814,19.8045449503814
DCA,MIA,DCA-MIA,12,2,0,5,170.0,919.0,163.0,170.0,159.40481931464328,-10.595180685356723,3.5951806853567234,3.5951806853567234
DCA,MIA,DCA-MIA,12,2,0,6,175.0,919.0,187.0,175.0,163.67052139073962,-11.329478609260377,23.329478609260377,23.329478609260377
DCA,MCO,DCA-MCO,12,2,0,15,151.0,759.0,168.0,151.0,145.76156162627868,-5.238438373721323,22.238438373721323,22.238438373721323
MIA,DCA,MIA-DCA,12,2,0,11,160.0,919.0,139.0,160.0,152.44332487748258,-7.556675122517419,-13.443324877482581,13.443324877482581
DCA,MIA,DCA-MIA,12,2,0,17,184.0,919.0,162.0,184.0,169.16673487201803,-14.833265127981974,-7.166734872018026,7.166734872018026
ORD,DCA,ORD-DCA,12,2,0,13,111.0,612.0,122.0,111.0,113.87134849393904,2.8713484939390383,8.128651506060962,8.128651506060962
DCA,MIA,DCA-MIA,12,2,0,19,177.0,919.0,157.0,177.0,163.87478322455183,-13.125216775448166,-6.874783224551834,6.874783224551834
DFW,DCA,DFW-DCA,12,2,0,14,167.0,1192.0,165.0,167.0,164.61740156516717,-2.382598434832829,0.38259843483282907,0.38259843483282907
LAS,DCA,LAS-DCA,12,2,0,13,267.0,2089.0,271.0,267.0,254.97798255165205,-12.022017448347952,16.022017448347952,16.022017448347952
LAX,DCA,LAX-DCA,12,2,0,12,290.0,2311.0,278.0,290.0,282.1723802309215,-7.827619769078524,-4.172380230921476,4.172380230921476
PHX,DCA,PHX-DCA,12,2,0,0,242.0,1979.0,246.0,242.0,236.02696594915557,-5.973034050844433,9.973034050844433,9.973034050844433
DCA,LAX,DCA-LAX,12,2,0,8,366.0,2311.0,337.0,366.0,348.14105366307774,-17.85894633692226,-11.141053663077741,11.141053663077741
DCA,LAS,DCA-LAS,12,2,0,7,324.0,2089.0,298.0,324.0,312.44144140590805,-11.558558594091949,-14.441441405908051,14.441441405908051
PHX,DCA,PHX-DCA,12,2,0,13,249.0,1979.0,249.0,249.0,243.23311528538082,-5.766884714619181,5.766884714619181,5.766884714619181
DCA,PHX,DCA-PHX,12,2,0,7,318.0,1979.0,276.0,318.0,306.60960343950177,-11.390396560498232,-30.609603439501768,30.609603439501768
LAX,DCA,LAX-DCA,12,2,0,8,291.0,2311.0,284.0,291.0,282.95829094352626,-8.041709056473735,1.041709056473735,1.041709056473735
DCA,PHX,DCA-PHX,12,2,0,17,307.0,1979.0,295.0,307.0,296.40835570596187,-10.591644294038133,-1.408355705961867,1.408355705961867
DFW,RIC,DFW-RIC,12,2,0,10,179.0,1158.0,173.0,179.0,164.27835993719492,-14.72164006280508,8.72164006280508,8.72164006280508
RIC,DFW,RIC-DFW,12,2,0,15,214.0,1158.0,199.0,214.0,214.72917147645435,0.7291714764543542,-15.729171476454354,15.729171476454354
DCA,PHX,DCA-PHX,12,2,0,10,309.0,1979.0,278.0,309.0,294.2226519038733,-14.777348096126673,-16.222651903873327,16.222651903873327
DCA,LAX,DCA-LAX,12,2,0,16,352.0,2311.0,332.0,352.0,344.50967515739796,-7.4903248426020355,-12.509675157397965,12.509675157397965
PHX,DCA,PHX-DCA,12,2,0,9,254.0,1979.0,251.0,254.0,246.6566354615352,-7.343364538464812,4.343364538464812,4.343364538464812
DFW,DCA,DFW-DCA,12,2,0,19,170.0,1192.0,170.0,170.0,167.75860965900708,-2.241390340992922,2.241390340992922,2.241390340992922
DFW,RIC,DFW-RIC,12,2,0,18,164.0,1158.0,161.0,164.0,162.1402935285462,-1.8597064714537908,-1.1402935285462092,1.1402935285462092
CLT,RIC,CLT-RIC,12,2,0,14,70.0,257.0,64.0,70.0,67.43370502511263,-2.56629497488737,-3.43370502511263,3.43370502511263
RIC,CLT,RIC-CLT,12,2,0,17,87.0,257.0,63.0,87.0,79.39304064859954,-7.606959351400462,-16.393040648599538,16.393040648599538
DCA,CLT,DCA-CLT,12,2,0,5,93.0,331.0,85.0,93.0,83.35099791486975,-9.649002085130249,1.649002085130249,1.649002085130249
DCA,BOS,DCA-BOS,12,2,0,16,92.0,399.0,91.0,92.0,96.59330785280152,4.593307852801516,-5.593307852801516,5.593307852801516
BOS,DCA,BOS-DCA,12,2,0,8,104.0,399.0,98.0,104.0,99.57311905979698,-4.42688094020302,-1.57311905979698,1.57311905979698
DCA,PBI,DCA-PBI,12,2,0,10,157.0,857.0,156.0,157.0,148.02066911264856,-8.979330887351438,7.979330887351438,7.979330887351438
PBI,DCA,PBI-DCA,12,2,0,13,141.0,857.0,134.0,141.0,137.69967939204918,-3.300320607950823,-3.699679392049177,3.699679392049177
BOS,DCA,BOS-DCA,12,2,0,19,102.0,399.0,85.0,102.0,100.17015886346228,-1.8298411365377234,-15.170158863462277,15.170158863462277
DCA,RSW,DCA-RSW,12,2,0,15,162.0,892.0,162.0,162.0,156.5044392221999,-5.495560777800108,5.495560777800108,5.495560777800108
RSW,DCA,RSW-DCA,12,2,0,18,138.0,892.0,168.0,138.0,139.1315570468749,1.1315570468748888,28.86844295312511,28.86844295312511
ORD,DCA,ORD-DCA,12,2,0,11,108.0,612.0,116.0,108.0,110.1733770968776,2.1733770968776014,5.826622903122399,5.826622903122399
DCA,ORD,DCA-ORD,12,2,0,7,145.0,612.0,141.0,145.0,139.59517160231022,-5.4048283976897835,1.4048283976897835,1.4048283976897835
CLT,DCA,CLT-DCA,12,2,0,8,78.0,331.0,81.0,78.0,86.88001227097391,8.880012270973907,-5.880012270973907,5.880012270973907
DCA,PBI,DCA-PBI,12,2,0,17,162.0,857.0,139.0,162.0,153.1252467089496,-8.87475329105041,-14.12524670894959,14.12524670894959
PBI,DCA,PBI-DCA,12,2,0,20,142.0,857.0,118.0,142.0,138.2842640644604,-3.7157359355396125,-20.284264064460388,20.284264064460388
DCA,RSW,DCA-RSW,12,2,0,10,168.0,892.0,152.0,168.0,158.410011835622,-9.589988164378013,-6.410011835621987,6.410011835621987
RSW,DCA,RSW-DCA,12,2,0,13,143.0,892.0,171.0,143.0,139.45898421531948,-3.541015784680525,31.541015784680525,31.541015784680525
BOS,DCA,BOS-DCA,12,2,0,17,102.0,399.0,96.0,102.0,100.71714254529202,-1.2828574547079796,-4.71714254529202,4.71714254529202
DCA,BOS,DCA-BOS,12,2,0,14,89.0,399.0,81.0,89.0,92.54056224364398,3.5405622436439756,-11.540562243643976,11.540562243643976
DCA,PBI,DCA-PBI,12,2,0,7,158.0,857.0,152.0,158.0,149.12803547985715,-8.871964520142853,2.8719645201428534,2.8719645201428534
PBI,DCA,PBI-DCA,12,2,0,11,142.0,857.0,134.0,142.0,137.71740105453057,-4.282598945469431,-3.717401054530569,3.717401054530569
DCA,ORD,DCA-ORD,12,2,0,19,144.0,612.0,145.0,144.0,137.44748732351758,-6.552512676482422,7.552512676482422,7.552512676482422
DCA,JAX,DCA-JAX,12,2,0,15,130.0,634.0,133.0,130.0,128.53014974625552,-1.4698502537444824,4.469850253744482,4.469850253744482
JAX,DCA,JAX-DCA,12,2,0,19,112.0,634.0,109.0,112.0,113.38629245287011,1.3862924528701086,-4.386292452870109,4.386292452870109
DCA,SRQ,DCA-SRQ,12,2,0,9,158.0,851.0,171.0,158.0,147.225420162887,-10.77457983711301,23.77457983711301,23.77457983711301
SRQ,DCA,SRQ-DCA,12,2,0,13,144.0,851.0,158.0,144.0,138.65308315435632,-5.346916845643676,19.346916845643676,19.346916845643676
DCA,CLT,DCA-CLT,12,2,0,17,96.0,331.0,86.0,96.0,89.67240298814848,-6.327597011851523,-3.6724029881484768,3.6724029881484768
JAX,DCA,JAX-DCA,12,2,0,7,110.0,634.0,101.0,110.0,110.65571283142017,0.6557128314201748,-9.655712831420175,9.655712831420175
CLT,DCA,CLT-DCA,12,2,0,20,85.0,331.0,76.0,85.0,91.11907755112236,6.119077551122359,-15.11907755112236,15.11907755112236
RIC,CLT,RIC-CLT,12,2,0,6,89.0,257.0,73.0,89.0,77.12690360266517,-11.873096397334834,-4.126903602665166,4.126903602665166
DCA,MSY,DCA-MSY,12,2,0,7,170.0,969.0,170.0,170.0,161.44829738206363,-8.551702617936371,8.551702617936371,8.551702617936371
MSY,DCA,MSY-DCA,12,2,0,10,145.0,969.0,131.0,145.0,143.96687169086263,-1.0331283091373678,-12.966871690862632,12.966871690862632
DCA,FLL,DCA-FLL,12,2,0,14,159.0,899.0,193.0,159.0,151.29892800458893,-7.70107199541107,41.70107199541107,41.70107199541107
FLL,DCA,FLL-DCA,12,2,0,17,147.0,899.0,136.0,147.0,145.0001622872533,-1.9998377127467108,-9.00016228725329,9.00016228725329
DCA,MIA,DCA-MIA,12,2,0,19,180.0,919.0,169.0,180.0,167.30642645399104,-12.693573546008963,1.6935735460089631,1.6935735460089631
MIA,DCA,MIA-DCA,12,2,0,15,151.0,919.0,158.0,151.0,149.53161521401,-1.468384785989997,8.468384785989997,8.468384785989997
DCA,VPS,DCA-VPS,12,2,0,8,165.0,789.0,162.0,165.0,155.14519998158667,-9.854800018413329,6.854800018413329,6.854800018413329
VPS,DCA,VPS-DCA,12,2,0,10,127.0,789.0,138.0,127.0,125.7967731273188,-1.2032268726811992,12.2032268726812,12.2032268726812
DCA,JAX,DCA-JAX,12,2,0,20,127.0,634.0,118.0,127.0,124.3572446741458,-2.6427553258541963,-6.357244674145804,6.357244674145804
DCA,PWM,DCA-PWM,12,2,0,15,99.0,482.0,81.0,99.0,95.97843964319763,-3.021560356802368,-14.978439643197632,14.978439643197632
PWM,DCA,PWM-DCA,12,2,0,17,114.0,482.0,107.0,114.0,108.05885066196075,-5.941149338039253,-1.0588506619607472,1.0588506619607472
DCA,RDU,DCA-RDU,12,2,0,20,71.0,227.0,59.0,71.0,70.81916922715588,-0.18083077284411786,-11.819169227155882,11.819169227155882
DCA,TPA,DCA-TPA,12,2,0,13,155.0,814.0,148.0,155.0,147.16648836214557,-7.8335116378544285,0.8335116378544285,0.8335116378544285
TPA,DCA,TPA-DCA,12,2,0,17,131.0,814.0,146.0,131.0,131.80819204733993,0.8081920473399293,14.19180795266007,14.19180795266007
DCA,RSW,DCA-RSW,12,2,0,6,164.0,892.0,152.0,164.0,156.5682456466321,-7.431754353367893,-4.568245646632107,4.568245646632107
RSW,DCA,RSW-DCA,12,2,0,10,142.0,892.0,134.0,142.0,137.85028203789798,-4.149717962102017,-3.8502820378979834,3.8502820378979834
DCA,BOS,DCA-BOS,12,2,0,6,92.0,399.0,84.0,92.0,93.28949214901952,1.289492149019523,-9.289492149019523,9.289492149019523
DCA,BOS,DCA-BOS,12,2,0,11,91.0,399.0,78.0,91.0,95.28405909632342,4.284059096323418,-17.284059096323418,17.284059096323418
BOS,DCA,BOS-DCA,12,2,0,9,101.0,399.0,99.0,101.0,98.42380978065273,-2.576190219347268,0.5761902193472679,0.5761902193472679
DFW,ORF,DFW-ORF,12,2,0,14,169.0,1212.0,177.0,169.0,163.22472261526647,-5.775277384733528,13.775277384733528,13.775277384733528
ORF,DFW,ORF-DFW,12,2,0,19,218.0,1212.0,208.0,218.0,213.74885594203587,-4.251144057964126,-5.748855942035874,5.748855942035874
MIA,DCA,MIA-DCA,12,2,0,17,156.0,919.0,146.0,156.0,153.82540043285647,-2.174599567143531,-7.825400432856469,7.825400432856469
CLT,DCA,CLT-DCA,12,2,0,13,79.0,331.0,81.0,79.0,88.87167365936624,9.871673659366238,-7.8716736593662375,7.8716736593662375
DCA,ORD,DCA-ORD,12,2,0,15,142.0,612.0,128.0,142.0,136.6936914360013,-5.306308563998698,-8.693691436001302,8.693691436001302
DFW,DCA,DFW-DCA,12,2,0,17,164.0,1192.0,168.0,164.0,165.98605283740704,1.986052837407044,2.013947162592956,2.013947162592956
ORD,DCA,ORD-DCA,12,2,0,21,115.0,612.0,130.0,115.0,108.90469114361316,-6.095308856386836,21.095308856386836,21.095308856386836
DCA,BOS,DCA-BOS,12,2,0,18,90.0,399.0,89.0,90.0,94.28087335251429,4.280873352514291,-5.280873352514291,5.280873352514291
BOS,DCA,BOS-DCA,12,2,0,15,99.0,399.0,86.0,99.0,98.15207780912303,-0.8479221908769716,-12.152077809123028,12.152077809123028
MIA,RIC,MIA-RIC,12,2,0,16,144.0,826.0,146.0,144.0,138.9465712742336,-5.053428725766395,7.053428725766395,7.053428725766395
RIC,MIA,RIC-MIA,12,2,0,19,154.0,826.0,154.0,154.0,148.25564135806272,-5.744358641937282,5.744358641937282,5.744358641937282
DCA,DFW,DCA-DFW,12,2,0,14,223.0,1192.0,197.0,223.0,213.73526210719896,-9.264737892801037,-16.735262107198963,16.735262107198963
DCA,MCO,DCA-MCO,12,2,0,8,160.0,759.0,156.0,160.0,150.51429740003448,-9.48570259996552,5.485702599965521,5.485702599965521
MCO,DCA,MCO-DCA,12,2,0,11,128.0,759.0,130.0,128.0,126.38579272460696,-1.614207275393042,3.614207275393042,3.614207275393042
DCA,CLT,DCA-CLT,12,2,0,6,95.0,331.0,90.0,95.0,88.16139246624692,-6.838607533753077,1.838607533753077,1.838607533753077
DCA,ORD,DCA-ORD,12,2,0,9,134.0,612.0,127.0,134.0,127.15253928526587,-6.847460714734126,-0.15253928526587401,0.15253928526587401
RDU,DCA,RDU-DCA,12,2,0,6,67.0,227.0,59.0,67.0,66.97877241271098,-0.021227587289018857,-7.978772412710981,7.978772412710981
ORD,DCA,ORD-DCA,12,2,0,6,111.0,612.0,104.0,111.0,113.89164088008359,2.8916408800835853,-9.891640880083585,9.891640880083585
DCA,FLL,DCA-FLL,12,2,0,10,172.0,899.0,170.0,172.0,158.52247876832647,-13.477521231673535,11.477521231673535,11.477521231673535
FLL,DCA,FLL-DCA,12,2,0,13,153.0,899.0,137.0,153.0,147.6773123707606,-5.322687629239397,-10.677312370760603,10.677312370760603
DCA,FLL,DCA-FLL,12,2,0,17,168.0,899.0,170.0,168.0,158.09283080203744,-9.90716919796256,11.90716919796256,11.90716919796256
FLL,DCA,FLL-DCA,12,2,0,20,148.0,899.0,141.0,148.0,145.81771125170494,-2.182288748295065,-4.817711251704935,4.817711251704935
DFW,IAD,DFW-IAD,12,2,0,18,167.0,1172.0,164.0,167.0,164.85178073970016,-2.1482192602998396,-0.8517807397001604,0.8517807397001604
ORF,MIA,ORF-MIA,12,2,0,5,150.0,802.0,157.0,150.0,141.34347458465766,-8.656525415342344,15.656525415342344,15.656525415342344
DCA,MIA,DCA-MIA,12,2,0,9,174.0,919.0,177.0,174.0,162.78912565755456,-11.210874342445436,14.210874342445436,14.210874342445436
BOS,DCA,BOS-DCA,12,2,0,7,107.0,399.0,91.0,107.0,102.10710811995517,-4.892891880044829,-11.107108119955171,11.107108119955171
DCA,MIA,DCA-MIA,12,2,0,18,175.0,919.0,165.0,175.0,165.66904263226263,-9.33095736773737,-0.6690426322626308,0.6690426322626308
MIA,DCA,MIA-DCA,12,2,0,14,154.0,919.0,143.0,154.0,149.96053291056137,-4.039467089438631,-6.960532910561369,6.960532910561369
TPA,DCA,TPA-DCA,12,2,0,19,134.0,814.0,123.0,134.0,131.86631262294807,-2.1336873770519276,-8.866312622948072,8.866312622948072
CLT,RIC,CLT-RIC,12,2,0,7,71.0,257.0,60.0,71.0,67.25078607435552,-3.749213925644483,-7.250786074355517,7.250786074355517
RIC,CLT,RIC-CLT,12,2,0,9,83.0,257.0,73.0,83.0,76.30136135400883,-6.698638645991167,-3.301361354008833,3.301361354008833
MCO,DCA,MCO-DCA,12,2,0,7,139.0,759.0,117.0,139.0,135.8600254679945,-3.1399745320055104,-18.86002546799449,18.86002546799449
DCA,CLT,DCA-CLT,12,2,0,10,98.0,331.0,87.0,98.0,89.60239362927007,-8.397606370729932,-2.6023936292700682,2.6023936292700682
MCO,DCA,MCO-DCA,12,2,0,19,129.0,759.0,127.0,129.0,128.86743913478247,-0.13256086521752763,-1.8674391347824724,1.8674391347824724
RIC,MIA,RIC-MIA,12,2,0,5,157.0,826.0,147.0,157.0,147.65787469288756,-9.34212530711244,-0.6578746928875603,0.6578746928875603
ORF,DFW,ORF-DFW,12,2,0,6,225.0,1212.0,227.0,225.0,215.8025382332132,-9.197461766786802,11.197461766786802,11.197461766786802
DCA,MIA,DCA-MIA,12,2,0,14,175.0,919.0,158.0,175.0,164.34854712255589,-10.651452877444115,-6.348547122555885,6.348547122555885
DFW,DCA,DFW-DCA,12,2,0,9,174.0,1192.0,172.0,174.0,168.54052891241426,-5.45947108758574,3.45947108758574,3.45947108758574
DCA,DFW,DCA-DFW,12,2,0,7,219.0,1192.0,197.0,219.0,212.0120854519226,-6.987914548077413,-15.012085451922587,15.012085451922587
CLT,DCA,CLT-DCA,12,2,0,22,78.0,331.0,76.0,78.0,73.25176625256739,-4.748233747432607,2.7482337474326073,2.7482337474326073
CLT,RIC,CLT-RIC,12,2,0,11,80.0,257.0,62.0,80.0,74.02903977248882,-5.970960227511185,-12.029039772488815,12.029039772488815
RIC,CLT,RIC-CLT,12,2,0,13,81.0,257.0,68.0,81.0,75.06796892875805,-5.932031071241951,-7.067968928758049,7.067968928758049
CLT,DCA,CLT-DCA,12,2,0,16,80.0,331.0,81.0,80.0,90.11689420729707,10.116894207297065,-9.116894207297065,9.116894207297065
DCA,DFW,DCA-DFW,12,2,0,18,216.0,1192.0,203.0,216.0,212.14646178489224,-3.8535382151077613,-9.146461784892239,9.146461784892239
CLT,RIC,CLT-RIC,12,2,0,23,80.0,257.0,60.0,80.0,73.30200473327871,-6.697995266721293,-13.302004733278707,13.302004733278707
RIC,DFW,RIC-DFW,12,2,0,6,218.0,1158.0,200.0,218.0,215.0727450874252,-2.9272549125747958,-15.072745087425204,15.072745087425204
MIA,DCA,MIA-DCA,12,2,0,8,150.0,919.0,138.0,150.0,148.02275137279725,-1.977248627202755,-10.022751372797245,10.022751372797245
DCA,TPA,DCA-TPA,12,2,0,18,154.0,814.0,138.0,154.0,148.34161437546615,-5.6583856245338495,-10.34161437546615,10.34161437546615
DCA,MCO,DCA-MCO,12,2,0,11,154.0,759.0,157.0,154.0,145.91015917202276,-8.089840827977241,11.089840827977241,11.089840827977241
MCO,DCA,MCO-DCA,12,2,0,15,130.0,759.0,124.0,130.0,130.5914619955283,0.5914619955283058,-6.591461995528306,6.591461995528306
MIA,RIC,MIA-RIC,12,2,0,21,149.0,826.0,149.0,149.0,143.85155657380633,-5.148443426193666,5.148443426193666,5.148443426193666
DFW,DCA,DFW-DCA,12,2,0,12,173.0,1192.0,177.0,173.0,168.1429102662477,-4.857089733752304,8.857089733752304,8.857089733752304
DCA,MCO,DCA-MCO,12,2,0,17,156.0,759.0,135.0,156.0,150.1302217088456,-5.869778291154404,-15.130221708845596,15.130221708845596
DCA,DFW,DCA-DFW,12,2,0,8,227.0,1192.0,208.0,227.0,214.41580743494615,-12.584192565053854,-6.415807434946146,6.415807434946146
DFW,ORF,DFW-ORF,12,2,0,18,176.0,1212.0,174.0,176.0,170.33828250288948,-5.661717497110516,3.6617174971105158,3.6617174971105158
MIA,DCA,MIA-DCA,12,2,0,6,148.0,919.0,154.0,148.0,147.66586765709923,-0.334132342900773,6.334132342900773,6.334132342900773
DCA,TPA,DCA-TPA,12,2,0,10,164.0,814.0,157.0,164.0,154.27418618155608,-9.725813818443925,2.7258138184439247,2.7258138184439247
TPA,DCA,TPA-DCA,12,2,0,13,131.0,814.0,154.0,131.0,130.46749716668612,-0.5325028333138846,23.532502833313885,23.532502833313885
DCA,DFW,DCA-DFW,12,2,0,17,219.0,1192.0,194.0,219.0,212.8173537109444,-6.1826462890556115,-18.81735371094439,18.81735371094439
DCA,MIA,DCA-MIA,12,2,0,7,180.0,919.0,173.0,180.0,166.04965007437542,-13.950349925624579,6.950349925624579,6.950349925624579
MIA,ORF,MIA-ORF,12,2,0,22,141.0,802.0,132.0,141.0,132.02679726035396,-8.973202739646041,-0.026797260353959018,0.026797260353959018
DCA,MIA,DCA-MIA,12,2,0,8,185.0,919.0,205.0,185.0,167.51491088174348,-17.485089118256525,37.485089118256525,37.485089118256525
DCA,DFW,DCA-DFW,12,2,0,13,219.0,1192.0,199.0,219.0,211.50676422883893,-7.493235771161068,-12.506764228838932,12.506764228838932
DFW,DCA,DFW-DCA,12,2,0,8,173.0,1192.0,186.0,173.0,168.09347050689672,-4.906529493103278,17.906529493103278,17.906529493103278
DFW,RIC,DFW-RIC,12,2,0,14,165.0,1158.0,164.0,165.0,160.93863632482442,-4.061363675175585,3.061363675175585,3.061363675175585
RIC,DFW,RIC-DFW,12,2,0,19,211.0,1158.0,210.0,211.0,214.43403704752393,3.4340370475239297,-4.43403704752393,4.43403704752393
DFW,ORF,DFW-ORF,12,2,0,10,184.0,1212.0,179.0,184.0,171.67070380247551,-12.329296197524485,7.329296197524485,7.329296197524485
ORF,DFW,ORF-DFW,12,2,0,15,224.0,1212.0,188.0,224.0,216.5549478548973,-7.445052145102693,-28.554947854897307,28.554947854897307
DCA,BOS,DCA-BOS,12,2,0,20,90.0,399.0,77.0,90.0,93.12078515501204,3.120785155012044,-16.120785155012044,16.120785155012044
DFW,DCA,DFW-DCA,12,2,0,16,164.0,1192.0,164.0,164.0,165.73420358450775,1.7342035845077532,-1.7342035845077532,1.7342035845077532
CLT,RIC,CLT-RIC,12,2,0,20,73.0,257.0,63.0,73.0,68.87675094425262,-4.1232490557473795,-5.8767509442526205,5.8767509442526205
DFW,DCA,DFW-DCA,12,2,0,7,169.0,1192.0,164.0,169.0,164.3956626457213,-4.604337354278698,-0.39566264572130194,0.39566264572130194
DCA,DFW,DCA-DFW,12,2,0,11,216.0,1192.0,202.0,216.0,210.2189576125408,-5.781042387459195,-8.218957612540805,8.218957612540805
MIA,DCA,MIA-DCA,12,2,0,18,161.0,919.0,168.0,161.0,154.8923711766706,-6.1076288233294065,13.107628823329406,13.107628823329406
RIC,CLT,RIC-CLT,12,2,0,5,75.0,257.0,69.0,75.0,66.74435130329655,-8.255648696703446,2.255648696703446,2.255648696703446
DCA,CLT,DCA-CLT,12,3,0,8,104.0,331.0,94.0,104.0,93.33703319595088,-10.66296680404912,0.6629668040491197,0.6629668040491197
DCA,ORD,DCA-ORD,12,3,0,11,139.0,612.0,128.0,139.0,133.33772555930514,-5.662274440694858,-5.337725559305142,5.337725559305142
DCA,TPA,DCA-TPA,12,3,0,8,157.0,814.0,191.0,157.0,149.01488421300238,-7.985115786997625,41.985115786997625,41.985115786997625
TPA,DCA,TPA-DCA,12,3,0,11,132.0,814.0,131.0,132.0,129.53181506686036,-2.4681849331396393,1.4681849331396393,1.4681849331396393
ORD,DCA,ORD-DCA,12,3,0,16,110.0,612.0,107.0,110.0,110.16485864222848,0.1648586422284808,-3.164858642228481,3.164858642228481
CLT,RIC,CLT-RIC,12,3,0,11,80.0,257.0,63.0,80.0,74.02903977248882,-5.970960227511185,-11.029039772488815,11.029039772488815
RIC,CLT,RIC-CLT,12,3,0,13,81.0,257.0,69.0,81.0,75.06796892875805,-5.932031071241951,-6.067968928758049,6.067968928758049
DFW,RIC,DFW-RIC,12,3,0,10,179.0,1158.0,147.0,179.0,164.27835993719492,-14.72164006280508,-17.27835993719492,17.27835993719492
RIC,DFW,RIC-DFW,12,3,0,15,214.0,1158.0,204.0,214.0,214.72917147645435,0.7291714764543542,-10.729171476454354,10.729171476454354
DCA,MIA,DCA-MIA,12,3,0,6,175.0,919.0,167.0,175.0,163.67052139073962,-11.329478609260377,3.329478609260377,3.329478609260377
DCA,DFW,DCA-DFW,12,3,0,14,223.0,1192.0,190.0,223.0,213.73526210719896,-9.264737892801037,-23.735262107198963,23.735262107198963
DFW,DCA,DFW-DCA,12,3,0,9,174.0,1192.0,160.0,174.0,168.54052891241426,-5.45947108758574,-8.54052891241426,8.54052891241426
MIA,DCA,MIA-DCA,12,3,0,21,156.0,919.0,154.0,156.0,151.56126386002572,-4.4387361399742815,2.4387361399742815,2.4387361399742815
MIA,DCA,MIA-DCA,12,3,0,22,164.0,919.0,143.0,164.0,157.67668648847777,-6.32331351152223,-14.67668648847777,14.67668648847777
DCA,MIA,DCA-MIA,12,3,0,5,170.0,919.0,153.0,170.0,159.40481931464328,-10.595180685356723,-6.404819314643277,6.404819314643277
DCA,MIA,DCA-MIA,12,3,0,19,165.0,919.0,152.0,165.0,161.67377528807123,-3.3262247119287736,-9.673775288071226,9.673775288071226
MIA,DCA,MIA-DCA,12,3,0,15,150.0,919.0,152.0,150.0,149.53161521401,-0.468384785989997,2.468384785989997,2.468384785989997
DCA,MCO,DCA-MCO,12,3,0,6,150.0,759.0,135.0,150.0,146.16234234822207,-3.8376576517779313,-11.162342348222069,11.162342348222069
MIA,DCA,MIA-DCA,12,3,0,18,161.0,919.0,165.0,161.0,154.8923711766706,-6.1076288233294065,10.107628823329406,10.107628823329406
DFW,DCA,DFW-DCA,12,3,0,5,168.0,1192.0,165.0,168.0,164.1872621919691,-3.812737808030903,0.8127378080309029,0.8127378080309029
DCA,DFW,DCA-DFW,12,3,0,10,219.0,1192.0,187.0,219.0,210.36014196234072,-8.63985803765928,-23.36014196234072,23.36014196234072
MCO,DCA,MCO-DCA,12,3,0,21,126.0,759.0,118.0,126.0,120.68455534141144,-5.315444658588561,-2.684555341411439,2.684555341411439
DCA,MIA,DCA-MIA,12,3,0,18,175.0,919.0,176.0,175.0,165.66904263226263,-9.33095736773737,10.33095736773737,10.33095736773737
MIA,DCA,MIA-DCA,12,3,0,14,154.0,919.0,154.0,154.0,149.96053291056137,-4.039467089438631,4.039467089438631,4.039467089438631
LAS,DCA,LAS-DCA,12,3,0,13,267.0,2089.0,257.0,267.0,254.97798255165205,-12.022017448347952,2.0220174483479525,2.0220174483479525
DCA,PHX,DCA-PHX,12,3,0,10,309.0,1979.0,283.0,309.0,294.2226519038733,-14.777348096126673,-11.222651903873327,11.222651903873327
DCA,PHX,DCA-PHX,12,3,0,7,318.0,1979.0,296.0,318.0,307.0005857543065,-10.999414245693515,-11.000585754306485,11.000585754306485
PHX,DCA,PHX-DCA,12,3,0,9,254.0,1979.0,250.0,254.0,246.6566354615352,-7.343364538464812,3.3433645384648116,3.3433645384648116
DCA,LAS,DCA-LAS,12,3,0,7,324.0,2089.0,301.0,324.0,312.44144140590805,-11.558558594091949,-11.441441405908051,11.441441405908051
DCA,LAX,DCA-LAX,12,3,0,16,352.0,2311.0,334.0,352.0,344.9006574722027,-7.099342527797319,-10.900657472202681,10.900657472202681
LAX,DCA,LAX-DCA,12,3,0,8,291.0,2311.0,280.0,291.0,282.95829094352626,-8.041709056473735,-2.958290943526265,2.958290943526265
LAX,DCA,LAX-DCA,12,3,0,12,290.0,2311.0,285.0,290.0,282.1723802309215,-7.827619769078524,2.827619769078524,2.827619769078524
PHX,DCA,PHX-DCA,12,3,0,0,242.0,1979.0,249.0,242.0,236.02696594915557,-5.973034050844433,12.973034050844433,12.973034050844433
DCA,LAX,DCA-LAX,12,3,0,8,366.0,2311.0,353.0,366.0,348.53203597788246,-17.467964022117542,4.467964022117542,4.467964022117542
DCA,DFW,DCA-DFW,12,3,0,6,224.0,1192.0,194.0,224.0,214.26387136377537,-9.736128636224635,-20.263871363775365,20.263871363775365
DFW,RIC,DFW-RIC,12,3,0,18,164.0,1158.0,152.0,164.0,162.1402935285462,-1.8597064714537908,-10.14029352854621,10.14029352854621
RIC,DFW,RIC-DFW,12,3,0,6,218.0,1158.0,212.0,218.0,215.0727450874252,-2.9272549125747958,-3.0727450874252042,3.0727450874252042
CLT,DCA,CLT-DCA,12,3,0,9,88.0,331.0,83.0,88.0,91.72006968227785,3.7200696822778525,-8.720069682277853,8.720069682277853
DCA,PBI,DCA-PBI,12,3,0,14,158.0,857.0,142.0,158.0,149.6060832565773,-8.393916743422693,-7.606083256577307,7.606083256577307
PBI,DCA,PBI-DCA,12,3,0,18,142.0,857.0,137.0,142.0,140.06439650942625,-1.9356034905737545,-3.0643965094262455,3.0643965094262455
CLT,RIC,CLT-RIC,12,3,0,15,68.0,257.0,69.0,68.0,66.13353785978157,-1.866462140218431,2.866462140218431,2.866462140218431
RIC,CLT,RIC-CLT,12,3,0,17,87.0,257.0,67.0,87.0,79.39304064859954,-7.606959351400462,-12.393040648599538,12.393040648599538
CLT,ORF,CLT-ORF,12,3,0,7,70.0,290.0,59.0,70.0,67.28647276105173,-2.7135272389482736,-8.286472761051726,8.286472761051726
ORF,CLT,ORF-CLT,12,3,0,9,86.0,290.0,79.0,86.0,78.72449187463651,-7.275508125363487,0.275508125363487,0.275508125363487
BOS,DCA,BOS-DCA,12,3,0,19,107.0,399.0,92.0,107.0,102.8560839947912,-4.143916005208794,-10.856083994791206,10.856083994791206
DCA,BOS,DCA-BOS,12,3,0,6,92.0,399.0,81.0,92.0,92.90403897860445,0.9040389786044472,-11.904038978604447,11.904038978604447
DCA,BOS,DCA-BOS,12,3,0,11,91.0,399.0,92.0,91.0,94.89860592590834,3.898605925908342,-2.898605925908342,2.898605925908342
BOS,DCA,BOS-DCA,12,3,0,9,101.0,399.0,95.0,101.0,98.42380978065273,-2.576190219347268,-3.423809780652732,3.423809780652732
DCA,MSY,DCA-MSY,12,3,0,7,170.0,969.0,155.0,170.0,161.44829738206363,-8.551702617936371,-6.448297382063629,6.448297382063629
MSY,DCA,MSY-DCA,12,3,0,10,145.0,969.0,142.0,145.0,143.96687169086263,-1.0331283091373678,-1.9668716908626322,1.9668716908626322
DCA,FLL,DCA-FLL,12,3,0,14,159.0,899.0,140.0,159.0,151.29892800458893,-7.70107199541107,-11.29892800458893,11.29892800458893
ORD,DCA,ORD-DCA,12,3,0,21,115.0,612.0,93.0,115.0,108.90469114361316,-6.095308856386836,-15.904691143613164,15.904691143613164
CLT,RIC,CLT-RIC,12,3,0,20,77.0,257.0,57.0,77.0,69.25515610348295,-7.744843896517054,-12.255156103482946,12.255156103482946
DCA,SRQ,DCA-SRQ,12,3,0,9,158.0,851.0,142.0,158.0,149.83821597938604,-8.161784020613965,-7.838215979386035,7.838215979386035
SRQ,DCA,SRQ-DCA,12,3,0,13,144.0,851.0,138.0,144.0,138.65308315435632,-5.346916845643676,-0.6530831543563238,0.6530831543563238
DCA,JAX,DCA-JAX,12,3,0,16,130.0,634.0,114.0,130.0,128.53014974625552,-1.4698502537444824,-14.530149746255518,14.530149746255518
BOS,DCA,BOS-DCA,12,3,0,15,99.0,399.0,92.0,99.0,98.15207780912303,-0.8479221908769716,-6.152077809123028,6.152077809123028
FLL,DCA,FLL-DCA,12,3,0,17,147.0,899.0,144.0,147.0,145.0001622872533,-1.9998377127467108,-1.0001622872532892,1.0001622872532892
DCA,CLT,DCA-CLT,12,3,0,6,95.0,331.0,94.0,95.0,88.16139246624692,-6.838607533753077,5.838607533753077,5.838607533753077
MIA,RIC,MIA-RIC,12,3,0,16,144.0,826.0,141.0,144.0,138.9465712742336,-5.053428725766395,2.053428725766395,2.053428725766395
RIC,MIA,RIC-MIA,12,3,0,19,154.0,826.0,145.0,154.0,148.25564135806272,-5.744358641937282,-3.255641358062718,3.255641358062718
DCA,TPA,DCA-TPA,12,3,0,13,155.0,814.0,133.0,155.0,147.16648836214557,-7.8335116378544285,-14.166488362145572,14.166488362145572
TPA,DCA,TPA-DCA,12,3,0,17,131.0,814.0,128.0,131.0,131.80819204733993,0.8081920473399293,-3.8081920473399293,3.8081920473399293
DCA,RSW,DCA-RSW,12,3,0,6,164.0,892.0,147.0,164.0,156.5682456466321,-7.431754353367893,-9.568245646632107,9.568245646632107
RSW,DCA,RSW-DCA,12,3,0,10,142.0,892.0,139.0,142.0,137.85028203789798,-4.149717962102017,1.1497179621020166,1.1497179621020166
CLT,DCA,CLT-DCA,12,3,0,8,78.0,331.0,87.0,78.0,86.88001227097391,8.880012270973907,0.11998772902609289,0.11998772902609289
DCA,RSW,DCA-RSW,12,3,0,10,168.0,892.0,164.0,168.0,158.410011835622,-9.589988164378013,5.589988164378013,5.589988164378013
RSW,DCA,RSW-DCA,12,3,0,13,143.0,892.0,147.0,143.0,139.45898421531948,-3.541015784680525,7.541015784680525,7.541015784680525
DCA,FLL,DCA-FLL,12,3,0,17,168.0,899.0,144.0,168.0,158.09283080203744,-9.90716919796256,-14.09283080203744,14.09283080203744
FLL,DCA,FLL-DCA,12,3,0,20,148.0,899.0,148.0,148.0,145.81771125170494,-2.182288748295065,2.182288748295065,2.182288748295065
JAX,DCA,JAX-DCA,12,3,0,7,110.0,634.0,127.0,110.0,110.65571283142017,0.6557128314201748,16.344287168579825,16.344287168579825
DCA,FLL,DCA-FLL,12,3,0,10,172.0,899.0,150.0,172.0,158.52247876832647,-13.477521231673535,-8.522478768326465,8.522478768326465
FLL,DCA,FLL-DCA,12,3,0,13,153.0,899.0,155.0,153.0,147.6773123707606,-5.322687629239397,7.322687629239397,7.322687629239397
DCA,BOS,DCA-BOS,12,3,0,18,90.0,399.0,83.0,90.0,93.89542018209922,3.8954201820992154,-10.895420182099215,10.895420182099215
DCA,RSW,DCA-RSW,12,3,0,15,162.0,892.0,130.0,162.0,156.5044392221999,-5.495560777800108,-26.504439222199892,26.504439222199892
RSW,DCA,RSW-DCA,12,3,0,18,138.0,892.0,138.0,138.0,139.1315570468749,1.1315570468748888,-1.1315570468748888,1.1315570468748888
RDU,DCA,RDU-DCA,12,3,0,6,67.0,227.0,63.0,67.0,66.97877241271098,-0.021227587289018857,-3.978772412710981,3.978772412710981
DCA,VPS,DCA-VPS,12,3,0,8,165.0,789.0,168.0,165.0,155.14519998158667,-9.854800018413329,12.854800018413329,12.854800018413329
VPS,DCA,VPS-DCA,12,3,0,10,127.0,789.0,143.0,127.0,125.7967731273188,-1.2032268726811992,17.2032268726812,17.2032268726812
DCA,CLT,DCA-CLT,12,3,0,17,96.0,331.0,81.0,96.0,89.67240298814848,-6.327597011851523,-8.672402988148477,8.672402988148477
BOS,DCA,BOS-DCA,12,3,0,8,104.0,399.0,88.0,104.0,99.57311905979698,-4.42688094020302,-11.57311905979698,11.57311905979698
DCA,PBI,DCA-PBI,12,3,0,10,157.0,857.0,142.0,157.0,148.02066911264856,-8.979330887351438,-6.020669112648562,6.020669112648562
PBI,DCA,PBI-DCA,12,3,0,13,141.0,857.0,144.0,141.0,137.69967939204918,-3.300320607950823,6.300320607950823,6.300320607950823
DCA,PWM,DCA-PWM,12,3,0,15,99.0,482.0,87.0,99.0,95.97843964319763,-3.021560356802368,-8.978439643197632,8.978439643197632
ORD,DCA,ORD-DCA,12,3,0,11,108.0,612.0,100.0,108.0,110.1733770968776,2.1733770968776014,-10.173377096877601,10.173377096877601
DCA,ORD,DCA-ORD,12,3,0,9,134.0,612.0,124.0,134.0,127.15253928526587,-6.847460714734126,-3.152539285265874,3.152539285265874
ORD,DCA,ORD-DCA,12,3,0,6,111.0,612.0,99.0,111.0,113.89164088008359,2.8916408800835853,-14.891640880083585,14.891640880083585
MIA,RIC,MIA-RIC,12,3,0,21,149.0,826.0,157.0,149.0,143.6445117745759,-5.3554882254240965,13.355488225424097,13.355488225424097
CLT,DCA,CLT-DCA,12,3,0,20,85.0,331.0,71.0,85.0,91.11907755112236,6.119077551122359,-20.11907755112236,20.11907755112236
DCA,BOS,DCA-BOS,12,3,0,16,91.0,399.0,84.0,91.0,96.20785468238644,5.20785468238644,-12.20785468238644,12.20785468238644
DCA,MIA,DCA-MIA,12,3,0,8,185.0,919.0,150.0,185.0,167.51491088174348,-17.485089118256525,-17.514910881743475,17.514910881743475
DCA,DFW,DCA-DFW,12,3,0,7,219.0,1192.0,183.0,219.0,212.0120854519226,-6.987914548077413,-29.012085451922587,29.012085451922587
DCA,ORD,DCA-ORD,12,3,0,7,145.0,612.0,127.0,145.0,139.59517160231022,-5.4048283976897835,-12.595171602310216,12.595171602310216
DFW,DCA,DFW-DCA,12,3,0,12,173.0,1192.0,171.0,173.0,168.1429102662477,-4.857089733752304,2.8570897337523036,2.8570897337523036
DCA,MCO,DCA-MCO,12,3,0,17,156.0,759.0,137.0,156.0,151.89733697497752,-4.10266302502248,-14.89733697497752,14.89733697497752
DCA,BOS,DCA-BOS,12,3,0,14,89.0,399.0,81.0,89.0,92.1551090732289,3.1551090732288998,-11.1551090732289,11.1551090732289
DCA,PBI,DCA-PBI,12,3,0,7,158.0,857.0,142.0,158.0,149.12803547985715,-8.871964520142853,-7.128035479857147,7.128035479857147
PBI,DCA,PBI-DCA,12,3,0,11,142.0,857.0,134.0,142.0,137.71740105453057,-4.282598945469431,-3.717401054530569,3.717401054530569
IAD,DFW,IAD-DFW,12,3,0,6,221.0,1172.0,188.0,221.0,203.8045449503814,-17.1954550496186,-15.804544950381398,15.804544950381398
DCA,DFW,DCA-DFW,12,3,0,8,227.0,1192.0,199.0,227.0,214.41580743494615,-12.584192565053854,-15.415807434946146,15.415807434946146
CLT,RIC,CLT-RIC,12,3,0,18,74.0,257.0,56.0,74.0,70.15336077635025,-3.8466392236497455,-14.153360776350254,14.153360776350254
MCO,DCA,MCO-DCA,12,3,0,7,139.0,759.0,129.0,139.0,135.8600254679945,-3.1399745320055104,-6.86002546799449,6.86002546799449
DCA,CLT,DCA-CLT,12,3,0,10,98.0,331.0,85.0,98.0,89.60239362927007,-8.397606370729932,-4.602393629270068,4.602393629270068
DCA,MIA,DCA-MIA,12,3,0,14,175.0,919.0,157.0,175.0,164.34854712255589,-10.651452877444115,-7.348547122555885,7.348547122555885
DCA,MCO,DCA-MCO,12,3,0,8,160.0,759.0,149.0,160.0,152.2814126661664,-7.718587333833597,-3.2814126661664034,3.2814126661664034
MCO,DCA,MCO-DCA,12,3,0,11,128.0,759.0,126.0,128.0,126.38579272460696,-1.614207275393042,-0.3857927246069579,0.3857927246069579
CLT,DCA,CLT-DCA,12,3,0,19,78.0,331.0,80.0,78.0,83.53610902663266,5.5361090266326585,-3.5361090266326585,3.5361090266326585
DCA,CLT,DCA-CLT,12,3,0,5,93.0,331.0,78.0,93.0,83.35099791486975,-9.649002085130249,-5.350997914869751,5.350997914869751
RIC,MIA,RIC-MIA,12,3,0,5,157.0,826.0,131.0,157.0,147.65787469288756,-9.34212530711244,-16.65787469288756,16.65787469288756
RIC,CLT,RIC-CLT,12,3,0,5,75.0,257.0,80.0,75.0,66.74435130329655,-8.255648696703446,13.255648696703446,13.255648696703446
MIA,DCA,MIA-DCA,12,3,0,9,165.0,919.0,179.0,165.0,157.35184038518346,-7.648159614816535,21.648159614816535,21.648159614816535
CLT,DCA,CLT-DCA,12,3,0,16,80.0,331.0,78.0,80.0,90.11689420729707,10.116894207297065,-12.116894207297065,12.116894207297065
DCA,CLT,DCA-CLT,12,3,0,13,90.0,331.0,84.0,90.0,84.93745507167016,-5.062544928329842,-0.9374550716701577,0.9374550716701577
DCA,MCO,DCA-MCO,12,3,0,15,151.0,759.0,121.0,151.0,147.39649657173294,-3.603503428267061,-26.39649657173294,26.39649657173294
MIA,DCA,MIA-DCA,12,3,0,11,160.0,919.0,151.0,160.0,152.44332487748258,-7.556675122517419,-1.4433248774825813,1.4433248774825813
MCO,DCA,MCO-DCA,12,3,0,19,129.0,759.0,128.0,129.0,128.86743913478247,-0.13256086521752763,-0.8674391347824724,0.8674391347824724
ORF,DFW,ORF-DFW,12,3,0,6,225.0,1212.0,226.0,225.0,215.8025382332132,-9.197461766786802,10.197461766786802,10.197461766786802
TPA,DCA,TPA-DCA,12,3,0,13,131.0,814.0,137.0,131.0,130.46749716668612,-0.5325028333138846,6.532502833313885,6.532502833313885
DCA,DFW,DCA-DFW,12,3,0,17,219.0,1192.0,195.0,219.0,212.8173537109444,-6.1826462890556115,-17.81735371094439,17.81735371094439
MIA,DCA,MIA-DCA,12,3,0,6,148.0,919.0,140.0,148.0,147.66586765709923,-0.334132342900773,-7.665867657099227,7.665867657099227
DCA,TPA,DCA-TPA,12,3,0,10,164.0,814.0,147.0,164.0,154.27418618155608,-9.725813818443925,-7.274186181556075,7.274186181556075
MCO,DCA,MCO-DCA,12,3,0,15,130.0,759.0,145.0,130.0,130.5914619955283,0.5914619955283058,14.408538004471694,14.408538004471694
DCA,ORD,DCA-ORD,12,3,0,19,139.0,612.0,149.0,139.0,135.8382527672968,-3.161747232703192,13.161747232703192,13.161747232703192
CLT,DCA,CLT-DCA,12,3,0,13,79.0,331.0,78.0,79.0,88.87167365936624,9.871673659366238,-10.871673659366238,10.871673659366238
DCA,ORD,DCA-ORD,12,3,0,15,142.0,612.0,160.0,142.0,136.6936914360013,-5.306308563998698,23.306308563998698,23.306308563998698
DFW,ORF,DFW-ORF,12,3,0,10,184.0,1212.0,166.0,184.0,171.67070380247551,-12.329296197524485,-5.670703802475515,5.670703802475515
ORF,DFW,ORF-DFW,12,3,0,15,224.0,1212.0,231.0,224.0,216.5549478548973,-7.445052145102693,14.445052145102693,14.445052145102693
ORF,MIA,ORF-MIA,12,3,0,5,150.0,802.0,126.0,150.0,141.34347458465766,-8.656525415342344,-15.343474584657656,15.343474584657656
DFW,ORF,DFW-ORF,12,3,0,18,176.0,1212.0,174.0,176.0,170.33828250288948,-5.661717497110516,3.6617174971105158,3.6617174971105158
MIA,ORF,MIA-ORF,12,3,0,22,141.0,802.0,126.0,141.0,132.02679726035396,-8.973202739646041,-6.026797260353959,6.026797260353959
DFW,IAD,DFW-IAD,12,3,0,13,168.0,1172.0,164.0,168.0,163.50828236263317,-4.491717637366833,0.4917176373668326,0.4917176373668326
DCA,DFW,DCA-DFW,12,3,0,13,219.0,1192.0,190.0,219.0,211.50676422883893,-7.493235771161068,-21.506764228838932,21.506764228838932
DFW,DCA,DFW-DCA,12,3,0,8,173.0,1192.0,165.0,173.0,168.09347050689672,-4.906529493103278,-3.093470506896722,3.093470506896722
CLT,RIC,CLT-RIC,12,3,0,7,71.0,257.0,60.0,71.0,67.25078607435552,-3.749213925644483,-7.250786074355517,7.250786074355517
RIC,CLT,RIC-CLT,12,3,0,9,83.0,257.0,69.0,83.0,76.30136135400883,-6.698638645991167,-7.301361354008833,7.301361354008833
DCA,MCO,DCA-MCO,12,3,0,11,154.0,759.0,148.0,154.0,147.67727443815468,-6.322725561845317,0.3227255618453171,0.3227255618453171
DFW,DCA,DFW-DCA,12,3,0,7,169.0,1192.0,170.0,169.0,164.3956626457213,-4.604337354278698,5.604337354278698,5.604337354278698
MIA,DCA,MIA-DCA,12,3,0,8,150.0,919.0,149.0,150.0,148.02275137279725,-1.977248627202755,0.977248627202755,0.977248627202755
DCA,DFW,DCA-DFW,12,3,0,11,216.0,1192.0,199.0,216.0,210.2189576125408,-5.781042387459195,-11.218957612540805,11.218957612540805
MIA,DCA,MIA-DCA,12,3,0,17,156.0,919.0,159.0,156.0,153.82540043285647,-2.174599567143531,5.174599567143531,5.174599567143531
DCA,MIA,DCA-MIA,12,3,0,9,174.0,919.0,160.0,174.0,162.78912565755456,-11.210874342445436,-2.789125657554564,2.789125657554564
BOS,DCA,BOS-DCA,12,3,0,7,107.0,399.0,96.0,107.0,102.10710811995517,-4.892891880044829,-6.107108119955171,6.107108119955171
RIC,CLT,RIC-CLT,12,3,0,6,88.0,257.0,85.0,88.0,77.12690360266517,-10.873096397334834,7.873096397334834,7.873096397334834
DCA,MIA,DCA-MIA,12,3,0,7,180.0,919.0,155.0,180.0,166.04965007437542,-13.950349925624579,-11.049650074375421,11.049650074375421
DCA,MIA,DCA-MIA,12,3,0,17,184.0,919.0,181.0,184.0,169.16673487201803,-14.833265127981974,11.833265127981974,11.833265127981974
ORD,DCA,ORD-DCA,12,3,0,13,111.0,612.0,101.0,111.0,113.87134849393904,2.8713484939390383,-12.871348493939038,12.871348493939038
DFW,DCA,DFW-DCA,12,3,0,19,170.0,1192.0,166.0,170.0,167.75860965900708,-2.241390340992922,-1.758609659007078,1.758609659007078
DFW,DCA,DFW-DCA,12,3,0,17,164.0,1192.0,168.0,164.0,165.98605283740704,1.986052837407044,2.013947162592956,2.013947162592956
DCA,MIA,DCA-MIA,12,3,0,19,177.0,919.0,152.0,177.0,163.87478322455183,-13.125216775448166,-11.874783224551834,11.874783224551834
DFW,DCA,DFW-DCA,12,3,0,14,167.0,1192.0,159.0,167.0,164.61740156516717,-2.382598434832829,-5.617401565167171,5.617401565167171
